CustomerID,TotalSpent,NumOrders,AvgBasketSize,Country,Recency,Frequency,Monetary,HighValueCustomer,CustomerSegment
12345.0,70478.815,20,53.83139534883721,United Kingdom,5,0.8992614475627769,70478.815,1,Gold
12346.0,47045.259999999995,12,54.70238095238095,United Kingdom,30,0.5356011730205279,47045.259999999995,0,Silver
12347.0,49909.0675,11,56.91558441558441,United Kingdom,20,0.5618120805369128,49909.0675,0,Gold
12350.0,29937.42,9,54.898305084745765,United Kingdom,20,0.4596644295302013,29937.42,0,Bronze
12352.0,37173.1625,11,54.7027027027027,United Kingdom,41,0.49532544378698223,37173.1625,0,Silver
12354.0,56037.9375,12,53.292929292929294,United Kingdom,20,0.5517824773413897,56037.9375,1,Gold
12355.0,26585.329999999998,7,51.5948275862069,United Kingdom,59,0.5353768844221106,26585.329999999998,0,Bronze
12356.0,20016.985,8,54.75961538461539,United Kingdom,125,0.5676456876456877,20016.985,0,Bronze
12357.0,66964.9025,15,55.50406504065041,United Kingdom,16,0.6513552068473609,66964.9025,1,Gold
12358.0,45300.479999999996,10,61.41558441558441,United Kingdom,47,0.6435517970401692,45300.479999999996,0,Silver
12363.0,40162.615,12,60.858024691358025,United Kingdom,12,0.5761514195583597,40162.615,0,Silver
12364.0,74028.2775,14,55.40625,United Kingdom,12,0.7790859232175503,74028.2775,1,Gold
12367.0,32324.705,8,55.90151515151515,United Kingdom,10,0.5399556541019955,32324.705,0,Bronze
12369.0,15629.235,7,57.91489361702128,United Kingdom,20,0.3189820359281437,15629.235,0,Bronze
12371.0,36259.77,8,65.7536231884058,United Kingdom,4,0.44357012750455377,36259.77,0,Silver
12373.0,34859.4075,8,60.30597014925373,United Kingdom,163,0.4242508710801394,34859.4075,0,Bronze
12374.0,38959.2,12,48.62376237623762,USA,33,0.5188636363636364,38959.2,0,Silver
12375.0,49845.74,10,58.34756097560975,United Kingdom,32,0.4998357963875205,49845.74,0,Gold
12376.0,23831.335,5,61.80952380952381,USA,38,0.3853164556962026,23831.335,0,Bronze
12378.0,43739.795,10,56.135802469135804,United Kingdom,2,0.4563718140929536,43739.795,0,Silver
12379.0,42111.042499999996,9,55.63855421686747,Germany,11,0.37631868131868135,42111.042499999996,0,Silver
12380.0,36720.229999999996,7,54.291666666666664,United Kingdom,63,0.38883211678832114,36720.229999999996,0,Silver
12381.0,31223.719999999998,10,52.19277108433735,Netherlands,69,0.4605143721633888,31223.719999999998,0,Bronze
12383.0,33767.84,10,52.22727272727273,United Kingdom,87,0.48626198083067096,33767.84,0,Bronze
12384.0,49043.165,13,53.49519230769231,United Kingdom,94,0.6424025974025974,49043.165,0,Gold
12388.0,21747.095,6,48.470588235294116,United Kingdom,8,0.2784146341463415,21747.095,0,Bronze
12389.0,40881.7875,10,55.43589743589744,United Kingdom,154,0.6660831509846827,40881.7875,0,Silver
12390.0,47965.895,12,54.271844660194176,United Kingdom,40,0.73056,47965.895,0,Silver
12391.0,71770.3625,10,62.63068181818182,United Kingdom,7,0.48471337579617835,71770.3625,1,Gold
12393.0,31977.5025,6,59.619565217391305,Spain,53,0.26780058651026395,31977.5025,0,Bronze
12398.0,27611.805,7,56.04838709677419,United Kingdom,27,0.4662582056892779,27611.805,0,Bronze
12399.0,36026.1575,8,63.61971830985915,United Kingdom,45,0.3549854227405248,36026.1575,0,Silver
12401.0,32678.4325,10,55.173611111111114,United Kingdom,60,0.46544342507645264,32678.4325,0,Bronze
12403.0,23814.565,8,57.706896551724135,Germany,125,0.7058550724637682,23814.565,0,Bronze
12404.0,21463.43,6,51.883720930232556,United Kingdom,65,0.2721907600596125,21463.43,0,Bronze
12406.0,80032.26999999999,15,66.96610169491525,United Kingdom,3,0.6458274398868459,80032.26999999999,1,Gold
12408.0,53023.002499999995,12,59.56666666666667,United Kingdom,16,0.6212244897959184,53023.002499999995,1,Gold
12409.0,36740.13,11,63.21590909090909,United Kingdom,29,0.5400645161290323,36740.13,0,Silver
12412.0,48551.2675,11,56.729166666666664,United Kingdom,29,0.47293785310734465,48551.2675,0,Silver
12414.0,51410.3575,15,58.38785046728972,United Kingdom,17,0.7090062111801242,51410.3575,0,Gold
12415.0,26563.51,8,62.02238805970149,United Kingdom,43,0.3560233918128655,26563.51,0,Bronze
12417.0,32701.93,9,53.007936507936506,United Kingdom,34,0.5159322033898305,32701.93,0,Bronze
12418.0,54299.0525,13,62.526041666666664,United Kingdom,21,0.5941741741741743,54299.0525,1,Gold
12419.0,32116.16,10,50.872093023255815,United Kingdom,219,0.5887814313346229,32116.16,0,Bronze
12421.0,41567.04,11,61.701219512195124,United Kingdom,8,0.5665651438240271,41567.04,0,Silver
12422.0,54560.064999999995,9,61.9390243902439,Spain,36,0.6814925373134328,54560.064999999995,1,Gold
12423.0,42853.7575,9,61.07236842105263,United Kingdom,69,0.4157207890743551,42853.7575,0,Silver
12426.0,62972.0925,15,60.11231884057971,United Kingdom,15,0.6403927068723703,62972.0925,1,Gold
12427.0,36402.02,10,58.05263157894737,United Kingdom,15,0.4210235131396957,36402.02,0,Silver
12429.0,70797.45,19,57.05223880597015,France,9,0.8568296296296297,70797.45,1,Gold
12432.0,63780.04749999999,11,60.13,Switzerland,3,0.4549456521739131,63780.04749999999,1,Gold
12434.0,22496.52,8,52.919117647058826,USA,50,0.3883891547049442,22496.52,0,Bronze
12435.0,47674.685,10,63.43125,United Kingdom,7,0.6408421052631579,47674.685,0,Silver
12436.0,24909.329999999998,8,52.34166666666667,Spain,68,0.49799591002044996,24909.329999999998,0,Bronze
12437.0,31782.975,6,55.8125,United Kingdom,63,0.3927741935483871,31782.975,0,Bronze
12440.0,45315.445,10,60.38125,United Kingdom,45,0.44179970972423804,45315.445,0,Silver
12446.0,39914.205,11,53.752941176470586,Germany,7,0.5874385964912281,39914.205,0,Silver
12449.0,46170.759999999995,15,56.679245283018865,United Kingdom,45,0.7035439137134052,46170.759999999995,0,Silver
12450.0,31118.05,8,56.40714285714286,United Kingdom,1,0.3354269972451791,31118.05,0,Bronze
12451.0,47575.96,13,57.58910891089109,United Kingdom,21,0.55268156424581,47575.96,0,Silver
12454.0,56080.965,11,57.52717391304348,United Kingdom,154,0.5936879432624114,56080.965,1,Gold
12455.0,33166.915,9,55.04320987654321,United Kingdom,49,0.43348101265822786,33166.915,0,Bronze
12456.0,25274.23,8,46.98412698412698,United Kingdom,74,0.39151125401929265,25274.23,0,Bronze
12458.0,30250.079999999998,6,66.4090909090909,United Kingdom,20,0.3595275590551181,30250.079999999998,0,Bronze
12462.0,27100.87,7,47.595238095238095,United Kingdom,3,0.4622125813449024,27100.87,0,Bronze
12463.0,37138.295,11,52.138888888888886,France,17,0.6341666666666667,37138.295,0,Silver
12464.0,8409.985,3,51.578125,United Kingdom,21,0.16879852125693162,8409.985,0,Bronze
12465.0,54180.435,14,55.3716814159292,United Kingdom,3,0.5918888888888889,54180.435,1,Gold
12466.0,41015.345,9,58.00617283950617,United Kingdom,28,0.7042673521850901,41015.345,0,Silver
12470.0,37019.0675,11,58.36904761904762,France,64,0.5366025641025641,37019.0675,0,Silver
12471.0,23276.212499999998,5,54.54054054054054,Spain,73,0.268904593639576,23276.212499999998,0,Bronze
12472.0,32817.4225,12,53.67058823529412,United Kingdom,9,0.5010699588477366,32817.4225,0,Bronze
12473.0,58784.002499999995,15,53.37826086956522,United Kingdom,13,0.7101088646967341,58784.002499999995,1,Gold
12475.0,23756.295,8,50.11206896551724,United Kingdom,2,0.3602366863905325,23756.295,0,Bronze
12478.0,61833.017499999994,12,67.04128440366972,United Kingdom,28,0.7233267326732674,61833.017499999994,1,Gold
12479.0,16151.76,5,60.63414634146341,United Kingdom,58,0.3323144104803494,16151.76,0,Bronze
12481.0,28732.3975,7,58.48245614035088,United Kingdom,33,0.31106569343065693,28732.3975,0,Bronze
12482.0,77455.455,19,55.826388888888886,USA,19,0.8309770114942528,77455.455,1,Gold
12483.0,28152.77,9,51.833333333333336,United Kingdom,4,0.3815598885793872,28152.77,0,Bronze
12486.0,34588.055,11,51.773809523809526,United Kingdom,10,0.5306497622820919,34588.055,0,Bronze
12487.0,59667.84,15,51.01239669421488,United Kingdom,30,0.8212230215827337,59667.84,1,Gold
12489.0,45354.4975,10,65.49305555555556,United Kingdom,17,0.5349736379613358,45354.4975,0,Silver
12490.0,35507.225,10,58.166666666666664,France,8,0.42573426573426576,35507.225,0,Silver
12493.0,20125.575,5,52.69736842105263,United Kingdom,114,0.5494584837545127,20125.575,0,Bronze
12494.0,55740.759999999995,11,57.81521739130435,United Kingdom,1,0.5833449477351916,55740.759999999995,1,Gold
12496.0,45705.097499999996,12,54.31382978723404,France,31,0.5255827338129496,45705.097499999996,0,Silver
12497.0,35856.99,11,53.359550561797754,United Kingdom,30,0.5348881789137381,35856.99,0,Silver
12498.0,16195.985,6,56.62765957446808,United Kingdom,88,0.3296750902527076,16195.985,0,Bronze
12500.0,32149.79,8,66.1875,United Kingdom,5,0.7017867435158502,32149.79,0,Bronze
12502.0,59661.395,12,55.56701030927835,United Kingdom,29,0.5988196721311476,59661.395,1,Gold
12503.0,44883.0475,11,55.16842105263158,United Kingdom,87,0.7786976744186047,44883.0475,0,Silver
12505.0,26645.715,7,46.77,United Kingdom,72,0.3238297872340426,26645.715,0,Bronze
12506.0,24664.04,5,64.3076923076923,United Kingdom,96,0.5159322033898306,24664.04,0,Bronze
12507.0,59865.055,17,55.11742424242424,United Kingdom,18,0.9240714285714285,59865.055,1,Gold
12508.0,57241.2975,12,58.84848484848485,United Kingdom,107,0.6027722772277229,57241.2975,1,Gold
12509.0,27209.269999999997,10,52.38513513513514,United Kingdom,26,0.42994350282485877,27209.269999999997,0,Bronze
12510.0,32228.675,10,54.892405063291136,United Kingdom,6,0.52573402417962,32228.675,0,Bronze
12512.0,53745.175,12,58.916666666666664,Spain,24,0.5891612903225807,53745.175,1,Gold
12513.0,24874.12,7,49.16379310344828,United Kingdom,100,0.3636177474402731,24874.12,0,Bronze
12514.0,46625.4125,10,56.18817204301075,United Kingdom,28,0.4675883256528418,46625.4125,0,Silver
12515.0,52491.56,13,57.05882352941177,United Kingdom,21,0.5557865168539325,52491.56,0,Gold
12517.0,52845.2825,10,62.13291139240506,United Kingdom,39,0.4981996726677578,52845.2825,1,Gold
12518.0,32154.942499999997,8,53.917910447761194,United Kingdom,156,0.42499127399650966,32154.942499999997,0,Bronze
12519.0,39736.67,11,58.05555555555556,United Kingdom,12,0.5646543001686342,39736.67,0,Silver
12520.0,33108.409999999996,10,60.054794520547944,United Kingdom,29,0.4293370944992948,33108.409999999996,0,Bronze
12521.0,27428.37,7,54.59375,United Kingdom,153,0.47141592920353986,27428.37,0,Bronze
12525.0,53915.784999999996,14,58.910377358490564,United Kingdom,14,0.6036260623229462,53915.784999999996,1,Gold
12526.0,14926.705,4,50.7,United Kingdom,179,0.22548148148148148,14926.705,0,Bronze
12527.0,35922.6225,8,59.99315068493151,United Kingdom,45,0.4065442404006678,35922.6225,0,Silver
12530.0,26502.5775,7,48.785714285714285,USA,9,0.2975977653631285,26502.5775,0,Bronze
12531.0,86969.9475,19,53.66566265060241,United Kingdom,34,0.8723378582202113,86969.9475,1,Gold
12532.0,13808.18,5,51.6025641025641,United Kingdom,50,0.3184100418410042,13808.18,0,Bronze
12534.0,17947.12,6,52.98888888888889,United Kingdom,33,0.28141756548536206,17947.12,0,Bronze
12535.0,31291.765,7,59.8359375,United Kingdom,5,0.3115204678362573,31291.765,0,Bronze
12537.0,33974.985,8,64.01639344262296,United Kingdom,45,0.3607703703703704,33974.985,0,Bronze
12538.0,53331.454999999994,13,57.614583333333336,United Kingdom,4,0.5503755215577191,53331.454999999994,1,Gold
12539.0,61158.625,11,68.3313953488372,Spain,57,0.5035187969924811,61158.625,1,Gold
12540.0,33175.52,8,55.34931506849315,United Kingdom,17,0.5411555555555556,33175.52,0,Bronze
12542.0,72492.755,17,60.97744360902256,United Kingdom,24,0.7521511627906977,72492.755,1,Gold
12543.0,41816.015,13,53.41891891891892,United Kingdom,4,0.5597171145685997,41816.015,0,Silver
12544.0,49078.18,11,51.52105263157895,United Kingdom,57,0.5374638844301766,49078.18,0,Gold
12546.0,62018.479999999996,12,59.655913978494624,United Kingdom,5,0.5159322033898305,62018.479999999996,1,Gold
12547.0,30253.1675,7,55.0377358490566,United Kingdom,98,0.3329375,30253.1675,0,Bronze
12548.0,39085.284999999996,8,61.48412698412698,United Kingdom,29,0.4427636363636364,39085.284999999996,0,Silver
12549.0,61126.407499999994,13,59.93043478260869,United Kingdom,2,0.5473305670816044,61126.407499999994,1,Gold
12550.0,48897.275,11,60.51648351648352,Germany,1,0.525651491365777,48897.275,0,Silver
12551.0,16497.725,7,59.47,United Kingdom,96,0.34202247191011237,16497.725,0,Bronze
12552.0,53041.58,13,52.21296296296296,Belgium,2,0.5383945578231293,53041.58,1,Gold
12553.0,29301.55,8,53.015151515151516,USA,5,0.4106576728499157,29301.55,0,Bronze
12554.0,41882.3525,9,56.273972602739725,Netherlands,8,0.48834224598930487,41882.3525,0,Silver
12555.0,58996.377499999995,16,52.74045801526717,Switzerland,9,0.6755062413314841,58996.377499999995,1,Gold
12556.0,53745.862499999996,11,56.79545454545455,United Kingdom,88,0.601149012567325,53745.862499999996,1,Gold
12559.0,29719.0725,8,61.53521126760563,United Kingdom,3,0.34202247191011237,29719.0725,0,Bronze
12560.0,50881.735,13,52.90659340659341,United Kingdom,4,0.616386292834891,50881.735,0,Gold
12563.0,49698.009999999995,12,57.75,United Kingdom,18,0.5101675977653631,49698.009999999995,0,Gold
12565.0,35924.252499999995,9,49.573170731707314,United Kingdom,40,0.44837970540098204,35924.252499999995,0,Silver
12566.0,50216.104999999996,14,58.138888888888886,United Kingdom,2,0.6019209039548022,50216.104999999996,0,Gold
12567.0,47346.972499999996,14,55.3034188034188,United Kingdom,15,0.6027722772277229,47346.972499999996,0,Silver
12568.0,58975.6,17,58.481751824817515,United Kingdom,5,0.853927392739274,58975.6,1,Gold
12572.0,25884.059999999998,10,57.548611111111114,Netherlands,75,0.46902927580893683,25884.059999999998,0,Bronze
12573.0,39255.1525,10,50.151162790697676,United Kingdom,24,0.43361823361823365,39255.1525,0,Silver
12576.0,43345.17,13,51.44505494505494,United Kingdom,2,0.8261377870563674,43345.17,0,Silver
12577.0,69317.6975,12,55.55670103092783,United Kingdom,33,0.5255827338129496,69317.6975,1,Gold
12583.0,41738.585,9,56.432432432432435,United Kingdom,6,0.3805,41738.585,0,Silver
12584.0,57590.509999999995,12,57.11504424778761,United Kingdom,25,0.5240746054519368,57590.509999999995,1,Gold
12586.0,30725.94,11,51.945205479452056,United Kingdom,56,0.5027627627627628,30725.94,0,Bronze
12590.0,43298.7025,11,59.33974358974359,United Kingdom,27,0.4938643067846608,43298.7025,0,Silver
12591.0,45739.5775,13,60.05769230769231,United Kingdom,35,0.5776934306569343,45739.5775,0,Silver
12592.0,45239.377499999995,11,59.42857142857143,United Kingdom,56,0.6552641878669276,45239.377499999995,0,Silver
12594.0,39182.9975,7,60.36923076923077,Switzerland,8,0.3938632162661738,39182.9975,0,Silver
12596.0,72141.9525,19,60.60236220472441,United Kingdom,7,0.8134458509142054,72141.9525,1,Gold
12599.0,26174.59,7,52.49166666666667,United Kingdom,79,0.32832049306625577,26174.59,0,Bronze
12601.0,47699.159999999996,13,52.735,United Kingdom,21,0.5661230329041488,47699.159999999996,0,Silver
12602.0,43495.635,10,60.86486486486486,United Kingdom,36,0.4941558441558442,43495.635,0,Silver
12604.0,20839.4325,6,53.98684210526316,United Kingdom,132,0.3961822125813449,20839.4325,0,Bronze
12605.0,24605.6825,8,52.02040816326531,United Kingdom,37,0.389632,24605.6825,0,Bronze
12606.0,103798.915,23,54.786096256684495,United Kingdom,17,0.9846976090014066,103798.915,1,Gold
12607.0,56694.8725,11,57.09473684210526,United Kingdom,78,0.5167283950617284,56694.8725,1,Gold
12608.0,43241.715,11,53.36470588235294,Netherlands,144,0.6426871401151633,43241.715,0,Silver
12610.0,39340.4825,8,64.85964912280701,United Kingdom,20,0.33869262865090405,39340.4825,0,Silver
12611.0,33455.375,9,57.270833333333336,United Kingdom,14,0.4892142857142857,33455.375,0,Bronze
12612.0,18612.52,7,50.741379310344826,United Kingdom,85,0.34647154471544717,18612.52,0,Bronze
12613.0,49266.2975,12,52.73737373737374,United Kingdom,22,0.640842105263158,49266.2975,0,Gold
12615.0,43674.659999999996,14,56.85344827586207,Spain,37,0.6276288659793815,43674.659999999996,0,Silver
12616.0,30121.835,8,52.71052631578947,United Kingdom,83,0.3799063962558502,30121.835,0,Bronze
12617.0,40685.765,10,63.095238095238095,United Kingdom,18,0.43361823361823365,40685.765,0,Silver
12621.0,40944.6925,12,60.6,United Kingdom,18,0.5435714285714286,40944.6925,0,Silver
12622.0,56230.08,13,54.73853211009175,United Kingdom,18,0.6497865353037766,56230.08,1,Gold
12623.0,45847.6725,13,59.0,United Kingdom,34,0.7260917431192662,45847.6725,0,Silver
12624.0,74030.66,15,60.509009009009006,Netherlands,25,0.808141592920354,74030.66,1,Gold
12625.0,40826.485,11,52.69871794871795,United Kingdom,24,0.5065658093797276,40826.485,0,Silver
12626.0,44130.135,16,58.01709401709402,United Kingdom,25,0.8268930390492361,44130.135,0,Silver
12627.0,38706.807499999995,8,52.0,United Kingdom,55,0.4803155818540434,38706.807499999995,0,Silver
12629.0,26494.579999999998,8,53.0735294117647,United Kingdom,3,0.43798561151079135,26494.579999999998,0,Bronze
12630.0,56624.78999999999,11,61.23684210526316,United Kingdom,46,0.5104268292682926,56624.78999999999,1,Gold
12631.0,70422.555,16,50.93939393939394,United Kingdom,21,0.6840449438202247,70422.555,1,Gold
12632.0,36775.585,9,61.70289855072464,United Kingdom,44,0.39475504322766575,36775.585,0,Silver
12635.0,47257.345,14,60.446236559139784,United Kingdom,6,0.5985393258426966,47257.345,0,Silver
12636.0,50985.59,13,51.72680412371134,United Kingdom,2,0.5428257887517147,50985.59,0,Gold
12642.0,49432.885,15,56.425619834710744,Germany,1,0.6377094972067039,49432.885,0,Gold
12643.0,35058.14,9,49.25657894736842,United Kingdom,7,0.44045016077170424,35058.14,0,Bronze
12644.0,16782.375,6,67.8586956521739,United Kingdom,32,0.30903553299492387,16782.375,0,Bronze
12645.0,12137.885,3,53.66,United Kingdom,79,0.1398468606431853,12137.885,0,Bronze
12646.0,42047.78,10,55.98717948717949,United Kingdom,67,0.6224948875255625,42047.78,0,Silver
12649.0,66185.265,15,58.05597014925373,United Kingdom,12,0.6306629834254144,66185.265,1,Gold
12650.0,55909.9625,13,63.86818181818182,United Kingdom,21,0.6530033003300331,55909.9625,1,Gold
12651.0,43377.99,11,65.24050632911393,United Kingdom,108,0.5418122977346279,43377.99,0,Silver
12653.0,38019.54,9,54.10344827586207,United Kingdom,71,0.4267289719626169,38019.54,0,Silver
12655.0,46014.252499999995,10,61.60919540229885,United Kingdom,29,0.4305516265912306,46014.252499999995,0,Silver
12656.0,59782.229999999996,15,52.35398230088496,United Kingdom,36,0.6714705882352942,59782.229999999996,1,Gold
12662.0,80389.575,16,54.25,United Kingdom,6,0.6937891737891738,80389.575,1,Gold
12663.0,40468.57,11,59.14673913043478,United Kingdom,38,0.5273070866141732,40468.57,0,Silver
12665.0,49673.595,13,54.575892857142854,United Kingdom,59,0.7260917431192662,49673.595,0,Gold
12667.0,36827.455,12,53.06470588235294,Germany,28,0.5166619519094767,36827.455,0,Silver
12668.0,45956.025,14,53.18333333333333,United Kingdom,51,0.7398611111111111,45956.025,0,Silver
12669.0,39386.4275,11,53.8494623655914,United Kingdom,4,0.6918181818181819,39386.4275,0,Silver
12671.0,54023.255,10,59.85057471264368,United Kingdom,21,0.4251396648044693,54023.255,1,Gold
12672.0,60233.79,16,56.38846153846154,United Kingdom,53,0.7312912912912913,60233.79,1,Gold
12673.0,61888.935,13,50.964285714285715,Germany,3,0.761,61888.935,1,Gold
12676.0,47319.915,11,57.22727272727273,Netherlands,21,0.4689635854341737,47319.915,0,Silver
12677.0,27491.149999999998,7,57.76315789473684,France,23,0.3339811912225706,27491.149999999998,0,Bronze
12678.0,26200.38,7,58.63636363636363,United Kingdom,10,0.5435714285714286,26200.38,0,Bronze
12680.0,37399.7275,11,55.17763157894737,United Kingdom,354,0.8952941176470589,37399.7275,0,Silver
12683.0,23844.837499999998,7,51.75925925925926,United Kingdom,174,0.3853164556962026,23844.837499999998,0,Bronze
12685.0,30733.675,8,59.26229508196721,United Kingdom,141,0.5010699588477366,30733.675,0,Bronze
12687.0,68737.4975,14,58.51219512195122,United Kingdom,74,0.8242940038684721,68737.4975,1,Gold
12688.0,21619.719999999998,7,54.56481481481482,United Kingdom,5,0.31106569343065693,21619.719999999998,0,Bronze
12690.0,36346.505,8,52.736111111111114,United Kingdom,14,0.3483834048640916,36346.505,0,Silver
12692.0,36187.5925,9,60.556451612903224,United Kingdom,5,0.4566,36187.5925,0,Silver
12697.0,32458.18,8,55.26984126984127,United Kingdom,18,0.4018481848184819,32458.18,0,Bronze
12698.0,43883.939999999995,10,61.164556962025316,United Kingdom,2,0.41698630136986303,43883.939999999995,0,Silver
12699.0,28033.0725,8,58.57377049180328,Germany,176,0.46296577946768064,28033.0725,0,Bronze
12701.0,29812.725,6,68.7127659574468,Germany,267,0.5619692307692308,29812.725,0,Bronze
12704.0,12637.7225,2,62.21875,USA,13,0.147409200968523,12637.7225,0,Bronze
12705.0,50958.79,17,57.08571428571429,United Kingdom,40,0.7413753581661892,50958.79,0,Gold
12706.0,42534.7,10,53.55,Spain,30,0.4536512667660209,42534.7,0,Silver
12707.0,43473.924999999996,12,53.48809523809524,United Kingdom,24,0.5435714285714286,43473.924999999996,0,Silver
12709.0,56810.59,16,50.973076923076924,United Kingdom,9,0.6811748251748252,56810.59,1,Gold
12710.0,45682.3325,10,52.73717948717949,United Kingdom,12,0.5732580037664784,45682.3325,0,Silver
12712.0,71512.81,15,63.132,United Kingdom,15,0.6588744588744588,71512.81,1,Gold
12713.0,39671.9025,9,54.32098765432099,United Kingdom,33,0.3958959537572254,39671.9025,0,Silver
12715.0,60296.415,14,56.13247863247863,Netherlands,46,0.6194186046511628,60296.415,1,Gold
12716.0,25208.055,9,45.878571428571426,United Kingdom,5,0.6714705882352942,25208.055,0,Bronze
12717.0,72948.65,19,53.910828025477706,United Kingdom,2,0.8021636615811373,72948.65,1,Gold
12719.0,30321.914999999997,9,53.843283582089555,United Kingdom,57,0.4046676514032496,30321.914999999997,0,Bronze
12720.0,38680.7075,8,62.25373134328358,United Kingdom,39,0.4141496598639456,38680.7075,0,Silver
12721.0,56726.09,14,53.93852459016394,United Kingdom,13,0.5985393258426966,56726.09,1,Gold
12722.0,43979.46,10,57.51807228915663,Germany,157,0.6886877828054299,43979.46,0,Silver
12724.0,37029.09,10,60.83783783783784,United Kingdom,37,0.5090301003344482,37029.09,0,Silver
12725.0,28267.43,9,51.85294117647059,United Kingdom,70,0.4892142857142857,28267.43,0,Bronze
12726.0,63020.97749999999,15,52.89380530973451,Ireland,21,0.7352657004830918,63020.97749999999,1,Gold
12727.0,51198.5925,11,56.2,United Kingdom,2,0.5656081081081081,51198.5925,0,Gold
12728.0,37820.365,9,63.46,United Kingdom,6,0.4176219512195122,37820.365,0,Silver
12729.0,21525.36,6,56.36666666666667,United Kingdom,177,0.3332846715328467,21525.36,0,Bronze
12730.0,33149.2975,10,57.61585365853659,Spain,13,0.4287323943661972,33149.2975,0,Bronze
12731.0,62373.909999999996,15,53.33587786259542,United Kingdom,3,0.6394957983193278,62373.909999999996,1,Gold
12732.0,69957.555,16,59.0948275862069,United Kingdom,28,0.68985835694051,69957.555,1,Gold
12734.0,55586.39,14,59.5,United Kingdom,4,0.5886187845303867,55586.39,1,Gold
12738.0,76042.89499999999,17,55.251773049645394,United Kingdom,1,0.7257784011220196,76042.89499999999,1,Gold
12741.0,46403.814999999995,13,52.569148936170215,Germany,5,0.614472049689441,46403.814999999995,0,Silver
12743.0,35374.02,11,52.82738095238095,United Kingdom,9,0.5753264604810997,35374.02,0,Silver
12744.0,26304.68,9,55.60655737704918,United Kingdom,35,0.3924928366762178,26304.68,0,Bronze
12745.0,33553.54,10,48.696969696969695,France,45,0.5124579124579125,33553.54,0,Bronze
12746.0,40220.265,11,51.05555555555556,USA,27,0.4902489019033675,40220.265,0,Silver
12747.0,57120.314999999995,14,61.345360824742265,United Kingdom,56,0.6466767830045523,57120.314999999995,1,Gold
12748.0,44682.9675,13,54.72935779816514,United Kingdom,12,0.5458206896551724,44682.9675,0,Silver
12749.0,20468.1,6,53.5,United Kingdom,45,0.27506024096385545,20468.1,0,Bronze
12750.0,33664.475,10,56.85526315789474,United Kingdom,15,0.46402439024390246,33664.475,0,Bronze
12753.0,60780.2625,16,53.93333333333333,France,31,0.7068795355587808,60780.2625,1,Gold
12754.0,48451.0875,10,59.7289156626506,United Kingdom,23,0.42692847124824684,48451.0875,0,Silver
12755.0,35568.017499999994,9,59.78472222222222,United Kingdom,43,0.40646884272997036,35568.017499999994,0,Silver
12758.0,44776.58,11,46.861111111111114,United Kingdom,33,0.48881751824817515,44776.58,0,Silver
12759.0,64842.3275,11,55.808411214953274,United Kingdom,26,0.6044043321299639,64842.3275,1,Gold
12762.0,40343.555,9,58.75,United Kingdom,6,0.4163525835866262,40343.555,0,Silver
12764.0,47317.32,11,55.753246753246756,Germany,59,0.5264779874213836,47317.32,0,Silver
12765.0,28114.51,6,64.08333333333333,Netherlands,30,0.33884972170686456,28114.51,0,Bronze
12766.0,33596.844999999994,9,53.929577464788736,United Kingdom,16,0.4362420382165605,33596.844999999994,0,Bronze
12768.0,43056.93,9,62.98701298701299,United Kingdom,13,0.3976197387518142,43056.93,0,Silver
12769.0,55257.015,12,60.742990654205606,United Kingdom,123,0.6088,55257.015,1,Gold
12771.0,27709.88,8,54.71666666666667,United Kingdom,36,0.44036166365280294,27709.88,0,Bronze
12772.0,91390.515,17,64.26838235294117,United Kingdom,20,0.853927392739274,91390.515,1,Gold
12776.0,51174.549999999996,15,52.54761904761905,United Kingdom,31,0.6449152542372881,51174.549999999996,0,Gold
12777.0,32376.79,8,59.701492537313435,United Kingdom,48,0.4038474295190713,32376.79,0,Bronze
12779.0,44214.645,9,57.810810810810814,United Kingdom,13,0.3953246753246753,44214.645,0,Silver
12780.0,46015.4225,10,55.16,Spain,17,0.6603036876355748,46015.4225,0,Silver
12781.0,54177.3725,12,56.94505494505494,United Kingdom,27,0.5542943854324734,54177.3725,1,Gold
12783.0,47280.1225,9,57.9277108433735,Germany,10,0.37839779005524865,47280.1225,0,Silver
12785.0,10662.744999999999,3,54.870370370370374,United Kingdom,89,0.42672897196261683,10662.744999999999,0,Bronze
12787.0,56109.58,14,57.648148148148145,United Kingdom,36,0.761,56109.58,1,Gold
12789.0,49736.43,14,56.42920353982301,United Kingdom,13,0.6096709585121602,49736.43,0,Gold
12792.0,32306.01,11,51.479729729729726,United Kingdom,10,0.5498193760262725,32306.01,0,Bronze
12794.0,36142.167499999996,11,54.27894736842105,United Kingdom,12,0.4689635854341737,36142.167499999996,0,Silver
12795.0,21494.3125,7,54.73148148148148,United Kingdom,115,0.4304646464646465,21494.3125,0,Bronze
12797.0,7323.755,5,54.81944444444444,United Kingdom,29,0.22154294032023292,7323.755,0,Bronze
12798.0,64936.979999999996,14,58.969298245614034,United Kingdom,30,0.6203202328966522,64936.979999999996,1,Gold
12799.0,63867.994999999995,14,59.450980392156865,United Kingdom,5,0.6418072289156627,63867.994999999995,1,Gold
12800.0,31210.629999999997,11,56.973333333333336,United Kingdom,7,0.482478386167147,31210.629999999997,0,Bronze
12803.0,33600.025,10,53.11194029850746,United Kingdom,31,0.44308588064046583,33600.025,0,Bronze
12804.0,24375.0625,6,52.09375,Belgium,17,0.9177889447236182,24375.0625,0,Bronze
12809.0,46250.04,10,56.54375,United Kingdom,8,0.44179970972423804,46250.04,0,Silver
12810.0,40755.57,10,53.775862068965516,Spain,2,1.115018315018315,40755.57,0,Silver
12811.0,53377.347499999996,13,62.543010752688176,United Kingdom,12,0.6341666666666667,53377.347499999996,1,Gold
12812.0,40130.89,12,52.77325581395349,United Kingdom,23,0.5286251808972504,40130.89,0,Silver
12813.0,37193.5325,11,62.03977272727273,United Kingdom,59,0.605497287522604,37193.5325,0,Silver
12814.0,51383.5625,15,57.612,United Kingdom,27,0.6532188841201717,51383.5625,0,Gold
12815.0,36674.43,11,47.43956043956044,United Kingdom,37,0.4783428571428572,36674.43,0,Silver
12816.0,10030.98,3,53.94,United Kingdom,264,0.44546341463414635,10030.98,0,Bronze
12820.0,52263.26,15,61.32142857142857,United Kingdom,47,0.6866165413533835,52263.26,0,Gold
12821.0,57976.267499999994,14,58.325471698113205,United Kingdom,10,0.5902493074792244,57976.267499999994,1,Gold
12826.0,46623.81,10,59.49342105263158,United Kingdom,23,0.52573402417962,46623.81,0,Silver
12827.0,38488.595,9,52.99324324324324,United Kingdom,10,0.44330097087378645,38488.595,0,Silver
12828.0,36056.112499999996,10,57.392857142857146,United Kingdom,86,0.5426024955436721,36056.112499999996,0,Silver
12830.0,54833.805,14,54.351351351351354,Portugal,24,0.7805128205128206,54833.805,1,Gold
12832.0,60908.96,16,58.109375,United Kingdom,66,0.8485017421602788,60908.96,1,Gold
12833.0,35659.945,11,55.46629213483146,United Kingdom,4,0.4709423347398031,35659.945,0,Silver
12834.0,29725.212499999998,7,59.75,United Kingdom,99,0.47351111111111116,29725.212499999998,0,Bronze
12837.0,43777.645,12,54.82105263157895,United Kingdom,22,0.5716431924882629,43777.645,0,Silver
12839.0,65355.865,13,59.08974358974359,United Kingdom,80,0.6173478939157566,65355.865,1,Gold
12840.0,52719.8875,10,57.175257731958766,United Kingdom,43,0.4917609046849758,52719.8875,1,Gold
12841.0,23234.18,6,61.35,USA,14,0.25760225669957687,23234.18,0,Bronze
12842.0,62830.822499999995,14,56.924107142857146,United Kingdom,17,0.592712100139082,62830.822499999995,1,Gold
12843.0,43566.43,10,52.861702127659576,United Kingdom,6,0.5056478405315615,43566.43,0,Silver
12844.0,30994.052499999998,7,62.339622641509436,United Kingdom,4,0.2975977653631285,30994.052499999998,0,Bronze
12846.0,46648.104999999996,8,56.829268292682926,United Kingdom,98,0.47011583011583014,46648.104999999996,0,Silver
12847.0,22964.3625,10,56.42857142857143,United Kingdom,118,0.7013824884792627,22964.3625,0,Bronze
12854.0,49264.597499999996,13,59.45217391304348,United Kingdom,2,0.579385065885798,49264.597499999996,0,Gold
12855.0,70772.86499999999,15,57.148148148148145,Germany,8,0.7364516129032258,70772.86499999999,1,Gold
12856.0,45530.715,11,55.505434782608695,United Kingdom,40,0.7768909512761021,45530.715,0,Silver
12860.0,46999.722499999996,11,60.383720930232556,Germany,7,0.5823304347826087,46999.722499999996,0,Silver
12861.0,50570.8325,11,54.181372549019606,Spain,15,0.4637673130193906,50570.8325,0,Gold
12864.0,30361.532499999998,7,54.922413793103445,Germany,67,0.3194602698650675,30361.532499999998,0,Bronze
12865.0,42762.395,11,56.11875,United Kingdom,26,0.47495035460992907,42762.395,0,Silver
12870.0,47458.08,9,58.30263157894737,United Kingdom,66,0.6781188118811882,47458.08,0,Silver
12871.0,16637.765,5,51.28888888888889,United Kingdom,198,0.3210970464135021,16637.765,0,Bronze
12873.0,40536.222499999996,10,50.298701298701296,United Kingdom,11,0.45981873111782484,40536.222499999996,0,Silver
12874.0,27280.364999999998,8,53.40298507462686,United Kingdom,309,0.7539318885448917,27280.364999999998,0,Bronze
12875.0,57754.104999999996,13,53.351694915254235,France,28,0.610679012345679,57754.104999999996,1,Gold
12877.0,78028.305,13,55.72794117647059,United Kingdom,12,0.6301273885350318,78028.305,1,Gold
12882.0,58732.585,16,51.85826771653543,United Kingdom,5,0.8010526315789473,58732.585,1,Gold
12883.0,33585.59,9,61.44615384615385,United Kingdom,37,0.3993586005830904,33585.59,0,Bronze
12886.0,59432.77,17,57.024647887323944,France,7,0.8136477987421383,59432.77,1,Gold
12887.0,38526.85,11,51.293103448275865,United Kingdom,18,0.46505555555555556,38526.85,0,Silver
12891.0,46171.3575,14,50.472727272727276,France,32,0.6276288659793815,46171.3575,0,Silver
12892.0,43009.825,10,56.114285714285714,United Kingdom,22,0.4741433021806854,43009.825,0,Silver
12894.0,32996.3275,6,60.37755102040816,United Kingdom,19,0.3560233918128655,32996.3275,0,Bronze
12895.0,59397.405,15,59.0607476635514,United Kingdom,27,0.7090062111801242,59397.405,1,Gold
12897.0,59857.17,11,56.586021505376344,United Kingdom,12,0.6065942028985507,59857.17,1,Gold
12900.0,48990.155,9,66.21333333333334,United Kingdom,11,0.6061061946902655,48990.155,0,Gold
12901.0,44042.215,8,58.21917808219178,United Kingdom,5,0.48221782178217826,44042.215,0,Silver
12903.0,43371.767499999994,9,55.84782608695652,United Kingdom,8,0.3902564102564103,43371.767499999994,0,Silver
12904.0,70357.4675,15,55.43262411347518,United Kingdom,40,0.6804769001490313,70357.4675,1,Gold
12905.0,38046.74,10,57.4277108433735,United Kingdom,28,0.42812939521800286,38046.74,0,Silver
12908.0,37258.745,10,55.71527777777778,United Kingdom,7,0.42219140083217754,37258.745,0,Silver
12912.0,40449.9425,14,54.89705882352941,United Kingdom,27,0.7762477231329691,40449.9425,0,Silver
12913.0,38435.597499999996,9,50.75423728813559,United Kingdom,48,0.41889908256880737,38435.597499999996,0,Silver
12921.0,61909.4775,10,57.310344827586206,United Kingdom,7,0.5039735099337749,61909.4775,1,Gold
12922.0,38826.435,14,56.300970873786405,Switzerland,17,0.7877264325323476,38826.435,0,Silver
12925.0,36245.744999999995,6,66.7421875,United Kingdom,22,0.41135135135135137,36245.744999999995,0,Silver
12928.0,47135.307499999995,10,62.25,United Kingdom,11,0.47267080745341616,47135.307499999995,0,Silver
12930.0,39522.575,10,56.401315789473685,France,12,0.4591251885369533,39522.575,0,Silver
12933.0,30380.347499999996,9,49.23134328358209,United Kingdom,5,0.37580246913580245,30380.347499999996,0,Bronze
12937.0,29256.245,8,62.950819672131146,United Kingdom,30,0.46473282442748093,29256.245,0,Bronze
12938.0,78791.88249999999,19,56.19620253164557,United Kingdom,24,0.8345743145743145,78791.88249999999,1,Gold
12941.0,37003.49,13,55.524752475247524,United Kingdom,44,0.571024531024531,37003.49,0,Silver
12942.0,40141.47,10,56.74418604651163,United Kingdom,231,0.6149494949494949,40141.47,0,Silver
12945.0,25504.774999999998,7,48.763636363636365,United Kingdom,71,0.3248170731707317,25504.774999999998,0,Bronze
12946.0,52001.16499999999,12,56.23913043478261,United Kingdom,27,0.5173937677053825,52001.16499999999,0,Gold
12947.0,44901.315,10,63.18674698795181,United Kingdom,28,0.4323863636363636,44901.315,0,Silver
12948.0,16494.71,6,54.2875,United Kingdom,85,0.3226855123674912,16494.71,0,Bronze
12949.0,21107.2225,5,74.85,United Kingdom,29,0.2524046434494196,21107.2225,0,Bronze
12950.0,40379.892499999994,10,60.65972222222222,United Kingdom,11,0.44830633284241533,40379.892499999994,0,Silver
12951.0,55621.3275,13,57.665,United Kingdom,15,0.6540826446280992,55621.3275,1,Gold
12952.0,50934.36749999999,12,53.95454545454545,United Kingdom,9,0.5123141654978962,50934.36749999999,0,Gold
12954.0,45773.68,11,54.92307692307692,United Kingdom,1,0.5159322033898305,45773.68,0,Silver
12956.0,40892.565,10,56.58139534883721,United Kingdom,59,0.5564899451553931,40892.565,0,Silver
12957.0,35513.189999999995,8,51.66428571428571,United Kingdom,16,0.37292496171516076,35513.189999999995,0,Silver
12958.0,24143.975,12,53.36931818181818,United Kingdom,18,0.662940108892922,24143.975,0,Bronze
12959.0,36199.5125,11,59.04109589041096,United Kingdom,26,0.48881751824817515,36199.5125,0,Silver
12961.0,39091.8725,9,54.07746478873239,Australia,107,0.6240546697038725,39091.8725,0,Silver
12963.0,50130.4775,12,57.15,France,19,0.5387610619469027,50130.4775,0,Gold
12967.0,37652.6425,12,55.6958762886598,United Kingdom,3,0.4996990424076608,37652.6425,0,Silver
12968.0,38955.3425,10,58.44202898550725,Germany,7,0.5494584837545127,38955.3425,0,Silver
12969.0,31496.9925,6,60.14423076923077,United Kingdom,14,0.259063829787234,31496.9925,0,Bronze
12972.0,36090.502499999995,11,52.73170731707317,United Kingdom,53,0.48953216374269004,36090.502499999995,0,Silver
12973.0,19379.09,6,47.743589743589745,Netherlands,345,0.7334939759036145,19379.09,0,Bronze
12975.0,27142.235,8,53.263636363636365,United Kingdom,182,0.46208728652751424,27142.235,0,Bronze
12980.0,30005.469999999998,8,44.357142857142854,United Kingdom,59,0.531703056768559,30005.469999999998,0,Bronze
12982.0,22385.77,7,56.41509433962264,Ireland,17,0.30571018651362986,22385.77,0,Bronze
12983.0,39810.587499999994,12,58.994505494505496,United Kingdom,13,0.6118592964824121,39810.587499999994,0,Silver
12986.0,43530.8025,10,58.96511627906977,United Kingdom,37,0.43735632183908046,43530.8025,0,Silver
12987.0,19240.887499999997,4,63.05,United Kingdom,159,0.21550442477876108,19240.887499999997,0,Bronze
12988.0,43376.7025,11,59.80978260869565,Spain,42,0.48881751824817515,43376.7025,0,Silver
12990.0,30292.0075,9,53.021126760563384,United Kingdom,28,0.3913714285714286,30292.0075,0,Bronze
12993.0,44159.0475,9,58.811764705882354,United Kingdom,36,0.4348571428571429,44159.0475,0,Silver
12994.0,76280.05,15,59.3,United Kingdom,20,0.81101243339254,76280.05,1,Gold
12996.0,60331.877499999995,12,60.333333333333336,United Kingdom,2,0.8909268292682927,60331.877499999995,1,Gold
12998.0,23130.335,5,56.0625,Germany,32,0.36411483253588517,23130.335,0,Bronze
12999.0,68560.36499999999,15,52.96153846153846,United Kingdom,24,0.8212230215827337,68560.36499999999,1,Gold
13000.0,32266.94,8,58.336363636363636,United Kingdom,30,0.4038474295190713,32266.94,0,Bronze
13002.0,23526.3,7,55.567567567567565,United Kingdom,56,0.5743396226415095,23526.3,0,Bronze
13003.0,56249.657499999994,12,64.47,United Kingdom,6,0.5371764705882353,56249.657499999994,1,Gold
13004.0,16164.925,6,71.95555555555555,United Kingdom,150,0.3674849094567405,16164.925,0,Bronze
13007.0,32801.04,12,51.09340659340659,United Kingdom,32,0.5363876651982379,32801.04,0,Bronze
13008.0,13904.707499999999,3,62.01923076923077,Belgium,14,0.15322147651006712,13904.707499999999,0,Bronze
13009.0,48387.572499999995,11,56.794444444444444,United Kingdom,37,0.4909677419354839,48387.572499999995,0,Silver
13010.0,62574.862499999996,13,59.07943925233645,United Kingdom,78,0.6032317073170732,62574.862499999996,1,Gold
13013.0,44656.5775,11,52.99382716049383,United Kingdom,1,0.5167283950617284,44656.5775,0,Silver
13016.0,8813.25,3,46.19047619047619,United Kingdom,30,0.9414432989690722,8813.25,0,Bronze
13017.0,13049.165,3,65.43333333333334,United Kingdom,17,0.13177489177489177,13049.165,0,Bronze
13020.0,24739.145,8,47.845454545454544,United Kingdom,18,0.5073333333333334,24739.145,0,Bronze
13021.0,41276.33,10,58.56382978723404,United Kingdom,25,0.5426024955436721,41276.33,0,Silver
13022.0,10108.01,5,57.11764705882353,United Kingdom,17,0.40695187165775404,10108.01,0,Bronze
13023.0,34341.425,7,61.50833333333333,United Kingdom,92,0.5146859903381643,34341.425,0,Bronze
13024.0,40743.995,11,62.798850574712645,USA,36,0.4838728323699422,40743.995,0,Silver
13025.0,35923.972499999996,6,60.53488372093023,United Kingdom,12,0.5130337078651686,35923.972499999996,0,Silver
13028.0,30707.339999999997,6,59.5,United Kingdom,32,0.5233237822349571,30707.339999999997,0,Bronze
13030.0,66490.83,15,54.27155172413793,France,11,0.6289256198347108,66490.83,1,Gold
13031.0,36054.7725,11,55.18072289156626,United Kingdom,89,0.6723694779116466,36054.7725,0,Silver
13032.0,43240.29,12,57.98019801980198,United Kingdom,41,0.5411555555555556,43240.29,0,Silver
13035.0,18039.829999999998,4,53.1,France,74,0.1842057488653555,18039.829999999998,0,Bronze
13036.0,78563.6525,17,58.73529411764706,United Kingdom,38,0.7488856729377714,78563.6525,1,Gold
13038.0,26336.094999999998,8,57.97761194029851,United Kingdom,95,0.3859270998415214,26336.094999999998,0,Bronze
13040.0,31126.94,11,52.46103896103896,France,226,0.7805128205128204,31126.94,0,Bronze
13043.0,30907.255,8,60.784615384615385,United Kingdom,140,0.43798561151079135,30907.255,0,Bronze
13044.0,42775.97,14,59.129464285714285,United Kingdom,1,0.7297260273972602,42775.97,0,Silver
13045.0,38172.057499999995,9,57.38607594936709,United Kingdom,27,0.40889552238805976,38172.057499999995,0,Silver
13046.0,32214.664999999997,7,53.35964912280702,Belgium,176,0.48759725400457665,32214.664999999997,0,Bronze
13048.0,18257.95,6,61.45238095238095,United Kingdom,44,0.4400963855421687,18257.95,0,Bronze
13051.0,35217.49,8,48.16101694915254,United Kingdom,90,0.5010699588477366,35217.49,0,Silver
13052.0,37320.9425,9,64.10526315789474,United Kingdom,15,0.39418705035971224,37320.9425,0,Silver
13053.0,38786.7875,9,60.02205882352941,Germany,142,0.46512733446519533,38786.7875,0,Silver
13055.0,48552.955,12,60.01190476190476,United Kingdom,14,0.5835143769968052,48552.955,0,Silver
13056.0,34099.885,8,57.80597014925373,United Kingdom,6,0.4577443609022556,34099.885,0,Bronze
13057.0,39767.265,10,56.476190476190474,United Kingdom,37,0.45843373493975903,39767.265,0,Silver
13060.0,32599.6975,9,56.16901408450704,Netherlands,4,0.4440194489465154,32599.6975,0,Bronze
13061.0,41068.54,10,50.0,Spain,6,0.41584699453551915,41068.54,0,Silver
13062.0,36251.65,8,60.2,United Kingdom,65,0.500041067761807,36251.65,0,Silver
13064.0,23263.105,7,56.05357142857143,Portugal,30,0.3764664310954064,23263.105,0,Bronze
13065.0,70616.555,16,58.255102040816325,United Kingdom,11,0.6699312242090785,70616.555,1,Gold
13066.0,40519.9375,8,60.5703125,United Kingdom,5,0.3425035161744023,40519.9375,0,Silver
13068.0,35249.375,7,58.675925925925924,United Kingdom,10,0.2926923076923077,35249.375,0,Silver
13069.0,34273.415,10,56.201492537313435,United Kingdom,145,0.5141891891891892,34273.415,0,Bronze
13070.0,45968.395,9,60.25,United Kingdom,13,0.3891477272727273,45968.395,0,Silver
13071.0,30668.359999999997,8,57.05072463768116,United Kingdom,25,0.34541843971631203,30668.359999999997,0,Bronze
13072.0,28324.864999999998,7,50.76923076923077,Ireland,69,0.3629982964224872,28324.864999999998,0,Bronze
13074.0,37477.244999999995,10,51.785714285714285,United Kingdom,213,0.6063745019920319,37477.244999999995,0,Silver
13075.0,50110.84,9,62.11038961038961,United Kingdom,56,0.5361252446183953,50110.84,0,Gold
13077.0,25419.645,7,51.06382978723404,United Kingdom,134,0.3617657045840408,25419.645,0,Bronze
13081.0,23214.0625,4,66.88888888888889,United Kingdom,7,0.4612121212121212,23214.0625,0,Bronze
13085.0,29166.305,12,56.99418604651163,France,11,0.5073333333333333,29166.305,0,Bronze
13086.0,20028.239999999998,7,53.50819672131148,United Kingdom,3,0.3124340175953079,20028.239999999998,0,Bronze
13087.0,18905.579999999998,5,54.83720930232558,United Kingdom,167,0.5124579124579125,18905.579999999998,0,Bronze
13088.0,55913.4625,14,62.678260869565214,United Kingdom,10,0.6027722772277229,55913.4625,1,Gold
13089.0,21657.23,6,51.21568627450981,United Kingdom,145,0.4327962085308057,21657.23,0,Bronze
13091.0,46992.7025,12,66.39285714285714,United Kingdom,12,0.575244094488189,46992.7025,0,Silver
13092.0,79457.92,15,61.210743801652896,France,68,0.6918181818181818,79457.92,1,Gold
13093.0,38776.38,10,57.6025641025641,United Kingdom,7,0.41698630136986303,38776.38,0,Silver
13095.0,37243.377499999995,9,55.604166666666664,United Kingdom,19,0.3869491525423729,37243.377499999995,0,Silver
13096.0,17828.254999999997,6,52.848837209302324,United Kingdom,14,0.25261410788381744,17828.254999999997,0,Bronze
13098.0,62296.715,12,58.574074074074076,United Kingdom,1,0.6139159663865547,62296.715,1,Gold
13100.0,31277.855,8,56.77777777777778,United Kingdom,62,0.48413518886679924,31277.855,0,Bronze
13101.0,37780.705,8,58.736111111111114,United Kingdom,24,0.5375717439293598,37780.705,0,Silver
13102.0,32113.927499999998,9,58.46969696969697,United Kingdom,58,0.4176219512195122,32113.927499999998,0,Bronze
13104.0,39739.6325,9,57.0,United Kingdom,17,0.4627702702702703,39739.6325,0,Silver
13106.0,39104.0775,9,56.61643835616438,United Kingdom,33,0.4005263157894737,39104.0775,0,Silver
13108.0,27417.96,7,57.69230769230769,United Kingdom,48,0.39241252302025786,27417.96,0,Bronze
13109.0,60241.845,17,54.95634920634921,United Kingdom,114,0.8428013029315962,60241.845,1,Gold
13110.0,22691.265,6,68.3804347826087,United Kingdom,59,0.43589498806682575,22691.265,0,Bronze
13111.0,12359.265,7,46.6,United Kingdom,45,0.5935376044568246,12359.265,0,Bronze
13112.0,15791.36,4,47.22727272727273,United Kingdom,49,0.27239373601789707,15791.36,0,Bronze
13116.0,36466.46,8,71.9776119402985,United Kingdom,27,0.34590909090909094,36466.46,0,Silver
13117.0,39256.612499999996,9,65.46,United Kingdom,6,0.4535761589403973,39256.612499999996,0,Silver
13118.0,54300.782499999994,12,59.62637362637363,United Kingdom,66,0.5427637444279346,54300.782499999994,1,Gold
13120.0,63491.0275,12,59.495049504950494,United Kingdom,14,0.5988196721311476,63491.0275,1,Gold
13121.0,27645.535,9,58.93939393939394,United Kingdom,15,0.6781188118811882,27645.535,0,Bronze
13123.0,31065.75,11,54.575949367088604,United Kingdom,92,0.7375330396475771,31065.75,0,Bronze
13125.0,25616.0825,7,56.3,United Kingdom,113,0.7247619047619047,25616.0825,0,Bronze
13126.0,25266.975,7,59.44642857142857,United Kingdom,11,0.30011267605633807,25266.975,0,Bronze
13127.0,35431.954999999994,9,50.56923076923077,United Kingdom,16,0.5591020408163265,35431.954999999994,0,Silver
13128.0,33214.31,8,49.904411764705884,United Kingdom,20,0.471937984496124,33214.31,0,Bronze
13129.0,63530.502499999995,11,59.416666666666664,Belgium,87,0.520746500777605,63530.502499999995,1,Gold
13130.0,54253.7725,13,57.15652173913043,United Kingdom,97,0.742439024390244,54253.7725,1,Gold
13131.0,51278.7825,15,51.133620689655174,Germany,6,0.6324099722991691,51278.7825,0,Gold
13133.0,53672.0275,13,53.301886792452834,United Kingdom,14,0.6231811023622048,53672.0275,1,Gold
13135.0,52762.7975,11,54.757425742574256,United Kingdom,6,0.4574316939890711,52762.7975,1,Gold
13136.0,15675.654999999999,5,44.17142857142857,France,58,0.2281859070464768,15675.654999999999,0,Bronze
13139.0,49428.79,10,63.0722891566265,United Kingdom,1,0.42044198895027624,49428.79,0,Gold
13140.0,47760.9275,11,56.7816091954023,United Kingdom,9,0.4859796806966618,47760.9275,0,Silver
13142.0,46324.455,11,64.2032967032967,Finland,110,0.546231647634584,46324.455,0,Silver
13145.0,22671.489999999998,9,56.02238805970149,United Kingdom,17,0.6184198645598195,22671.489999999998,0,Bronze
13147.0,5306.455,3,46.32,United Kingdom,131,0.36528,5306.455,0,Bronze
13148.0,39289.185,10,60.556338028169016,United Kingdom,75,0.46830769230769237,39289.185,0,Silver
13149.0,49898.6725,14,58.01960784313726,United Kingdom,38,0.85232,49898.6725,0,Gold
13150.0,64529.985,18,60.1,United Kingdom,6,0.7684712482468443,64529.985,1,Gold
13153.0,30152.7225,6,62.472727272727276,United Kingdom,33,0.28448598130841124,30152.7225,0,Bronze
13155.0,23286.875,7,51.51851851851852,USA,59,0.40819923371647515,23286.875,0,Bronze
13156.0,62693.335,14,53.52066115702479,Switzerland,56,0.8071212121212121,62693.335,1,Gold
13158.0,90604.20999999999,18,58.486486486486484,USA,24,0.7929377713458756,90604.20999999999,1,Gold
13161.0,37896.075,10,51.13636363636363,United Kingdom,45,0.5689719626168225,37896.075,0,Silver
13162.0,69159.7375,18,56.82394366197183,United Kingdom,21,0.8105325443786983,69159.7375,1,Gold
13163.0,58262.3025,14,53.904545454545456,United Kingdom,2,0.7411478260869565,58262.3025,1,Gold
13164.0,39675.55,10,68.72916666666667,United Kingdom,17,0.440520984081042,39675.55,0,Silver
13165.0,22730.41,4,61.67741935483871,United Kingdom,170,0.22423572744014733,22730.41,0,Bronze
13166.0,53242.979999999996,12,52.55714285714286,United Kingdom,68,0.5611059907834102,53242.979999999996,1,Gold
13168.0,56123.735,9,59.032467532467535,United Kingdom,7,0.4273946957878315,56123.735,1,Gold
13171.0,60148.494999999995,14,56.81304347826087,United Kingdom,25,0.6194186046511628,60148.494999999995,1,Gold
13174.0,58617.6925,13,56.22727272727273,USA,36,0.5906268656716418,58617.6925,1,Gold
13176.0,38090.905,12,56.128865979381445,United Kingdom,3,0.5949185667752444,38090.905,0,Silver
13177.0,23344.545,6,53.78409090909091,Belgium,117,0.29458064516129034,23344.545,0,Bronze
13178.0,42580.659999999996,12,50.979166666666664,United Kingdom,32,0.6233447098976109,42580.659999999996,0,Silver
13179.0,55188.9275,14,55.151785714285715,United Kingdom,34,0.6158381502890173,55188.9275,1,Gold
13180.0,69822.69,15,59.28629032258065,United Kingdom,12,0.655093256814921,69822.69,1,Gold
13182.0,33751.465,11,52.130208333333336,United Kingdom,95,0.6617391304347826,33751.465,0,Bronze
13184.0,72274.685,13,62.80701754385965,United Kingdom,35,0.7744031311154599,72274.685,1,Gold
13186.0,28290.815,10,45.55555555555556,United Kingdom,59,0.4591251885369533,28290.815,0,Bronze
13189.0,35677.005,8,61.86507936507937,Spain,95,0.4959674134419552,35677.005,0,Silver
13190.0,18284.535,6,53.05952380952381,United Kingdom,24,0.2631700288184438,18284.535,0,Bronze
13191.0,39496.6325,14,50.63,United Kingdom,47,0.6203202328966522,39496.6325,0,Silver
13193.0,29381.4925,8,52.731884057971016,United Kingdom,17,0.3478857142857143,29381.4925,0,Bronze
13194.0,48184.0525,14,55.76288659793814,United Kingdom,11,0.80865275142315,48184.0525,0,Silver
13197.0,47726.795,14,58.96086956521739,United Kingdom,33,0.6239531478770132,47726.795,0,Silver
13199.0,30911.23,8,55.43055555555556,United Kingdom,82,0.37638330757341576,30911.23,0,Bronze
13200.0,35954.189999999995,10,52.99342105263158,United Kingdom,125,0.8550561797752809,35954.189999999995,0,Silver
13201.0,38805.7,11,50.854838709677416,United Kingdom,1,0.46184827586206895,38805.7,0,Silver
13204.0,43009.024999999994,10,59.1219512195122,United Kingdom,10,0.42454672245467223,43009.024999999994,0,Silver
13206.0,52615.415,9,59.89375,United Kingdom,44,0.40767857142857145,52615.415,0,Gold
13207.0,34749.7325,10,52.22352941176471,United Kingdom,37,0.4348571428571429,34749.7325,0,Bronze
13209.0,39569.825,10,57.51234567901235,Ireland,38,0.6328482328482329,39569.825,0,Silver
13210.0,48061.0,12,60.44949494949495,United Kingdom,68,0.7291017964071858,48061.0,0,Silver
13211.0,45492.13,10,57.31395348837209,United Kingdom,47,0.46473282442748093,45492.13,0,Silver
13212.0,37727.0475,7,59.66923076923077,France,7,0.4467085953878407,37727.0475,0,Silver
13213.0,35249.935,11,53.484375,United Kingdom,23,0.48109195402298854,35249.935,0,Silver
13214.0,38637.24,9,56.270833333333336,United Kingdom,29,0.39819767441860465,38637.24,0,Silver
13219.0,30342.309999999998,9,47.53968253968254,United Kingdom,55,0.4469168026101142,30342.309999999998,0,Bronze
13221.0,53582.89,12,62.53333333333333,United Kingdom,43,0.7755414012738854,53582.89,1,Gold
13222.0,33033.932499999995,9,61.057377049180324,United Kingdom,246,0.5672049689440993,33033.932499999995,0,Bronze
13225.0,61593.79749999999,13,58.436,United Kingdom,15,0.5465745856353591,61593.79749999999,1,Gold
13228.0,25671.684999999998,7,48.233870967741936,United Kingdom,24,0.30267045454545455,25671.684999999998,0,Bronze
13230.0,70808.665,14,61.11764705882353,United Kingdom,28,0.6829487179487179,70808.665,1,Gold
13231.0,50687.212499999994,14,53.37719298245614,France,31,0.6212244897959184,50687.212499999994,0,Gold
13234.0,16847.91,7,50.34444444444444,United Kingdom,24,0.32333839150227617,16847.91,0,Bronze
13236.0,24311.975,9,60.284615384615385,United Kingdom,3,0.3815598885793872,24311.975,0,Bronze
13241.0,33819.365,11,57.34567901234568,United Kingdom,26,0.48040172166427547,33819.365,0,Bronze
13243.0,47161.4,9,63.84756097560975,Netherlands,13,0.3891477272727273,47161.4,0,Silver
13245.0,36036.6625,7,59.70192307692308,United Kingdom,14,0.32042105263157894,36036.6625,0,Silver
13246.0,50623.2575,14,52.37007874015748,United Kingdom,7,0.5943654114365411,50623.2575,0,Gold
13247.0,43060.35,12,60.833333333333336,United Kingdom,14,0.8099334811529934,43060.35,0,Silver
13248.0,37559.0075,10,53.586666666666666,United Kingdom,114,0.4981996726677578,37559.0075,0,Silver
13251.0,59154.1225,13,58.43809523809524,United Kingdom,4,0.7260917431192662,59154.1225,1,Gold
13254.0,23920.625,7,53.59649122807018,United Kingdom,10,0.3527814569536424,23920.625,0,Bronze
13256.0,63504.822499999995,10,64.04069767441861,United Kingdom,7,0.4251396648044693,63504.822499999995,1,Gold
13257.0,67795.67,17,56.169064748201436,USA,20,0.7382025677603423,67795.67,1,Gold
13258.0,38790.2625,12,50.58720930232558,United Kingdom,6,0.5045303867403315,38790.2625,0,Silver
13260.0,38514.5,8,61.93055555555556,United Kingdom,78,0.5839808153477218,38514.5,0,Silver
13262.0,39529.2025,13,56.77669902912621,United Kingdom,1,0.6135193798449612,39529.2025,0,Silver
13266.0,25496.78,5,56.28947368421053,United Kingdom,141,0.25666104553119734,25496.78,0,Bronze
13267.0,49269.1475,11,58.130208333333336,United Kingdom,39,0.482478386167147,49269.1475,0,Gold
13268.0,31675.495,6,57.755102040816325,United Kingdom,119,0.5233237822349571,31675.495,0,Bronze
13271.0,40535.28,7,70.05555555555556,United Kingdom,27,0.3975373134328358,40535.28,0,Silver
13272.0,49728.635,10,60.888297872340424,United Kingdom,8,0.41870701513067404,49728.635,0,Gold
13273.0,85583.0575,17,58.347972972972975,United Kingdom,17,0.7177253814147018,85583.0575,1,Gold
13275.0,66556.815,19,61.945205479452056,United Kingdom,8,0.8671064467766118,66556.815,1,Gold
13278.0,25136.31,9,56.013513513513516,United Kingdom,37,0.4221263482280431,25136.31,0,Bronze
13279.0,63908.56,12,57.908256880733944,Switzerland,21,0.6067774086378738,63908.56,1,Gold
13280.0,64571.9575,16,59.97933884297521,United Kingdom,9,0.6918181818181819,64571.9575,1,Gold
13281.0,29240.5375,8,50.07142857142857,United Kingdom,5,0.35190751445086704,29240.5375,0,Bronze
13282.0,36812.575,11,55.17857142857143,United Kingdom,1,0.5571381031613977,36812.575,0,Silver
13284.0,35842.38,8,59.043103448275865,United Kingdom,24,0.68985835694051,35842.38,0,Silver
13286.0,66826.455,15,57.996,United Kingdom,14,0.6476595744680851,66826.455,1,Gold
13287.0,29848.079999999998,10,57.72222222222222,United Kingdom,72,0.4839427662957074,29848.079999999998,0,Bronze
13292.0,73451.465,16,54.609848484848484,United Kingdom,15,0.6928022759601707,73451.465,1,Gold
13293.0,51977.354999999996,13,57.82608695652174,United Kingdom,51,0.7247619047619048,51977.354999999996,0,Gold
13295.0,60936.042499999996,14,56.778260869565216,United Kingdom,76,0.6466767830045523,60936.042499999996,1,Gold
13296.0,78996.84,18,57.44701986754967,Germany,16,0.9697699115044249,78996.84,1,Gold
13297.0,36738.29,7,58.440298507462686,United Kingdom,12,0.4642265795206972,36738.29,0,Silver
13298.0,23663.01,8,56.53076923076923,United Kingdom,122,0.41344651952461803,23663.01,0,Bronze
13300.0,52233.56,12,60.223958333333336,United Kingdom,45,0.656978417266187,52233.56,0,Gold
13302.0,33821.645,8,54.74264705882353,France,50,0.41204737732656516,33821.645,0,Bronze
13303.0,37933.39,7,63.25892857142857,United Kingdom,11,0.34534846029173416,37933.39,0,Silver
13304.0,65547.6975,17,55.44094488188976,United Kingdom,1,0.7030978260869566,65547.6975,1,Gold
13305.0,46999.4575,9,60.486301369863014,United Kingdom,151,0.5026788990825689,46999.4575,0,Silver
13307.0,59287.19,12,61.852380952380955,United Kingdom,29,0.5356011730205279,59287.19,1,Gold
13308.0,51165.615,9,52.02298850574713,United Kingdom,200,1.07015625,51165.615,0,Gold
13309.0,38125.97,12,55.19230769230769,United Kingdom,85,0.5816560509554141,38125.97,0,Silver
13310.0,25408.885,6,57.950980392156865,United Kingdom,38,0.28990476190476194,25408.885,0,Bronze
13311.0,30798.145,9,57.0625,United Kingdom,152,0.48232394366197184,30798.145,0,Bronze
13312.0,42998.2175,11,53.21195652173913,United Kingdom,67,0.5065658093797276,42998.2175,0,Silver
13313.0,70031.2075,17,56.486111111111114,United Kingdom,27,0.7456484149855909,70031.2075,1,Gold
13319.0,52684.975,15,56.411764705882355,United Kingdom,36,0.6685212298682285,52684.975,1,Gold
13320.0,41065.045,10,56.92168674698795,United Kingdom,35,0.43547925608011445,41065.045,0,Silver
13321.0,67764.7625,14,62.42574257425743,United Kingdom,19,0.6486453576864536,67764.7625,1,Gold
13322.0,46413.825,12,49.62777777777778,United Kingdom,44,0.5270995670995671,46413.825,0,Silver
13323.0,50107.89,11,55.84653465346535,United Kingdom,28,0.48109195402298854,50107.89,0,Gold
13326.0,39970.665,10,58.6219512195122,United Kingdom,75,0.466156202143951,39970.665,0,Silver
13331.0,31534.427499999998,6,53.419642857142854,United Kingdom,13,0.3198598949211909,31534.427499999998,0,Bronze
13332.0,56166.657499999994,14,52.91904761904762,United Kingdom,10,0.5976998597475456,56166.657499999994,1,Gold
13334.0,48488.115,11,59.7,United Kingdom,22,0.5753264604810997,48488.115,0,Silver
13335.0,39628.7725,8,63.86363636363637,United Kingdom,15,0.3488825214899714,39628.7725,0,Silver
13336.0,56565.619999999995,11,64.53846153846153,United Kingdom,3,0.9275346260387812,56565.619999999995,1,Gold
13338.0,48778.63,12,58.729166666666664,United Kingdom,21,0.5263400576368876,48778.63,0,Silver
13339.0,81538.455,17,61.464285714285715,United Kingdom,8,0.731937765205092,81538.455,1,Gold
13341.0,32447.21,8,58.578947368421055,United Kingdom,23,0.3478857142857143,32447.21,0,Bronze
13343.0,45310.274999999994,10,57.411764705882355,United Kingdom,60,0.47861635220125787,45310.274999999994,0,Silver
13344.0,42314.805,11,52.728155339805824,United Kingdom,17,0.47495035460992907,42314.805,0,Silver
13345.0,31164.364999999998,10,56.95774647887324,United Kingdom,15,0.42692847124824684,31164.364999999998,0,Bronze
13347.0,39187.07,7,54.5,United Kingdom,11,0.38883211678832114,39187.07,0,Silver
13349.0,28716.565,9,53.493506493506494,Germany,5,0.4491147540983607,28716.565,0,Bronze
13350.0,44516.2075,10,56.72794117647059,Spain,78,0.6764444444444445,44516.2075,0,Silver
13351.0,45642.33,15,51.73148148148148,United Kingdom,31,0.7872413793103448,45642.33,0,Silver
13352.0,54229.765,12,57.8041237113402,United Kingdom,25,0.5788906497622821,54229.765,1,Gold
13354.0,40063.3525,7,58.17164179104478,United Kingdom,51,0.3853164556962026,40063.3525,0,Silver
13355.0,65572.78,19,52.762773722627735,United Kingdom,25,0.9819354838709679,65572.78,1,Gold
13357.0,27681.359999999997,6,55.43478260869565,United Kingdom,47,0.3869491525423729,27681.359999999997,0,Bronze
13358.0,63730.0925,13,58.25416666666667,United Kingdom,33,0.8932731376975169,63730.0925,1,Gold
13359.0,51975.659999999996,16,55.59016393442623,United Kingdom,7,0.6792747559274755,51975.659999999996,0,Gold
13360.0,30921.63,10,49.67613636363637,Germany,39,0.5887814313346229,30921.63,0,Bronze
13362.0,32653.989999999998,11,60.3,United Kingdom,13,0.46962131837307153,32653.989999999998,0,Bronze
13365.0,38616.21,11,57.55555555555556,United Kingdom,13,0.4657023643949931,38616.21,0,Silver
13366.0,8441.895,4,62.02,United Kingdom,40,0.2143661971830986,8441.895,0,Bronze
13368.0,40759.77,12,57.043010752688176,United Kingdom,47,0.7958169934640523,40759.77,0,Silver
13370.0,23497.915,9,58.58870967741935,United Kingdom,11,0.4095067264573991,23497.915,0,Bronze
13371.0,33531.045,12,49.601190476190474,United Kingdom,2,0.4956309362279511,33531.045,0,Bronze
13372.0,18726.795,6,61.829268292682926,Spain,84,0.28582159624413145,18726.795,0,Bronze
13375.0,40058.28,12,53.78260869565217,Germany,8,0.587266881028939,40058.28,0,Silver
13376.0,32228.57,10,62.44615384615385,USA,18,0.43610315186246423,32228.57,0,Bronze
13377.0,49880.61,11,58.604395604395606,Italy,54,0.521557632398754,49880.61,0,Gold
13380.0,35142.38,12,51.557291666666664,United Kingdom,38,0.5645749613601236,35142.38,0,Bronze
13384.0,48577.9275,14,56.60454545454545,United Kingdom,8,0.5935376044568246,48577.9275,0,Silver
13386.0,32134.66,11,49.227777777777774,United Kingdom,177,0.5968627450980393,32134.66,0,Bronze
13388.0,27816.137499999997,9,56.38793103448276,Germany,57,0.46671209540034075,27816.137499999997,0,Bronze
13390.0,48065.8875,13,54.42857142857143,United Kingdom,66,0.711726618705036,48065.8875,0,Silver
13392.0,29075.95,9,59.11805555555556,United Kingdom,171,0.742439024390244,29075.95,0,Bronze
13396.0,30055.78,10,60.31578947368421,France,40,0.4516320474777448,30055.78,0,Bronze
13398.0,42643.41499999999,10,56.526315789473685,Belgium,186,0.5899224806201551,42643.41499999999,0,Silver
13399.0,48375.8575,11,56.467032967032964,United Kingdom,18,0.4845730824891462,48375.8575,0,Silver
13400.0,43046.6225,14,57.921875,United Kingdom,5,0.7174410774410775,43046.6225,0,Silver
13401.0,30936.805,7,52.48936170212766,Germany,168,0.3902564102564103,30936.805,0,Bronze
13402.0,51700.8425,11,54.136842105263156,Belgium,73,0.735912087912088,51700.8425,0,Gold
13403.0,49456.435,12,56.38586956521739,United Kingdom,34,0.7233267326732674,49456.435,0,Gold
13404.0,33397.862499999996,8,59.07258064516129,Belgium,79,0.3723547400611621,33397.862499999996,0,Bronze
13406.0,71318.22,18,58.77210884353742,United Kingdom,9,0.7738983050847458,71318.22,1,Gold
13410.0,66717.1725,12,57.192708333333336,United Kingdom,79,0.6677879341864716,66717.1725,1,Gold
13411.0,29050.245,7,53.46774193548387,United Kingdom,21,0.49210161662817553,29050.245,0,Bronze
13412.0,43731.3825,9,54.89375,United Kingdom,33,0.39193133047210305,43731.3825,0,Silver
13413.0,26245.44,9,56.875,United Kingdom,4,0.38531645569620254,26245.44,0,Bronze
13414.0,45989.909999999996,10,57.91954022988506,United Kingdom,5,0.52573402417962,45989.909999999996,0,Silver
13418.0,89353.19499999999,17,63.785185185185185,United Kingdom,18,0.796123076923077,89353.19499999999,1,Gold
13421.0,59051.229999999996,14,56.35294117647059,United Kingdom,4,0.7162352941176471,59051.229999999996,1,Gold
13426.0,35196.2575,9,64.86923076923077,United Kingdom,58,0.5238240917782027,35196.2575,0,Silver
13428.0,34177.987499999996,6,59.48275862068966,United Kingdom,30,0.39964989059080963,34177.987499999996,0,Bronze
13430.0,35978.5925,9,54.05223880597015,United Kingdom,154,0.5198481973434536,35978.5925,0,Silver
13431.0,55847.674999999996,14,56.411764705882355,United Kingdom,16,0.592712100139082,55847.674999999996,1,Gold
13432.0,28420.245,8,47.1171875,United Kingdom,57,0.4517996289424861,28420.245,0,Bronze
13434.0,65846.41,12,59.404545454545456,United Kingdom,6,0.5010699588477366,65846.41,1,Gold
13437.0,55440.7575,12,58.646067415730336,USA,3,0.5435714285714286,55440.7575,1,Gold
13438.0,23417.195,7,50.75471698113208,Netherlands,149,0.4027977315689982,23417.195,0,Bronze
13439.0,38272.005,11,55.07471264367816,United Kingdom,4,0.48953216374269004,38272.005,0,Silver
13440.0,49915.325,15,56.324074074074076,United Kingdom,14,0.6394957983193278,49915.325,0,Gold
13441.0,33760.924999999996,10,55.61585365853659,United Kingdom,15,0.4379856115107914,33760.924999999996,0,Bronze
13443.0,40728.67,10,50.98125,United Kingdom,18,0.5031404958677685,40728.67,0,Silver
13444.0,52525.4125,14,61.28181818181818,United Kingdom,34,0.6743037974683544,52525.4125,0,Gold
13446.0,43227.89,10,52.24305555555556,United Kingdom,29,0.44179970972423804,43227.89,0,Silver
13447.0,39179.57,11,63.0,USA,32,0.5936879432624114,39179.57,0,Silver
13449.0,18094.725,5,52.84285714285714,United Kingdom,10,0.36586538461538465,18094.725,0,Bronze
13450.0,58484.4925,16,54.652542372881356,Spain,19,1.3127762803234502,58484.4925,1,Gold
13451.0,39760.4275,11,55.88,United Kingdom,10,0.6696799999999999,39760.4275,0,Silver
13453.0,41656.49,14,48.5,United Kingdom,217,0.8258914728682171,41656.49,0,Silver
13454.0,40781.47,12,55.714285714285715,United Kingdom,45,0.734969818913481,40781.47,0,Silver
13455.0,38008.59,10,53.86805555555556,United Kingdom,212,0.5887814313346229,38008.59,0,Silver
13458.0,25921.04,7,60.471698113207545,United Kingdom,27,0.8878333333333334,25921.04,0,Bronze
13459.0,23618.817499999997,7,59.25925925925926,United Kingdom,11,0.3527814569536424,23618.817499999997,0,Bronze
13460.0,13377.91,4,58.625,United Kingdom,19,0.204983164983165,13377.91,0,Bronze
13466.0,72900.36,16,57.445736434108525,United Kingdom,4,0.6653551912568306,72900.36,1,Gold
13468.0,33992.5175,9,51.69230769230769,United Kingdom,30,0.39362068965517244,33992.5175,0,Bronze
13472.0,35858.245,9,57.226027397260275,France,13,0.43348101265822786,35858.245,0,Silver
13473.0,49161.9675,13,53.9468085106383,United Kingdom,23,0.6954657293497365,49161.9675,0,Gold
13474.0,19012.965,6,51.6764705882353,United Kingdom,37,0.3631013916500994,19012.965,0,Bronze
13475.0,39875.104999999996,10,57.851190476190474,United Kingdom,19,0.5455197132616488,39875.104999999996,0,Silver
13476.0,25955.017499999998,7,59.13,United Kingdom,18,0.33984051036682617,25955.017499999998,0,Bronze
13481.0,62708.435,13,62.413978494623656,Netherlands,8,0.5621022727272728,62708.435,1,Gold
13482.0,18960.68,5,52.073170731707314,United Kingdom,13,0.25409015025041737,18960.68,0,Bronze
13483.0,79580.2975,18,55.085034013605444,United Kingdom,16,0.76418410041841,79580.2975,1,Gold
13485.0,40180.3125,10,58.88157894736842,United Kingdom,8,0.493354943273906,40180.3125,0,Silver
13487.0,68963.45,13,63.87614678899082,United Kingdom,89,0.7480529300567109,68963.45,1,Gold
13489.0,26571.42,7,59.5,France,115,0.8040754716981132,26571.42,0,Bronze
13491.0,72992.0475,18,61.89716312056738,United Kingdom,13,0.7547107438016529,72992.0475,1,Gold
13494.0,81169.33,18,58.515243902439025,Germany,8,0.7771914893617021,81169.33,1,Gold
13499.0,27570.1625,7,56.372093023255815,United Kingdom,5,0.34202247191011237,27570.1625,0,Bronze
13500.0,34522.1825,10,56.455128205128204,United Kingdom,140,0.6965675057208238,34522.1825,0,Bronze
13502.0,61242.472499999996,12,60.08762886597938,United Kingdom,28,0.6308808290155441,61242.472499999996,1,Gold
13503.0,55076.265,15,56.19711538461539,United Kingdom,25,0.7213270142180095,55076.265,1,Gold
13505.0,57373.945,13,53.28971962616822,United Kingdom,47,0.6776027397260274,57373.945,1,Gold
13507.0,60686.645,14,56.857798165137616,USA,6,0.5861898211829436,60686.645,1,Gold
13509.0,23257.62,5,58.2906976744186,Netherlands,30,0.2990176817288802,23257.62,0,Bronze
13511.0,58489.689999999995,12,62.91477272727273,United Kingdom,45,0.544381520119225,58489.689999999995,1,Gold
13512.0,23527.8425,5,58.97674418604651,United Kingdom,85,0.3001972386587771,23527.8425,0,Bronze
13513.0,51389.6725,11,55.62777777777778,United Kingdom,70,0.5240062597809076,51389.6725,0,Gold
13514.0,32760.3975,9,49.734939759036145,United Kingdom,152,0.5446520874751491,32760.3975,0,Bronze
13515.0,53722.76,11,64.6195652173913,United Kingdom,11,0.511206106870229,53722.76,1,Gold
13519.0,40444.39,9,57.04938271604938,Spain,35,0.3953246753246753,40444.39,0,Silver
13520.0,44991.4275,12,51.44711538461539,France,28,0.5152045133991537,44991.4275,0,Silver
13521.0,64686.9825,12,56.83653846153846,United Kingdom,8,0.5038344827586206,64686.9825,1,Gold
13522.0,37187.67,10,57.188311688311686,United Kingdom,62,0.7686868686868688,37187.67,0,Silver
13527.0,47810.125,12,55.94897959183673,United Kingdom,1,0.5059279778393352,47810.125,0,Silver
13528.0,43248.1,11,61.87820512820513,Spain,62,1.00855421686747,43248.1,0,Silver
13531.0,76443.6275,13,56.71008403361345,United Kingdom,27,0.6413614262560777,76443.6275,1,Gold
13532.0,22568.7,7,58.08196721311475,Belgium,14,0.5968627450980393,22568.7,0,Bronze
13534.0,21088.785,9,55.8,United Kingdom,20,0.38531645569620254,21088.785,0,Bronze
13535.0,24871.045,9,57.50684931506849,France,1,0.3831608391608392,24871.045,0,Bronze
13536.0,58627.689999999995,14,59.10096153846154,United Kingdom,3,0.5853846153846154,58627.689999999995,1,Gold
13538.0,71563.525,13,62.83495145631068,United Kingdom,11,0.5443191196698762,71563.525,1,Gold
13539.0,39730.2425,10,59.91095890410959,United Kingdom,1,0.41641586867305064,39730.2425,0,Silver
13543.0,39409.1625,11,55.88636363636363,United Kingdom,18,0.4817841726618705,39409.1625,0,Silver
13544.0,31368.53,9,60.604838709677416,United Kingdom,7,0.5218285714285715,31368.53,0,Bronze
13546.0,34945.165,10,48.758823529411764,United Kingdom,3,0.4424418604651163,34945.165,0,Bronze
13548.0,24704.155,7,51.36046511627907,France,18,0.2988499298737728,24704.155,0,Bronze
13549.0,22830.602499999997,4,58.828125,France,229,0.31381443298969075,22830.602499999997,0,Bronze
13551.0,33608.975,8,54.63235294117647,United Kingdom,8,0.4106576728499157,33608.975,0,Bronze
13553.0,13587.005,5,44.74242424242424,United Kingdom,57,0.22349486049926579,13587.005,0,Bronze
13556.0,43542.335,14,52.14035087719298,United Kingdom,1,0.5790217391304348,43542.335,0,Silver
13558.0,46658.597499999996,10,50.6578947368421,United Kingdom,4,0.41698630136986303,46658.597499999996,0,Silver
13560.0,21845.87,5,58.96808510638298,Germany,24,0.3197478991596639,21845.87,0,Bronze
13561.0,47531.03,11,57.51030927835052,United Kingdom,75,0.5813194444444444,47531.03,0,Silver
13563.0,35305.245,10,59.0,United Kingdom,26,0.42752808988764046,35305.245,0,Silver
13567.0,83563.41249999999,18,55.37323943661972,United Kingdom,10,0.8909268292682927,83563.41249999999,1,Gold
13568.0,34885.8125,8,51.18421052631579,United Kingdom,45,0.5399556541019955,34885.8125,0,Bronze
13569.0,31798.685,8,67.24528301886792,Germany,61,0.44036166365280294,31798.685,0,Bronze
13570.0,55231.299999999996,14,58.41517857142857,United Kingdom,5,0.595195530726257,55231.299999999996,1,Gold
13571.0,43241.38,12,55.07738095238095,Germany,16,0.5263400576368876,43241.38,0,Silver
13572.0,29965.335,10,55.81521739130435,United Kingdom,26,0.6368200836820084,29965.335,0,Bronze
13574.0,40881.325,9,53.94303797468354,United Kingdom,2,0.3864033850493653,40881.325,0,Silver
13575.0,41912.72,9,59.45205479452055,France,6,0.43348101265822786,41912.72,0,Silver
13576.0,39952.104999999996,10,55.339285714285715,United Kingdom,38,0.48088467614533964,39952.104999999996,0,Silver
13579.0,70985.595,14,67.79326923076923,United Kingdom,20,0.9028813559322034,70985.595,1,Gold
13580.0,52344.14,13,64.19090909090909,United Kingdom,4,0.6291255961844197,52344.14,0,Gold
13581.0,51068.634999999995,12,57.603092783505154,United Kingdom,97,0.584448,51068.634999999995,0,Gold
13586.0,25905.23,7,59.99230769230769,United Kingdom,38,0.3248170731707317,25905.23,0,Bronze
13588.0,42592.7625,13,51.86931818181818,United Kingdom,2,0.6942456140350878,42592.7625,0,Silver
13589.0,40408.924999999996,11,52.902061855670105,United Kingdom,20,0.5374638844301766,40408.924999999996,0,Silver
13590.0,43950.085,10,57.432432432432435,United Kingdom,23,0.4392496392496392,43950.085,0,Silver
13593.0,19308.63,7,49.93,United Kingdom,31,0.31106569343065693,19308.63,0,Bronze
13594.0,9143.83,3,56.68181818181818,United Kingdom,341,0.8697142857142858,9143.83,0,Bronze
13595.0,40004.1625,12,50.46022727272727,United Kingdom,5,0.6714705882352942,40004.1625,0,Silver
13597.0,20152.21,10,45.10526315789474,United Kingdom,99,0.5474820143884892,20152.21,0,Bronze
13598.0,31870.09,11,53.6764705882353,United Kingdom,14,0.46700139470013946,31870.09,0,Bronze
13599.0,45594.494999999995,9,59.13291139240506,United Kingdom,6,0.4095067264573991,45594.494999999995,0,Silver
13600.0,67149.9825,18,57.5985401459854,United Kingdom,64,1.0241495327102803,67149.9825,1,Gold
13601.0,42138.969999999994,12,55.93975903614458,United Kingdom,8,0.687909604519774,42138.969999999994,0,Silver
13602.0,21136.219999999998,5,55.53333333333333,United Kingdom,16,0.4323863636363636,21136.219999999998,0,Bronze
13603.0,44931.515,12,50.09239130434783,United Kingdom,2,0.7923644251626898,44931.515,0,Silver
13604.0,23702.735,7,56.120370370370374,United Kingdom,36,0.30881159420289855,23702.735,0,Bronze
13606.0,31297.37,11,56.333333333333336,United Kingdom,14,0.8329353233830846,31297.37,0,Bronze
13607.0,35742.7575,8,61.07142857142857,United Kingdom,31,0.3534397677793904,35742.7575,0,Silver
13608.0,38667.15,13,61.044444444444444,United Kingdom,26,0.683454231433506,38667.15,0,Silver
13609.0,36380.07,9,61.94444444444444,United Kingdom,13,0.3869491525423729,36380.07,0,Silver
13611.0,37139.0775,10,53.36153846153846,United Kingdom,4,0.4287323943661972,37139.0775,0,Silver
13614.0,33327.564999999995,11,50.54375,United Kingdom,146,0.7139445628997868,33327.564999999995,0,Bronze
13615.0,22820.925,7,54.5,United Kingdom,50,0.37057391304347825,22820.925,0,Bronze
13616.0,28341.725,8,53.575,United Kingdom,8,0.3358896551724138,28341.725,0,Bronze
13617.0,39402.56,12,55.23809523809524,United Kingdom,13,0.5038344827586206,39402.56,0,Silver
13618.0,32385.055,9,52.47435897435897,United Kingdom,6,0.3836974789915967,32385.055,0,Bronze
13620.0,55125.03,14,50.86486486486486,Germany,1,0.5910679611650486,55125.03,1,Gold
13621.0,36231.4,11,54.76063829787234,United Kingdom,20,0.5323370429252782,36231.4,0,Silver
13623.0,56747.1375,15,58.88034188034188,Ireland,75,1.005726872246696,56747.1375,1,Gold
13624.0,36756.564999999995,7,66.50909090909092,United Kingdom,82,0.3916911764705882,36756.564999999995,0,Silver
13626.0,45519.075,12,48.93434343434343,United Kingdom,5,0.5301596516690856,45519.075,0,Silver
13628.0,14408.5,5,52.41304347826087,United Kingdom,20,1.2683333333333333,14408.5,0,Bronze
13629.0,44276.0775,10,58.247252747252745,USA,16,0.48471337579617835,44276.0775,0,Silver
13630.0,32059.605,9,55.768115942028984,United Kingdom,8,0.3805,32059.605,0,Bronze
13631.0,45781.205,13,58.382075471698116,United Kingdom,23,0.5768513119533528,45781.205,0,Silver
13636.0,33850.085,10,56.743589743589745,United Kingdom,62,0.475625,33850.085,0,Bronze
13637.0,37558.71,11,49.298701298701296,United Kingdom,6,0.522371294851794,37558.71,0,Silver
13639.0,41694.3725,10,60.42028985507246,United Kingdom,42,0.4502958579881657,41694.3725,0,Silver
13640.0,39264.655,11,56.50568181818182,United Kingdom,15,0.504277108433735,39264.655,0,Silver
13643.0,50558.115,14,56.319327731092436,United Kingdom,11,0.5861898211829436,50558.115,0,Gold
13644.0,90748.735,21,53.46176470588235,United Kingdom,12,0.9080113636363637,90748.735,1,Gold
13645.0,37040.909999999996,11,47.62637362637363,United Kingdom,5,0.6439230769230769,37040.909999999996,0,Silver
13648.0,31536.61,9,56.34920634920635,United Kingdom,41,0.47978984238178635,31536.61,0,Bronze
13650.0,37913.799999999996,10,53.351190476190474,United Kingdom,9,0.42336578581363005,37913.799999999996,0,Silver
13653.0,41497.99,8,56.857142857142854,United Kingdom,68,0.5203418803418803,41497.99,0,Silver
13654.0,28272.44,8,56.84920634920635,United Kingdom,44,0.36184249628528975,28272.44,0,Bronze
13656.0,28468.96,7,51.95161290322581,United Kingdom,63,0.47246119733924613,28468.96,0,Bronze
13657.0,37635.395,13,51.41847826086956,United Kingdom,145,0.9795049504950496,37635.395,0,Silver
13660.0,52517.59,11,54.244565217391305,United Kingdom,9,0.5065658093797276,52517.59,0,Gold
13661.0,50619.47,12,55.464646464646464,United Kingdom,14,0.5240746054519368,50619.47,0,Gold
13662.0,32838.015,13,54.505319148936174,United Kingdom,19,0.5853846153846154,32838.015,0,Bronze
13664.0,17742.864999999998,4,65.66,United Kingdom,26,0.26072805139186295,17742.864999999998,0,Bronze
13665.0,44932.115,9,54.403614457831324,United Kingdom,59,0.44330097087378645,44932.115,0,Silver
13666.0,51933.2175,9,63.45774647887324,United Kingdom,43,0.4528264462809917,51933.2175,0,Gold
13670.0,62948.1475,18,58.573076923076925,United Kingdom,11,0.8894805194805194,62948.1475,1,Gold
13672.0,64219.435,16,52.269503546099294,United Kingdom,5,0.7855483870967742,64219.435,1,Gold
13674.0,56561.045,12,60.257894736842104,Switzerland,10,0.5137552742616034,56561.045,1,Gold
13676.0,50318.595,12,54.22631578947368,United Kingdom,26,0.5159322033898305,50318.595,0,Gold
13678.0,33723.1475,10,59.705882352941174,United Kingdom,58,0.46261398176291796,33723.1475,0,Bronze
13679.0,57161.8425,9,57.99431818181818,United Kingdom,23,0.5791966173361522,57161.8425,1,Gold
13680.0,62560.752499999995,12,54.12234042553192,United Kingdom,17,0.5779746835443038,62560.752499999995,1,Gold
13682.0,33691.8675,9,65.4931506849315,United Kingdom,73,0.4520792079207921,33691.8675,0,Bronze
13684.0,51301.549999999996,13,55.943396226415096,United Kingdom,36,0.5685632183908046,51301.549999999996,0,Gold
13685.0,6202.139999999999,2,45.53846153846154,United Kingdom,346,0.3953246753246753,6202.139999999999,0,Bronze
13687.0,39554.405,9,60.74264705882353,United Kingdom,133,0.5238240917782027,39554.405,0,Silver
13690.0,47220.020000000004,14,56.45338983050848,United Kingdom,28,0.6239531478770132,47220.020000000004,0,Silver
13691.0,35226.3525,9,50.45652173913044,United Kingdom,13,0.3794459833795014,35226.3525,0,Silver
13693.0,44214.345,10,53.258823529411764,United Kingdom,7,0.4227777777777778,44214.345,0,Silver
13694.0,33601.795,9,55.729729729729726,United Kingdom,303,0.6327020785219399,33601.795,0,Bronze
13698.0,49963.8375,11,51.07216494845361,United Kingdom,3,0.47495035460992907,49963.8375,0,Gold
13699.0,48456.5275,14,57.41836734693877,United Kingdom,22,0.6679623824451412,48456.5275,0,Silver
13701.0,61454.719999999994,10,55.170103092783506,Germany,19,0.4489675516224189,61454.719999999994,1,Gold
13702.0,42534.182499999995,13,59.157303370786515,United Kingdom,75,0.6125696594427246,42534.182499999995,0,Silver
13704.0,32250.8975,8,61.28181818181818,United Kingdom,17,0.3434696755994358,32250.8975,0,Bronze
13705.0,40854.2025,8,59.43939393939394,United Kingdom,32,0.42277777777777775,40854.2025,0,Silver
13707.0,19872.782499999998,4,64.19642857142857,United Kingdom,251,0.32211640211640213,19872.782499999998,0,Bronze
13708.0,78211.2125,17,60.68076923076923,United Kingdom,15,0.7598825256975037,78211.2125,1,Gold
13709.0,52654.4575,11,54.84,United Kingdom,1,0.4549456521739131,52654.4575,0,Gold
13710.0,45441.112499999996,10,63.20987654320987,United Kingdom,15,0.42454672245467223,45441.112499999996,0,Silver
13711.0,27654.985,7,57.96153846153846,United Kingdom,203,0.5902493074792244,27654.985,0,Bronze
13712.0,49845.1725,11,60.03529411764706,United Kingdom,12,0.48109195402298854,49845.1725,0,Gold
13714.0,52863.115,13,57.857142857142854,United Kingdom,14,0.6595333333333333,52863.115,1,Gold
13715.0,35989.35,10,60.49382716049383,United Kingdom,81,0.47861635220125787,35989.35,0,Silver
13716.0,34503.1675,11,59.28488372093023,United Kingdom,40,0.4916886930983847,34503.1675,0,Bronze
13717.0,66004.51,14,52.739669421487605,United Kingdom,17,0.6122988505747127,66004.51,1,Gold
13720.0,41985.5875,11,55.43298969072165,United Kingdom,28,0.48317460317460315,41985.5875,0,Silver
13721.0,54115.945,13,50.942708333333336,United Kingdom,13,0.6321405750798723,54115.945,1,Gold
13723.0,28975.372499999998,8,54.364285714285714,United Kingdom,77,0.36952959028831567,28975.372499999998,0,Bronze
13724.0,36863.4775,8,53.895833333333336,United Kingdom,46,0.4356350626118068,36863.4775,0,Silver
13726.0,34729.215,12,60.69047619047619,United Kingdom,37,0.5255827338129496,34729.215,0,Bronze
13727.0,23659.899999999998,8,50.38636363636363,United Kingdom,22,0.4294885361552028,23659.899999999998,0,Bronze
13728.0,93880.37999999999,23,57.60614525139665,United Kingdom,20,0.9750974930362118,93880.37999999999,1,Gold
13729.0,20772.165,7,51.96875,United Kingdom,209,0.43663934426229506,20772.165,0,Bronze
13730.0,70304.52249999999,15,56.204918032786885,United Kingdom,59,0.9150300601202405,70304.52249999999,1,Gold
13731.0,58602.6525,7,64.45454545454545,United Kingdom,63,0.31708333333333333,58602.6525,1,Gold
13732.0,51429.0325,12,60.810526315789474,United Kingdom,18,0.5203418803418804,51429.0325,0,Gold
13735.0,35483.2875,11,59.56,United Kingdom,12,0.592637168141593,35483.2875,0,Silver
13736.0,48978.142499999994,11,50.24242424242424,United Kingdom,2,0.4549456521739131,48978.142499999994,0,Gold
13737.0,46972.195,12,53.37735849056604,United Kingdom,2,0.707906976744186,46972.195,0,Silver
13738.0,47838.545,12,57.37373737373738,United Kingdom,8,0.5059279778393352,47838.545,0,Silver
13740.0,76408.70999999999,21,53.916666666666664,United Kingdom,26,0.9224242424242424,76408.70999999999,1,Gold
13741.0,48491.835,10,52.77160493827161,United Kingdom,70,0.4668711656441718,48491.835,0,Silver
13744.0,29043.875,8,53.95762711864407,United Kingdom,142,0.41135135135135137,29043.875,0,Bronze
13747.0,22778.629999999997,6,56.75,United Kingdom,22,0.2658515283842795,22778.629999999997,0,Bronze
13749.0,46453.939999999995,11,60.5125,United Kingdom,116,0.5480196399345336,46453.939999999995,0,Silver
13750.0,33646.655,13,53.83018867924528,United Kingdom,52,0.7713840155945421,33646.655,0,Bronze
13751.0,38387.415,10,59.69444444444444,United Kingdom,100,0.5776091081593928,38387.415,0,Silver
13752.0,47069.345,14,58.94660194174757,United Kingdom,5,0.7463397548161121,47069.345,0,Silver
13753.0,27967.67,7,54.86274509803921,France,125,0.35161716171617163,27967.67,0,Bronze
13755.0,51066.752499999995,12,57.40217391304348,USA,38,0.5451940298507463,51066.752499999995,0,Gold
13757.0,22299.285,8,53.80769230769231,United Kingdom,29,0.35038848920863314,22299.285,0,Bronze
13758.0,15487.13,3,56.84,United Kingdom,347,0.24747967479674798,15487.13,0,Bronze
13759.0,32933.055,13,53.984848484848484,USA,21,0.6281269841269842,32933.055,0,Bronze
13763.0,35630.36,10,53.77333333333333,United Kingdom,24,0.42692847124824684,35630.36,0,Silver
13764.0,55200.807499999995,11,51.66304347826087,United Kingdom,7,0.5743396226415095,55200.807499999995,1,Gold
13765.0,38143.0275,10,57.70666666666666,United Kingdom,36,0.5115966386554622,38143.0275,0,Silver
13767.0,65658.95749999999,13,55.404761904761905,United Kingdom,1,0.762466281310212,65658.95749999999,1,Gold
13768.0,27421.76,7,58.083333333333336,United Kingdom,53,0.31520710059171597,27421.76,0,Bronze
13769.0,30889.425,8,56.76315789473684,United Kingdom,26,0.4051913477537437,30889.425,0,Bronze
13770.0,45565.6525,11,58.648809523809526,Germany,88,0.5175270479134467,45565.6525,0,Silver
13774.0,30975.239999999998,9,52.56716417910448,United Kingdom,166,0.49630434782608696,30975.239999999998,0,Bronze
13775.0,33735.075,7,62.121428571428574,United Kingdom,45,0.4602159827213823,33735.075,0,Bronze
13776.0,27127.39,9,51.801587301587304,United Kingdom,172,0.486607460035524,27127.39,0,Bronze
13779.0,49698.215,10,56.73529411764706,Ireland,97,0.4901771336553945,49698.215,0,Gold
13783.0,29427.495,7,61.71875,United Kingdom,6,0.5394430379746836,29427.495,0,Bronze
13785.0,42006.354999999996,10,53.2828947368421,United Kingdom,87,0.6328482328482329,42006.354999999996,0,Silver
13786.0,50384.86,10,60.70879120879121,United Kingdom,26,0.4330014224751067,50384.86,0,Gold
13787.0,36804.5375,10,55.58974358974359,United Kingdom,225,0.6302277432712216,36804.5375,0,Silver
13790.0,26129.0025,7,49.69444444444444,France,71,0.3243226788432268,26129.0025,0,Bronze
13791.0,54202.424999999996,10,56.03225806451613,United Kingdom,60,0.4563718140929536,54202.424999999996,1,Gold
13793.0,44538.7025,8,58.0,United Kingdom,26,0.43100884955752217,44538.7025,0,Silver
13795.0,41189.549999999996,9,51.61309523809524,United Kingdom,29,0.4267289719626169,41189.549999999996,0,Silver
13803.0,39371.09,10,62.75595238095238,United Kingdom,8,0.475625,39371.09,0,Silver
13804.0,39569.3,8,73.4765625,United Kingdom,69,0.39404530744336574,39569.3,0,Silver
13805.0,55167.7075,13,57.92307692307692,Belgium,20,0.5613049645390071,55167.7075,1,Gold
13806.0,55190.534999999996,12,53.38,USA,29,0.8227027027027027,55190.534999999996,1,Gold
13807.0,48708.799999999996,9,56.65068493150685,United Kingdom,41,0.4739792387543253,48708.799999999996,0,Silver
13808.0,22009.5,6,55.5531914893617,United Kingdom,21,0.2643125904486252,22009.5,0,Bronze
13809.0,56831.875,12,62.045918367346935,United Kingdom,77,0.605771144278607,56831.875,1,Gold
13812.0,50256.805,12,52.482608695652175,United Kingdom,45,0.5340350877192983,50256.805,0,Gold
13814.0,64119.1425,14,55.12096774193548,United Kingdom,7,0.5853846153846154,64119.1425,1,Gold
13815.0,23924.4725,6,54.75,United Kingdom,167,0.6067774086378738,23924.4725,0,Bronze
13819.0,47935.51,13,49.34583333333333,United Kingdom,74,0.8109016393442623,47935.51,0,Silver
13820.0,58857.244999999995,12,63.378787878787875,United Kingdom,72,0.5484684684684685,58857.244999999995,1,Gold
13821.0,21385.125,8,55.14912280701754,Switzerland,9,0.48413518886679924,21385.125,0,Bronze
13822.0,30880.265,10,52.46376811594203,United Kingdom,14,0.5349736379613358,30880.265,0,Bronze
13824.0,21007.1725,5,56.7375,France,185,0.3323144104803494,21007.1725,0,Bronze
13826.0,51222.655,10,59.45505617977528,United Kingdom,189,0.5575091575091575,51222.655,0,Gold
13829.0,48148.57,14,54.566964285714285,United Kingdom,110,0.6796810207336523,48148.57,0,Silver
13831.0,70598.66249999999,16,53.30344827586207,United Kingdom,20,0.732390977443609,70598.66249999999,1,Gold
13832.0,46245.46,10,55.493589743589745,United Kingdom,3,0.5494584837545127,46245.46,0,Silver
13833.0,45354.8875,10,53.285714285714285,United Kingdom,35,0.5349736379613358,45354.8875,0,Silver
13834.0,58953.2775,15,58.910714285714285,United Kingdom,10,0.6350486787204451,58953.2775,1,Gold
13836.0,34715.205,11,55.16860465116279,United Kingdom,20,0.46635097493036215,34715.205,0,Bronze
13837.0,49824.515,10,62.17391304347826,United Kingdom,42,0.4734059097978227,49824.515,0,Gold
13838.0,37462.89,9,61.75373134328358,United Kingdom,60,0.4491147540983607,37462.89,0,Silver
13840.0,41836.435,11,53.06310679611651,United Kingdom,2,0.45931412894375856,41836.435,0,Silver
13842.0,35997.159999999996,10,53.77058823529412,United Kingdom,21,0.42812939521800286,35997.159999999996,0,Silver
13844.0,28767.73,5,53.27777777777778,United Kingdom,52,0.30747474747474746,28767.73,0,Bronze
13845.0,29795.1125,10,46.09615384615385,United Kingdom,42,0.4529761904761905,29795.1125,0,Bronze
13849.0,37092.8525,8,65.63492063492063,United Kingdom,64,0.3623809523809524,37092.8525,0,Silver
13852.0,44810.42,11,52.3235294117647,United Kingdom,7,0.7575565610859729,44810.42,0,Silver
13853.0,35328.1325,7,56.10909090909091,United Kingdom,2,0.4105587668593449,35328.1325,0,Silver
13854.0,80289.0725,16,56.72,United Kingdom,22,0.6869393511988716,80289.0725,1,Gold
13856.0,30410.559999999998,7,58.86046511627907,United Kingdom,40,0.42446215139442234,30410.559999999998,0,Bronze
13857.0,54385.7075,14,62.83018867924528,United Kingdom,28,0.6176231884057971,54385.7075,1,Gold
13860.0,81317.0,12,65.16666666666667,United Kingdom,23,0.687909604519774,81317.0,1,Gold
13862.0,39855.04,10,48.74324324324324,United Kingdom,12,0.42044198895027624,39855.04,0,Silver
13865.0,48879.765,12,52.94845360824742,United Kingdom,1,0.49901639344262294,48879.765,0,Silver
13867.0,43409.682499999995,9,57.57462686567164,United Kingdom,2,0.3847752808988764,43409.682499999995,0,Silver
13868.0,34639.362499999996,8,53.87692307692308,Belgium,35,0.3488825214899714,34639.362499999996,0,Bronze
13870.0,31918.239999999998,10,58.46153846153846,Germany,37,0.4386167146974064,31918.239999999998,0,Bronze
13873.0,33115.77,9,58.939189189189186,United Kingdom,142,0.5828936170212766,33115.77,0,Bronze
13875.0,16050.595,5,56.35526315789474,United Kingdom,44,0.23415384615384618,16050.595,0,Bronze
13876.0,44447.432499999995,10,58.03370786516854,United Kingdom,78,0.5910679611650486,44447.432499999995,0,Silver
13877.0,49672.0,15,53.692,United Kingdom,16,0.9168674698795182,49672.0,0,Gold
13880.0,65239.2025,13,56.76168224299065,United Kingdom,46,0.7537523809523811,65239.2025,1,Gold
13881.0,60436.534999999996,13,63.693069306930695,United Kingdom,8,0.5853846153846154,60436.534999999996,1,Gold
13882.0,33842.6075,10,58.25308641975309,United Kingdom,84,0.4697530864197531,33842.6075,0,Bronze
13883.0,23918.594999999998,5,67.09782608695652,Germany,2,0.33822222222222226,23918.594999999998,0,Bronze
13884.0,77307.97,19,61.322695035460995,United Kingdom,10,0.808895104895105,77307.97,1,Gold
13888.0,61910.322499999995,13,57.866336633663366,United Kingdom,3,0.5458206896551724,61910.322499999995,1,Gold
13889.0,31795.465,10,57.875,United Kingdom,9,0.41698630136986303,31795.465,0,Bronze
13890.0,36831.409999999996,11,51.55681818181818,United Kingdom,147,0.7154700854700855,36831.409999999996,0,Silver
13891.0,46425.909999999996,12,58.255102040816325,United Kingdom,12,0.7923644251626898,46425.909999999996,0,Silver
13892.0,30803.4525,8,58.28448275862069,United Kingdom,45,0.4279789103690686,30803.4525,0,Bronze
13894.0,22367.045,12,53.5,Spain,101,0.6605424954792044,22367.045,0,Bronze
13896.0,31204.385,6,66.6,Germany,19,0.39964989059080963,31204.385,0,Bronze
13897.0,46765.555,13,59.151162790697676,United Kingdom,6,0.5862518518518519,46765.555,0,Silver
13898.0,59609.67,11,66.73157894736842,United Kingdom,39,0.5119877675840979,59609.67,1,Gold
13899.0,47293.6975,11,64.18181818181819,United Kingdom,31,0.5823304347826087,47293.6975,0,Silver
13900.0,40798.69,9,55.95238095238095,United Kingdom,4,0.4341679873217116,40798.69,0,Silver
13902.0,52917.3025,15,56.142857142857146,United Kingdom,12,0.6467422096317281,52917.3025,1,Gold
13903.0,68938.8925,17,53.7992700729927,United Kingdom,119,0.8359935379644589,68938.8925,1,Gold
13904.0,15829.259999999998,7,54.45918367346939,United Kingdom,67,0.33984051036682617,15829.259999999998,0,Bronze
13908.0,60740.642499999994,12,58.22222222222222,United Kingdom,62,0.5542943854324734,60740.642499999994,1,Gold
13910.0,30939.19,8,54.78813559322034,USA,164,0.43485714285714283,30939.19,0,Bronze
13912.0,25895.504999999997,6,51.698113207547166,United Kingdom,14,0.2572394366197183,25895.504999999997,0,Bronze
13913.0,51541.215,13,53.95263157894737,United Kingdom,40,0.58279823269514,51541.215,0,Gold
13914.0,70825.9175,16,52.62765957446808,Switzerland,26,0.8440901213171578,70825.9175,1,Gold
13916.0,47379.01,15,56.20866141732284,United Kingdom,26,1.0079470198675498,47379.01,0,Silver
13918.0,48150.8575,11,54.13333333333333,United Kingdom,19,0.47360678925035365,48150.8575,0,Silver
13920.0,30259.98,9,58.71527777777778,United Kingdom,4,0.5188636363636363,30259.98,0,Bronze
13922.0,22876.12,6,57.63,United Kingdom,6,0.4683076923076923,22876.12,0,Bronze
13926.0,28978.72,9,52.28082191780822,United Kingdom,32,0.3880453257790369,28978.72,0,Bronze
13927.0,43885.67,11,55.522222222222226,United Kingdom,24,0.4702808988764045,43885.67,0,Silver
13929.0,58590.2425,11,61.656565656565654,United Kingdom,38,0.499016393442623,58590.2425,1,Gold
13930.0,62527.244999999995,11,54.25824175824176,United Kingdom,44,0.5743396226415095,62527.244999999995,1,Gold
13931.0,42382.5275,9,48.026666666666664,United Kingdom,24,0.3880453257790369,42382.5275,0,Silver
13932.0,17593.675,7,63.13414634146341,United Kingdom,78,0.6556307692307692,17593.675,0,Bronze
13933.0,47653.502499999995,13,55.30275229357798,United Kingdom,2,0.5589265536723164,47653.502499999995,0,Silver
13939.0,30315.7375,8,56.15079365079365,United Kingdom,6,0.42058721934369603,30315.7375,0,Bronze
13940.0,26383.372499999998,5,50.088235294117645,United Kingdom,270,0.39532467532467536,26383.372499999998,0,Bronze
13942.0,26762.095,10,52.04430379746835,United Kingdom,12,0.5168081494057726,26762.095,0,Bronze
13944.0,41497.49,10,56.40555555555556,United Kingdom,32,0.4424418604651163,41497.49,0,Silver
13945.0,46415.965,13,56.142857142857146,United Kingdom,29,0.5702017291066283,46415.965,0,Silver
13946.0,22308.920000000002,10,55.70454545454545,United Kingdom,126,0.7230403800475059,22308.920000000002,0,Bronze
13948.0,36539.055,7,62.21212121212121,United Kingdom,18,0.7174410774410775,36539.055,0,Silver
13950.0,20154.22,5,51.67,United Kingdom,2,0.20792349726775958,20154.22,0,Bronze
13952.0,44354.715,10,58.69736842105263,United Kingdom,43,0.455688622754491,44354.715,0,Silver
13953.0,24501.345,7,54.329787234042556,United Kingdom,167,0.5491752577319587,24501.345,0,Bronze
13954.0,52488.835,14,53.0990990990991,United Kingdom,5,0.5845816186556927,52488.835,0,Gold
13955.0,22725.085,7,58.532786885245905,United Kingdom,40,0.38954296160877516,22725.085,0,Bronze
13956.0,48978.3875,12,56.409909909909906,United Kingdom,15,0.648809946714032,48978.3875,0,Gold
13958.0,39893.659999999996,9,57.31159420289855,United Kingdom,37,0.46591836734693876,39893.659999999996,0,Silver
13959.0,40208.445,11,54.675324675324674,United Kingdom,15,0.7294989106753813,40208.445,0,Silver
13960.0,37823.225,10,58.8974358974359,United Kingdom,6,0.41986206896551725,37823.225,0,Silver
13962.0,56287.435,14,54.22222222222222,United Kingdom,36,0.6322848664688427,56287.435,1,Gold
13963.0,43991.5075,10,54.61538461538461,United Kingdom,5,0.4152796725784447,43991.5075,0,Silver
13964.0,85590.1525,15,63.457142857142856,United Kingdom,17,0.6332871012482663,85590.1525,1,Gold
13965.0,55441.2875,13,59.45378151260504,United Kingdom,1,0.5519107391910739,55441.2875,1,Gold
13968.0,52458.7775,9,60.81547619047619,United Kingdom,37,0.4520792079207921,52458.7775,0,Gold
13969.0,86767.05249999999,21,54.595238095238095,United Kingdom,33,0.923757225433526,86767.05249999999,1,Gold
13971.0,43933.515,13,60.104395604395606,France,3,0.5406010928961749,43933.515,0,Silver
13972.0,18564.07,6,60.42307692307692,United Kingdom,4,0.2994098360655738,18564.07,0,Bronze
13973.0,45703.3775,13,62.160714285714285,United Kingdom,122,0.8473661670235546,45703.3775,0,Silver
13974.0,39128.597499999996,11,53.97701149425287,United Kingdom,6,0.482478386167147,39128.597499999996,0,Silver
13975.0,52448.2,15,56.9070796460177,United Kingdom,9,0.6289256198347108,52448.2,0,Gold
13976.0,48873.4525,12,50.56060606060606,United Kingdom,12,0.5798095238095239,48873.4525,0,Silver
13978.0,33457.065,8,61.73728813559322,USA,243,0.5094560669456067,33457.065,0,Bronze
13979.0,46134.3175,14,56.11538461538461,United Kingdom,23,0.6918181818181818,46134.3175,0,Silver
13981.0,14500.255000000001,5,49.77142857142857,USA,5,0.4005263157894737,14500.255000000001,0,Bronze
13984.0,13209.189999999999,6,49.98809523809524,United Kingdom,80,0.4443795620437956,13209.189999999999,0,Bronze
13986.0,54031.229999999996,12,58.55050505050505,United Kingdom,90,0.7594178794178794,54031.229999999996,1,Gold
13987.0,41383.31,10,55.23033707865169,Spain,88,0.635490605427975,41383.31,0,Silver
13988.0,22838.52,7,53.625,United Kingdom,80,0.413747572815534,22838.52,0,Bronze
13989.0,49108.597499999996,15,52.56422018348624,United Kingdom,8,0.6271978021978022,49108.597499999996,0,Gold
13991.0,33241.11,7,55.86363636363637,Spain,1,0.9910697674418605,33241.11,0,Bronze
13993.0,42419.924999999996,11,54.8780487804878,United Kingdom,1,0.5435714285714286,42419.924999999996,0,Silver
13996.0,40785.94,6,58.85,United Kingdom,19,0.259063829787234,40785.94,0,Silver
13997.0,29347.98,7,61.1140350877193,United Kingdom,68,0.3533665008291874,29347.98,0,Bronze
13998.0,33712.95,13,52.36893203883495,United Kingdom,51,0.6116228748068007,33712.95,0,Bronze
13999.0,42490.33,9,61.03012048192771,United Kingdom,8,0.46043697478991596,42490.33,0,Silver
14000.0,75841.8925,17,59.6937984496124,United Kingdom,34,0.7499710144927537,75841.8925,1,Gold
14002.0,38697.8525,8,56.731884057971016,United Kingdom,126,0.6134005037783375,38697.8525,0,Silver
14003.0,28653.837499999998,8,62.981818181818184,United Kingdom,92,0.3890095846645368,28653.837499999998,0,Bronze
14007.0,53954.7025,11,50.64563106796116,United Kingdom,11,0.45994505494505494,53954.7025,1,Gold
14009.0,79290.425,20,55.72485207100592,United Kingdom,11,0.8598870056497175,79290.425,1,Gold
14010.0,64736.27,12,58.06435643564357,Switzerland,2,0.5910679611650486,64736.27,1,Gold
14012.0,36709.8175,9,54.57575757575758,United Kingdom,31,0.3958959537572254,36709.8175,0,Silver
14013.0,51673.1775,12,57.23888888888889,United Kingdom,33,0.5628351309707241,51673.1775,0,Gold
14014.0,55160.417499999996,14,54.48623853211009,United Kingdom,76,0.6496341463414634,55160.417499999996,1,Gold
14015.0,38157.35999999999,8,52.8203125,United Kingdom,8,0.33358904109589044,38157.35999999999,0,Silver
14016.0,49734.705,12,59.55232558139535,United Kingdom,3,0.6007894736842105,49734.705,0,Gold
14017.0,84526.0125,13,66.27642276422765,France,53,1.0782561307901908,84526.0125,1,Gold
14018.0,29562.595,7,55.2,United Kingdom,6,0.30353276353276354,29562.595,0,Bronze
14019.0,39990.745,12,58.30582524271845,United Kingdom,97,0.7051737451737452,39990.745,0,Silver
14020.0,41974.13,11,55.37820512820513,United Kingdom,43,0.6591338582677165,41974.13,0,Silver
14021.0,34745.7975,7,61.08620689655172,United Kingdom,36,0.34478964401294504,34745.7975,0,Bronze
14022.0,37984.6575,13,60.53092783505155,United Kingdom,3,0.5443191196698762,37984.6575,0,Silver
14024.0,44261.822499999995,10,57.31944444444444,United Kingdom,57,0.4543283582089553,44261.822499999995,0,Silver
14025.0,20481.475,6,58.275510204081634,United Kingdom,59,0.30039473684210527,20481.475,0,Bronze
14026.0,10217.16,4,60.95161290322581,United Kingdom,107,0.3560233918128655,10217.16,0,Bronze
14027.0,61848.3825,13,57.12735849056604,United Kingdom,25,0.5581382228490832,61848.3825,1,Gold
14028.0,51554.4925,13,63.58673469387755,United Kingdom,77,0.6013981762917934,51554.4925,0,Gold
14030.0,23717.815,9,51.65873015873016,United Kingdom,7,0.4046676514032496,23717.815,0,Bronze
14031.0,38949.735,11,60.986666666666665,United Kingdom,20,0.5119877675840979,38949.735,0,Silver
14032.0,36340.58,10,57.080882352941174,United Kingdom,81,0.4878205128205128,36340.58,0,Silver
14033.0,29455.45,5,64.4795918367347,United Kingdom,8,0.246677471636953,29455.45,0,Bronze
14035.0,42486.6075,9,70.5909090909091,United Kingdom,2,0.4945126353790614,42486.6075,0,Silver
14038.0,73487.70999999999,16,66.60084033613445,Germany,17,0.7780191693290736,73487.70999999999,1,Gold
14040.0,30042.2575,8,53.88135593220339,United Kingdom,61,0.36730015082956263,30042.2575,0,Bronze
14041.0,23559.705,8,44.00909090909091,United Kingdom,19,0.34298591549295776,23559.705,0,Bronze
14043.0,44901.325,11,55.27840909090909,Portugal,11,0.5646543001686342,44901.325,0,Silver
14046.0,55550.119999999995,16,54.62592592592593,United Kingdom,17,0.7621909233176839,55550.119999999995,1,Gold
14047.0,24338.9975,7,60.357142857142854,United Kingdom,36,0.3345054945054945,24338.9975,0,Bronze
14050.0,23410.12,6,61.35576923076923,United Kingdom,150,0.3660120240480962,23410.12,0,Bronze
14053.0,40690.765,12,54.80882352941177,United Kingdom,19,0.5233237822349571,40690.765,0,Silver
14056.0,45489.995,11,53.17894736842105,United Kingdom,24,0.4783428571428572,45489.995,0,Silver
14058.0,36766.155,8,54.43076923076923,United Kingdom,43,0.48704,36766.155,0,Silver
14059.0,12286.395,4,58.82142857142857,United Kingdom,136,0.2760997732426304,12286.395,0,Bronze
14061.0,21396.82,7,61.96808510638298,United Kingdom,96,0.3319003115264798,21396.82,0,Bronze
14063.0,38514.9275,9,59.85616438356164,France,59,0.44187096774193546,38514.9275,0,Silver
14064.0,19392.19,6,48.673469387755105,United Kingdom,129,0.4218013856812933,19392.19,0,Bronze
14067.0,52072.2725,10,58.1,United Kingdom,35,0.4476470588235294,52072.2725,0,Gold
14068.0,46446.9675,13,58.166666666666664,United Kingdom,13,0.5519107391910739,46446.9675,0,Silver
14069.0,19048.345,6,69.54166666666667,France,29,0.3910920770877944,19048.345,0,Bronze
14070.0,16099.39,6,57.59756097560975,United Kingdom,1,0.25544055944055943,16099.39,0,Bronze
14071.0,30163.11,8,56.69178082191781,United Kingdom,15,0.34541843971631203,30163.11,0,Bronze
14072.0,41262.579999999994,7,60.12096774193548,United Kingdom,78,0.5327000000000001,41262.579999999994,0,Silver
14073.0,34912.475,9,53.60493827160494,Spain,9,0.3836974789915967,34912.475,0,Bronze
14074.0,55152.807499999995,13,61.50480769230769,United Kingdom,66,0.6403236245954693,55152.807499999995,1,Gold
14075.0,33587.965,8,53.333333333333336,United Kingdom,2,0.35038848920863314,33587.965,0,Bronze
14076.0,38405.08,12,57.74242424242424,United Kingdom,20,0.556829268292683,38405.08,0,Silver
14077.0,32915.9625,9,54.723880597014926,United Kingdom,29,0.46591836734693876,32915.9625,0,Bronze
14078.0,23603.329999999998,7,51.49074074074074,Germany,20,0.306589928057554,23603.329999999998,0,Bronze
14079.0,45191.847499999996,11,60.362637362637365,United Kingdom,7,0.6847443762781187,45191.847499999996,0,Silver
14080.0,54793.955,12,60.25595238095238,United Kingdom,2,0.617027027027027,54793.955,1,Gold
14081.0,57868.35,13,60.1,United Kingdom,18,0.5557865168539325,57868.35,1,Gold
14083.0,61008.72749999999,12,60.885,France,46,0.5628351309707241,61008.72749999999,1,Gold
14084.0,51314.0825,14,53.395833333333336,United Kingdom,38,0.61054441260745,51314.0825,0,Gold
14085.0,19154.92,7,48.91836734693877,United Kingdom,204,0.4005263157894737,19154.92,0,Bronze
14088.0,32466.614999999998,10,54.87323943661972,United Kingdom,35,0.4450292397660819,32466.614999999998,0,Bronze
14089.0,25307.829999999998,6,55.01923076923077,United Kingdom,50,0.2767272727272727,25307.829999999998,0,Bronze
14091.0,23383.019999999997,5,51.226190476190474,Germany,7,0.2855534709193246,23383.019999999997,0,Bronze
14092.0,21027.86,6,57.32608695652174,United Kingdom,17,0.2831627906976744,21027.86,0,Bronze
14094.0,23295.69,7,53.68333333333333,United Kingdom,56,0.5109832134292566,23295.69,0,Bronze
14095.0,33884.1225,8,54.810344827586206,United Kingdom,100,0.43253996447602133,33884.1225,0,Bronze
14098.0,40990.27,11,50.785714285714285,United Kingdom,33,0.525651491365777,40990.27,0,Silver
14099.0,48712.1325,9,59.385714285714286,United Kingdom,5,0.3864033850493653,48712.1325,0,Silver
14100.0,55010.6525,13,58.93627450980392,United Kingdom,5,0.5550070126227209,55010.6525,1,Gold
14105.0,32731.8975,9,57.76119402985075,United Kingdom,17,0.4558402662229617,32731.8975,0,Bronze
14110.0,4111.110000000001,2,53.9375,United Kingdom,365,0.8010526315789473,4111.110000000001,0,Bronze
14111.0,29555.285,8,59.4,United Kingdom,51,0.383496062992126,29555.285,0,Bronze
14112.0,64732.2325,13,57.409574468085104,United Kingdom,22,0.5613049645390071,64732.2325,1,Gold
14113.0,27262.975,6,52.285714285714285,United Kingdom,12,0.34011173184357546,27262.975,0,Bronze
14114.0,49822.26,13,53.35514018691589,United Kingdom,38,0.5776934306569343,49822.26,0,Gold
14116.0,24334.185,6,57.144444444444446,United Kingdom,5,0.3079932546374368,24334.185,0,Bronze
14117.0,42811.9125,9,56.2463768115942,United Kingdom,25,0.4909677419354839,42811.9125,0,Silver
14123.0,52001.9475,13,55.80952380952381,United Kingdom,58,0.6403236245954693,52001.9475,0,Gold
14125.0,41549.56,11,59.52439024390244,United Kingdom,11,0.4709423347398031,41549.56,0,Silver
14126.0,27198.87,11,50.5974025974026,United Kingdom,4,0.4555646258503402,27198.87,0,Bronze
14127.0,29664.670000000002,9,58.871428571428574,United Kingdom,176,0.5159322033898305,29664.670000000002,0,Bronze
14128.0,64401.8025,15,57.710743801652896,United Kingdom,4,0.624623803009576,64401.8025,1,Gold
14129.0,41106.485,11,63.16265060240964,United Kingdom,100,0.6630495049504951,41106.485,0,Silver
14130.0,76531.89,18,59.20075757575758,United Kingdom,3,0.7782954545454546,76531.89,1,Gold
14131.0,63121.877499999995,14,53.291666666666664,United Kingdom,7,0.6456969696969697,63121.877499999995,1,Gold
14136.0,62049.9225,13,56.31192660550459,United Kingdom,7,0.5503755215577191,62049.9225,1,Gold
14137.0,61073.7625,12,56.788288288288285,United Kingdom,11,0.5387610619469027,61073.7625,1,Gold
14139.0,37236.17249999999,6,56.39795918367347,Belgium,140,0.42672897196261683,37236.17249999999,0,Silver
14140.0,46068.204999999994,9,51.932432432432435,United Kingdom,4,0.3924928366762178,46068.204999999994,0,Silver
14142.0,44901.579999999994,12,59.438202247191015,United Kingdom,6,0.590113085621971,44901.579999999994,0,Silver
14144.0,77270.3725,17,57.53900709219858,United Kingdom,7,0.7700595238095238,77270.3725,1,Gold
14147.0,33727.56,8,50.46491228070175,Switzerland,122,0.6493866666666668,33727.56,0,Bronze
14149.0,54850.1925,11,57.95918367346939,United Kingdom,27,0.679188640973631,54850.1925,1,Gold
14150.0,26157.985,9,53.34782608695652,Germany,26,0.5382318271119844,26157.985,0,Bronze
14152.0,12985.94,5,62.391891891891895,United Kingdom,37,0.28448598130841124,12985.94,0,Bronze
14153.0,63557.292499999996,14,60.28787878787879,United Kingdom,3,0.5837808219178083,63557.292499999996,1,Gold
14154.0,66901.95999999999,15,56.82945736434109,United Kingdom,35,0.672459499263623,66901.95999999999,1,Gold
14156.0,56099.189999999995,13,56.33653846153846,United Kingdom,39,0.5751744186046511,56099.189999999995,1,Gold
14158.0,24408.085,6,61.092592592592595,United Kingdom,10,0.3682258064516129,24408.085,0,Bronze
14161.0,15174.644999999999,4,56.041666666666664,United Kingdom,21,0.36346268656716424,15174.644999999999,0,Bronze
14162.0,36953.225,13,51.08673469387755,United Kingdom,36,0.6069325153374233,36953.225,0,Silver
14163.0,52400.2725,14,63.97222222222222,United Kingdom,3,0.5821857923497268,52400.2725,0,Gold
14166.0,42468.847499999996,9,56.0,United Kingdom,21,0.6554066985645933,42468.847499999996,0,Silver
14167.0,55335.4825,16,54.37603305785124,United Kingdom,42,0.7048335745296672,55335.4825,1,Gold
14169.0,53329.235,9,57.90909090909091,United Kingdom,72,0.49008944543828264,53329.235,1,Gold
14170.0,57735.61,14,53.693693693693696,United Kingdom,6,0.6963398692810457,57735.61,1,Gold
14171.0,41801.572499999995,9,56.59493670886076,United Kingdom,3,0.6781188118811882,41801.572499999995,0,Silver
14172.0,22911.945,8,53.64912280701754,United Kingdom,24,0.44682568807339457,22911.945,0,Bronze
14173.0,58013.9125,17,56.14344262295082,United Kingdom,57,0.8483278688524591,58013.9125,1,Gold
14174.0,28852.5,9,56.827586206896555,United Kingdom,5,0.3993586005830904,28852.5,0,Bronze
14175.0,27840.03,8,59.14754098360656,United Kingdom,2,0.4141496598639456,27840.03,0,Bronze
14176.0,39637.805,12,57.21686746987952,United Kingdom,2,0.5225751072961373,39637.805,0,Silver
14179.0,30492.405,10,53.08522727272727,United Kingdom,5,0.6137096774193548,30492.405,0,Bronze
14182.0,49884.447499999995,14,57.03,United Kingdom,56,0.6276288659793815,49884.447499999995,0,Gold
14183.0,45837.854999999996,10,54.91477272727273,United Kingdom,11,0.4323863636363636,45837.854999999996,0,Silver
14184.0,77945.6375,16,60.825,United Kingdom,120,0.8010526315789473,77945.6375,1,Gold
14186.0,69808.7175,14,55.93396226415094,United Kingdom,24,0.6044822695035461,69808.7175,1,Gold
14189.0,57722.3125,16,57.53846153846154,United Kingdom,10,0.7247619047619048,57722.3125,1,Gold
14193.0,62854.3175,10,63.09782608695652,United Kingdom,89,0.48860353130016054,62854.3175,1,Gold
14194.0,25278.415,6,59.148936170212764,Netherlands,14,0.41698630136986303,25278.415,0,Bronze
14196.0,72959.895,15,62.095652173913045,United Kingdom,18,0.6368200836820084,72959.895,1,Gold
14198.0,27569.7775,10,54.98701298701299,United Kingdom,4,0.42454672245467223,27569.7775,0,Bronze
14199.0,23781.665,8,53.95652173913044,United Kingdom,214,0.48606786427145715,23781.665,0,Bronze
14200.0,37857.8825,7,65.04310344827586,United Kingdom,56,0.31520710059171597,37857.8825,0,Silver
14201.0,44041.932499999995,10,52.45977011494253,United Kingdom,85,0.9756410256410256,44041.932499999995,0,Silver
14205.0,56400.945,12,54.745,United Kingdom,5,0.5356011730205279,56400.945,1,Gold
14210.0,73880.235,15,57.140625,United Kingdom,66,0.7436482084690554,73880.235,1,Gold
14212.0,23920.114999999998,7,56.70338983050848,United Kingdom,62,0.32236006051437216,23920.114999999998,0,Bronze
14213.0,60763.5775,14,61.27477477477478,United Kingdom,2,0.665875,60763.5775,1,Gold
14214.0,33561.475,6,63.092592592592595,United Kingdom,40,0.2713818722139673,33561.475,0,Bronze
14215.0,48637.99,13,55.13302752293578,United Kingdom,56,0.6942456140350878,48637.99,0,Silver
14218.0,32970.42,11,54.608108108108105,Germany,3,0.4742776203966006,32970.42,0,Bronze
14219.0,37508.565,13,51.37777777777778,United Kingdom,8,0.7016312056737588,37508.565,0,Silver
14220.0,75906.6825,16,65.06746031746032,Germany,21,0.6997701149425287,75906.6825,1,Gold
14221.0,38046.84,11,66.65068493150685,United Kingdom,34,0.48040172166427547,38046.84,0,Silver
14222.0,75051.26,12,59.820754716981135,United Kingdom,22,0.5672049689440993,75051.26,1,Gold
14223.0,23233.285,5,58.48913043478261,United Kingdom,9,0.22921686746987951,23233.285,0,Bronze
14224.0,41773.182499999995,11,53.644444444444446,United Kingdom,23,0.5159322033898305,41773.182499999995,0,Silver
14225.0,30737.645,8,59.69285714285714,United Kingdom,5,0.3340466392318244,30737.645,0,Bronze
14226.0,35225.18,8,65.08333333333333,United Kingdom,6,0.41698630136986303,35225.18,0,Silver
14227.0,56446.03,12,56.333333333333336,United Kingdom,1,0.49901639344262294,56446.03,1,Gold
14228.0,40299.534999999996,12,60.27564102564103,United Kingdom,61,0.5517824773413897,40299.534999999996,0,Silver
14229.0,38075.67,8,61.72435897435897,Spain,23,0.44929889298892994,38075.67,0,Silver
14230.0,20330.899999999998,6,43.65384615384615,United Kingdom,83,0.28360248447204967,20330.899999999998,0,Bronze
14231.0,42525.85,11,59.93258426966292,United Kingdom,121,0.5498193760262725,42525.85,0,Silver
14233.0,28653.4575,5,60.5531914893617,France,23,0.21497175141242938,28653.4575,0,Bronze
14234.0,39046.39,9,64.36764705882354,United Kingdom,8,0.45432835820895523,39046.39,0,Silver
14235.0,63146.765,15,55.5929203539823,United Kingdom,11,0.6845577211394304,63146.765,1,Gold
14236.0,33680.545,10,53.676829268292686,United Kingdom,2,0.46121212121212124,33680.545,0,Bronze
14238.0,47773.222499999996,11,60.235632183908045,United Kingdom,13,0.5435714285714286,47773.222499999996,0,Silver
14239.0,35902.8975,9,56.357142857142854,United Kingdom,17,0.5625462012320328,35902.8975,0,Silver
14240.0,36434.9675,7,57.25396825396825,United Kingdom,19,0.30011267605633807,36434.9675,0,Silver
14242.0,57020.65,16,54.714285714285715,United Kingdom,16,0.8339726027397261,57020.65,1,Gold
14243.0,28980.809999999998,9,47.56944444444444,United Kingdom,14,0.3869491525423729,28980.809999999998,0,Bronze
14244.0,50432.049999999996,9,59.07142857142857,United Kingdom,32,0.3976197387518142,50432.049999999996,0,Gold
14247.0,53066.16499999999,15,52.310679611650485,United Kingdom,8,0.6263374485596708,53066.16499999999,1,Gold
14250.0,27704.0275,6,51.705357142857146,United Kingdom,10,0.3660120240480962,27704.0275,0,Bronze
14251.0,36205.2825,7,62.29661016949152,United Kingdom,77,0.421106719367589,36205.2825,0,Silver
14254.0,46341.61,12,57.252252252252255,United Kingdom,89,0.6997701149425288,46341.61,0,Silver
14255.0,36563.1575,9,58.80882352941177,United Kingdom,8,0.3993586005830904,36563.1575,0,Silver
14256.0,80958.425,18,57.723333333333336,United Kingdom,6,0.8588087774294672,80958.425,1,Gold
14258.0,44479.26,9,64.5253164556962,United Kingdom,18,0.5238240917782027,44479.26,0,Silver
14259.0,56103.252499999995,15,53.11344537815126,France,53,0.6784546805349183,56103.252499999995,1,Gold
14260.0,23283.57,5,61.646341463414636,United Kingdom,45,0.2961089494163424,23283.57,0,Bronze
14261.0,62162.917499999996,16,52.138297872340424,United Kingdom,7,0.7379393939393939,62162.917499999996,1,Gold
14262.0,54296.905,13,55.93396226415094,United Kingdom,123,0.7466415094339623,54296.905,1,Gold
14263.0,52125.365,10,58.67613636363637,United Kingdom,30,0.4476470588235294,52125.365,0,Gold
14264.0,73139.965,16,57.06439393939394,United Kingdom,4,0.666265389876881,73139.965,1,Gold
14265.0,37008.6925,8,55.435064935064936,France,6,0.44357012750455377,37008.6925,0,Silver
14266.0,26510.477499999997,8,57.736111111111114,Germany,13,0.37292496171516076,26510.477499999997,0,Bronze
14268.0,39810.28,12,46.727777777777774,United Kingdom,11,0.5115966386554622,39810.28,0,Silver
14269.0,19205.785,6,49.94565217391305,United Kingdom,19,0.2594318181818182,19205.785,0,Bronze
14270.0,45189.439999999995,10,53.04838709677419,United Kingdom,4,0.4263305322128852,45189.439999999995,0,Silver
14271.0,59429.8175,15,56.945945945945944,United Kingdom,140,0.8052910052910053,59429.8175,1,Gold
14272.0,40805.185,11,55.903225806451616,United Kingdom,26,0.4845730824891462,40805.185,0,Silver
14274.0,39852.515,12,61.38690476190476,United Kingdom,6,0.5073333333333333,39852.515,0,Silver
14275.0,47840.7275,14,50.793577981651374,United Kingdom,2,0.5976998597475456,47840.7275,0,Silver
14276.0,41028.095,12,58.4375,United Kingdom,24,0.5526172465960666,41028.095,0,Silver
14277.0,16986.16,6,61.03921568627451,United Kingdom,3,0.2543732590529248,16986.16,0,Bronze
14278.0,40196.579999999994,11,55.494623655913976,United Kingdom,21,0.5374638844301766,40196.579999999994,0,Silver
14279.0,46660.07,11,59.84375,United Kingdom,34,0.592637168141593,46660.07,0,Silver
14280.0,69857.14,16,57.39393939393939,United Kingdom,4,0.6821288515406163,69857.14,1,Gold
14284.0,37596.585,10,55.666666666666664,United Kingdom,52,0.5275563258232236,37596.585,0,Silver
14285.0,67077.5325,18,61.43014705882353,United Kingdom,18,0.7794025604551921,67077.5325,1,Gold
14286.0,29380.93,8,60.44444444444444,United Kingdom,20,0.5126736842105263,29380.93,0,Bronze
14288.0,99909.39749999999,24,56.578125,United Kingdom,17,1.0289577464788733,99909.39749999999,1,Gold
14289.0,42504.09,9,58.18055555555556,United Kingdom,134,0.5435714285714286,42504.09,0,Silver
14290.0,38650.4775,11,48.80813953488372,France,10,0.49313696612665686,38650.4775,0,Silver
14291.0,41375.479999999996,15,50.74761904761905,United Kingdom,19,1.113658536585366,41375.479999999996,0,Silver
14292.0,45585.47,12,53.004901960784316,United Kingdom,14,0.5309302325581395,45585.47,0,Silver
14294.0,41572.47,8,54.52205882352941,United Kingdom,60,0.368411497730711,41572.47,0,Silver
14297.0,42747.659999999996,11,52.39247311827957,United Kingdom,21,0.47630156472261737,42747.659999999996,0,Silver
14300.0,50074.99,12,54.932291666666664,Netherlands,15,0.6739483394833948,50074.99,0,Gold
14301.0,32598.5025,7,65.36274509803921,Germany,273,0.595195530726257,32598.5025,0,Bronze
14302.0,30973.739999999998,11,52.21111111111111,United Kingdom,31,0.476980056980057,30973.739999999998,0,Bronze
14305.0,25979.67,8,55.714285714285715,United Kingdom,6,0.5572540045766591,25979.67,0,Bronze
14307.0,65914.5875,16,59.20161290322581,United Kingdom,5,0.7027994227994228,65914.5875,1,Gold
14308.0,57182.84,13,61.91935483870968,United Kingdom,20,0.5557865168539325,57182.84,1,Gold
14309.0,36868.1025,9,58.15822784810127,United Kingdom,23,0.7895100864553315,36868.1025,0,Silver
14311.0,45893.08,14,57.18811881188119,Germany,22,0.6044822695035461,45893.08,0,Silver
14315.0,32981.549999999996,8,64.73809523809524,United Kingdom,34,0.4387747747747748,32981.549999999996,0,Bronze
14316.0,33159.15,8,61.42857142857143,United Kingdom,208,0.5052282157676349,33159.15,0,Bronze
14318.0,33223.76,10,51.207142857142856,United Kingdom,90,0.5397163120567375,33223.76,0,Bronze
14321.0,32109.035,10,63.36666666666667,United Kingdom,8,0.42994350282485877,32109.035,0,Bronze
14325.0,79366.955,16,55.42857142857143,United Kingdom,1,0.7236849925705795,79366.955,1,Gold
14330.0,45977.95,14,55.91588785046729,France,64,0.6516207951070337,45977.95,0,Silver
14332.0,26403.575,7,55.20161290322581,United Kingdom,116,0.34257234726688107,26403.575,0,Bronze
14335.0,44018.1325,8,54.50666666666667,United Kingdom,7,0.5159322033898306,44018.1325,0,Silver
14336.0,38620.2825,8,62.792307692307695,United Kingdom,50,0.48126482213438737,38620.2825,0,Silver
14337.0,52117.2575,10,61.176829268292686,United Kingdom,2,0.42994350282485877,52117.2575,0,Gold
14339.0,41570.939999999995,9,53.24698795180723,United Kingdom,12,0.3826256983240224,41570.939999999995,0,Silver
14341.0,40391.11,9,55.34722222222222,United Kingdom,5,0.5208365019011407,40391.11,0,Silver
14344.0,58928.85,11,58.23762376237624,United Kingdom,28,0.5081031866464341,58928.85,1,Gold
14347.0,25114.704999999998,9,50.36290322580645,United Kingdom,10,0.4058666666666667,25114.704999999998,0,Bronze
14350.0,46876.255,13,55.30808080808081,United Kingdom,74,1.0225322997416022,46876.255,0,Silver
14351.0,44222.097499999996,13,55.7,United Kingdom,16,0.5496111111111112,44222.097499999996,0,Silver
14353.0,34071.57,11,54.174418604651166,United Kingdom,70,0.5618120805369128,34071.57,0,Bronze
14354.0,42302.36,9,62.97761194029851,Germany,114,0.5767578947368421,42302.36,0,Silver
14356.0,42432.0225,10,65.87333333333333,United Kingdom,108,0.48471337579617835,42432.0225,0,Silver
14357.0,37372.862499999996,8,59.58904109589041,United Kingdom,14,0.6617391304347826,37372.862499999996,0,Silver
14358.0,43031.82,13,53.13461538461539,United Kingdom,30,0.6673187183811131,43031.82,0,Silver
14359.0,31432.535,10,59.390243902439025,United Kingdom,1,0.5031404958677685,31432.535,0,Bronze
14360.0,53846.4675,13,55.7027027027027,United Kingdom,16,0.6562520729684909,53846.4675,1,Gold
14362.0,30579.745,10,52.33766233766234,United Kingdom,42,0.737046004842615,30579.745,0,Bronze
14364.0,48847.1425,11,61.57303370786517,United Kingdom,54,0.5151384615384615,48847.1425,0,Silver
14365.0,47995.549999999996,10,63.929577464788736,Switzerland,11,0.4192837465564739,47995.549999999996,0,Silver
14367.0,49185.4525,12,52.92718446601942,United Kingdom,36,0.5348169838945828,49185.4525,0,Gold
14368.0,54925.24,14,58.66379310344828,Spain,4,0.7748363636363637,54925.24,1,Gold
14370.0,43126.865,8,59.88028169014085,United Kingdom,97,0.48606786427145715,43126.865,0,Silver
14373.0,12360.19,6,49.81578947368421,United Kingdom,65,0.4520792079207921,12360.19,0,Bronze
14374.0,46245.1475,9,59.247191011235955,United Kingdom,50,0.4566,46245.1475,0,Silver
14376.0,88825.5025,20,53.82142857142857,United Kingdom,24,1.011295681063123,88825.5025,1,Gold
14377.0,20147.114999999998,7,43.86842105263158,United Kingdom,64,0.33661927330173774,20147.114999999998,0,Bronze
14378.0,51605.165,14,58.112612612612615,Belgium,11,0.860929292929293,51605.165,0,Gold
14379.0,28704.655,8,52.79838709677419,United Kingdom,1,0.39855973813420625,28704.655,0,Bronze
14380.0,49737.95,13,54.58050847457627,United Kingdom,11,0.6125696594427246,49737.95,0,Gold
14383.0,23300.855,5,55.294117647058826,United Kingdom,302,0.40695187165775404,23300.855,0,Bronze
14387.0,49060.2575,12,54.279411764705884,United Kingdom,85,0.5761514195583597,49060.2575,0,Gold
14389.0,60368.015,13,55.175,United Kingdom,24,0.693029772329247,60368.015,1,Gold
14390.0,36684.055,7,54.64035087719298,United Kingdom,25,0.36801381692573404,36684.055,0,Silver
14391.0,54882.759999999995,13,56.58108108108108,United Kingdom,12,0.6718505942275044,54882.759999999995,1,Gold
14396.0,42403.585,12,55.14736842105263,United Kingdom,21,0.7838626609442061,42403.585,0,Silver
14397.0,23078.399999999998,8,56.69166666666667,United Kingdom,70,0.3752234206471495,23078.399999999998,0,Bronze
14398.0,51083.76,11,54.92,United Kingdom,28,0.4709423347398031,51083.76,0,Gold
14401.0,50469.325,13,58.21264367816092,United Kingdom,6,0.7494696969696969,50469.325,0,Gold
14403.0,35864.729999999996,11,58.266666666666666,United Kingdom,8,0.5618120805369128,35864.729999999996,0,Silver
14404.0,27687.7325,8,50.407407407407405,United Kingdom,35,0.3859270998415214,27687.7325,0,Bronze
14407.0,42772.725,7,62.1,United Kingdom,3,0.4842727272727273,42772.725,0,Silver
14408.0,46480.424999999996,11,52.797872340425535,United Kingdom,34,0.4859796806966618,46480.424999999996,0,Silver
14410.0,60296.9575,13,57.85643564356435,United Kingdom,204,0.7728906249999999,60296.9575,1,Gold
14411.0,58376.42,14,57.69724770642202,United Kingdom,48,0.7020757825370676,58376.42,1,Gold
14413.0,39865.3025,9,54.19285714285714,United Kingdom,3,0.38531645569620254,39865.3025,0,Silver
14415.0,47231.479999999996,13,60.96153846153846,United Kingdom,20,0.7053832442067737,47231.479999999996,0,Silver
14416.0,66691.3125,14,58.70472440944882,Germany,13,0.6940716612377851,66691.3125,1,Gold
14418.0,35119.8525,10,48.246753246753244,United Kingdom,25,0.44179970972423804,35119.8525,0,Bronze
14425.0,48708.5475,11,60.20224719101124,Germany,62,0.5543708609271523,48708.5475,0,Silver
14430.0,27480.942499999997,8,52.625,United Kingdom,182,0.6391601049868767,27480.942499999997,0,Bronze
14435.0,53706.7025,15,51.224137931034484,France,11,0.6430985915492958,53706.7025,1,Gold
14436.0,69247.09749999999,16,57.94615384615385,United Kingdom,20,0.6908368794326241,69247.09749999999,1,Gold
14439.0,25383.989999999998,5,59.71052631578947,United Kingdom,46,0.38727735368956745,25383.989999999998,0,Bronze
14441.0,88001.495,17,57.060402684563755,United Kingdom,24,0.7298730606488011,88001.495,1,Gold
14442.0,64713.84,16,53.7265625,United Kingdom,75,0.8743985637342909,64713.84,1,Gold
14443.0,31469.0225,9,58.29032258064516,United Kingdom,161,0.5228244274809161,31469.0225,0,Bronze
14444.0,49857.6375,12,56.544642857142854,United Kingdom,1,0.4996990424076608,49857.6375,0,Gold
14445.0,55227.587499999994,10,62.48780487804878,United Kingdom,2,0.42336578581363005,55227.587499999994,1,Gold
14446.0,40163.385,9,58.46268656716418,United Kingdom,34,0.46121212121212124,40163.385,0,Silver
14448.0,68424.6875,14,54.736,United Kingdom,32,0.7542654867256638,68424.6875,1,Gold
14451.0,34971.86,9,52.701298701298704,Spain,27,0.4017008797653959,34971.86,0,Bronze
14453.0,47697.5275,11,62.05294117647059,United Kingdom,18,0.6212244897959184,47697.5275,0,Silver
14454.0,51711.159999999996,11,58.65760869565217,United Kingdom,33,0.5656081081081081,51711.159999999996,0,Gold
14457.0,40277.215,11,56.125,United Kingdom,26,0.4859796806966618,40277.215,0,Silver
14458.0,69953.00499999999,17,56.43115942028985,United Kingdom,29,0.9745386064030132,69953.00499999999,1,Gold
14459.0,46694.0525,12,57.34090909090909,United Kingdom,18,0.5663255813953488,46694.0525,0,Silver
14460.0,21491.969999999998,7,57.63157894736842,United Kingdom,6,0.5563446475195823,21491.969999999998,0,Bronze
14461.0,60928.585,13,51.6625,United Kingdom,2,0.5941741741741743,60928.585,1,Gold
14462.0,40636.034999999996,10,60.553333333333335,United Kingdom,13,0.440520984081042,40636.034999999996,0,Silver
14465.0,54673.7575,11,59.46629213483146,Belgium,41,0.4982738095238095,54673.7575,1,Gold
14466.0,51762.8425,13,58.80882352941177,United Kingdom,63,0.5932833583208396,51762.8425,0,Gold
14467.0,39291.43,8,57.6484375,United Kingdom,148,0.45432835820895523,39291.43,0,Silver
14468.0,25898.825,9,63.53787878787879,United Kingdom,74,0.4208294930875576,25898.825,0,Bronze
14471.0,41164.38,13,57.350467289719624,United Kingdom,28,0.5589265536723164,41164.38,0,Silver
14475.0,50331.515,11,55.64705882352941,United Kingdom,50,0.5348881789137381,50331.515,0,Gold
14478.0,56668.447499999995,13,63.016129032258064,United Kingdom,1,0.6125696594427246,56668.447499999995,1,Gold
14480.0,70872.7,14,52.906976744186046,United Kingdom,15,0.6526186830015314,70872.7,1,Gold
14481.0,59113.7,12,55.850515463917525,Belgium,11,0.5159322033898305,59113.7,1,Gold
14483.0,35660.15,10,61.96103896103896,United Kingdom,33,0.4424418604651163,35660.15,0,Silver
14484.0,52621.635,14,59.23076923076923,United Kingdom,8,0.5968627450980393,52621.635,0,Gold
14485.0,64270.962499999994,13,58.20183486238532,United Kingdom,3,0.6192801251956181,64270.962499999994,1,Gold
14486.0,44638.604999999996,11,56.15,USA,16,0.546231647634584,44638.604999999996,0,Silver
14487.0,25774.585,6,58.44444444444444,United Kingdom,24,0.45320099255583124,25774.585,0,Bronze
14490.0,27661.685,10,56.486486486486484,United Kingdom,19,0.42573426573426576,27661.685,0,Bronze
14492.0,56174.18,13,53.75714285714286,United Kingdom,36,0.6291255961844197,56174.18,1,Gold
14494.0,41729.755,10,50.42528735632184,United Kingdom,9,0.6237704918032787,41729.755,0,Silver
14495.0,39717.645,10,58.1144578313253,United Kingdom,33,0.4392496392496392,39717.645,0,Silver
14496.0,44496.19,11,53.48936170212766,United Kingdom,51,0.48881751824817515,44496.19,0,Silver
14498.0,22449.68,6,54.697916666666664,United Kingdom,5,0.3165337954939342,22449.68,0,Bronze
14499.0,32511.95,8,55.169117647058826,United Kingdom,1,0.33728531855955685,32511.95,0,Bronze
14501.0,56899.715,11,59.54216867469879,United Kingdom,9,0.4689635854341737,56899.715,1,Gold
14502.0,72381.28,17,60.09722222222222,United Kingdom,3,0.7079069767441861,72381.28,1,Gold
14503.0,46118.79,13,59.51904761904762,United Kingdom,16,0.6870138888888889,46118.79,0,Silver
14504.0,38821.045,7,52.37096774193548,United Kingdom,27,0.30881159420289855,38821.045,0,Silver
14506.0,27787.7525,7,59.93636363636364,United Kingdom,46,0.47990990990990995,27787.7525,0,Bronze
14508.0,15544.115,5,64.1875,United Kingdom,90,0.537809187279152,15544.115,0,Bronze
14509.0,48963.064999999995,13,57.71134020618557,Spain,5,0.5879940564635958,48963.064999999995,0,Gold
14510.0,33580.8875,9,57.4,United Kingdom,68,0.4150909090909091,33580.8875,0,Bronze
14518.0,27876.03,9,49.52739726027397,United Kingdom,30,0.39475504322766575,27876.03,0,Bronze
14519.0,57078.807499999995,13,57.575221238938056,United Kingdom,4,0.5406010928961749,57078.807499999995,1,Gold
14520.0,42393.97,10,51.98823529411764,United Kingdom,147,0.5284722222222222,42393.97,0,Silver
14522.0,55539.155,17,59.22950819672131,United Kingdom,34,0.761,55539.155,1,Gold
14526.0,48335.1,11,56.14772727272727,United Kingdom,11,0.4702808988764045,48335.1,0,Silver
14528.0,60682.29,14,61.310810810810814,United Kingdom,5,0.6437462235649547,60682.29,1,Gold
14531.0,64184.045,11,55.06701030927835,United Kingdom,12,0.4631258644536653,64184.045,1,Gold
14532.0,49030.072499999995,13,59.60909090909091,United Kingdom,13,0.5977643504531722,49030.072499999995,0,Gold
14533.0,58046.2,11,59.29347826086956,Portugal,24,0.7697471264367816,58046.2,1,Gold
14535.0,24305.2375,7,51.294642857142854,United Kingdom,45,0.4005263157894737,24305.2375,0,Bronze
14538.0,27520.41,7,59.029411764705884,United Kingdom,9,0.3258103975535169,27520.41,0,Bronze
14541.0,33494.525,9,58.65,United Kingdom,88,0.5891612903225807,33494.525,0,Bronze
14543.0,59072.975,14,53.895161290322584,United Kingdom,11,0.6496341463414634,59072.975,1,Gold
14544.0,52735.375,15,58.21782178217822,United Kingdom,11,0.6297931034482759,52735.375,1,Gold
14546.0,50908.2725,10,61.566265060240966,United Kingdom,21,0.43177304964539004,50908.2725,0,Gold
14547.0,56318.83,12,58.91,Switzerland,10,0.5024484181568089,56318.83,1,Gold
14549.0,60072.875,17,54.205673758865245,United Kingdom,1,0.8511184210526316,60072.875,1,Gold
14550.0,47106.795,11,59.660714285714285,United Kingdom,82,0.555290215588723,47106.795,0,Silver
14551.0,28041.22,8,55.0462962962963,United Kingdom,35,0.4177015437392796,28041.22,0,Bronze
14552.0,44661.2,12,57.31460674157304,United Kingdom,20,0.5101675977653631,44661.2,0,Silver
14553.0,63293.625,13,53.189655172413794,United Kingdom,4,0.5503755215577191,63293.625,1,Gold
14554.0,25851.68,9,54.6171875,United Kingdom,79,0.4208294930875576,25851.68,0,Bronze
14557.0,32741.87,8,60.62096774193548,Ireland,38,0.41698630136986303,32741.87,0,Bronze
14558.0,51494.244999999995,9,57.95783132530121,Spain,83,0.49720508166969146,51494.244999999995,0,Gold
14559.0,50429.34,13,51.330275229357795,United Kingdom,128,0.6497865353037766,50429.34,0,Gold
14560.0,24178.34,8,59.43333333333333,United Kingdom,31,0.344929178470255,24178.34,0,Bronze
14561.0,35533.814999999995,9,58.15942028985507,United Kingdom,28,0.6327020785219399,35533.814999999995,0,Silver
14562.0,34156.8525,8,51.86065573770492,United Kingdom,22,0.49295546558704456,34156.8525,0,Bronze
14564.0,37073.729999999996,9,61.40714285714286,United Kingdom,8,0.39819767441860465,37073.729999999996,0,Silver
14565.0,61263.985,18,57.93382352941177,United Kingdom,20,0.7895100864553315,61263.985,1,Gold
14566.0,52914.77,11,57.98557692307692,United Kingdom,59,0.4924117647058824,52914.77,1,Gold
14567.0,17975.59,5,58.22549019607843,United Kingdom,61,0.22852852852852856,17975.59,0,Bronze
14569.0,49074.96,11,57.94897959183673,United Kingdom,1,0.4997611940298508,49074.96,0,Gold
14571.0,27100.305,8,61.559322033898304,United Kingdom,158,0.5062785862785862,27100.305,0,Bronze
14573.0,28602.755,9,50.91304347826087,United Kingdom,39,0.4376357827476039,28602.755,0,Bronze
14574.0,23742.1975,8,53.26724137931034,United Kingdom,43,0.5784323040380047,23742.1975,0,Bronze
14575.0,20298.43,6,56.88297872340426,United Kingdom,15,0.25760225669957687,20298.43,0,Bronze
14576.0,58033.66499999999,15,58.2375,United Kingdom,53,0.6907715582450832,58033.66499999999,1,Gold
14579.0,32471.875,8,54.53623188405797,United Kingdom,8,0.4279789103690686,32471.875,0,Bronze
14581.0,40118.7025,10,54.07333333333333,United Kingdom,2,0.41986206896551725,40118.7025,0,Silver
14582.0,31339.35,8,60.83783783783784,United Kingdom,10,0.3354269972451791,31339.35,0,Bronze
14585.0,30979.8,7,55.42982456140351,United Kingdom,71,0.7347586206896551,30979.8,0,Bronze
14586.0,63866.1025,13,60.74757281553398,United Kingdom,21,0.6372302737520129,63866.1025,1,Gold
14587.0,32084.579999999998,12,57.48823529411764,United Kingdom,24,0.6534525939177103,32084.579999999998,0,Bronze
14588.0,23531.965,9,48.34057971014493,United Kingdom,9,0.3831608391608392,23531.965,0,Bronze
14589.0,48157.9525,10,59.19620253164557,United Kingdom,31,0.5194539249146758,48157.9525,0,Silver
14590.0,40651.002499999995,11,59.417582417582416,United Kingdom,22,0.48040172166427547,40651.002499999995,0,Silver
14591.0,29081.795,8,55.453125,United Kingdom,2,0.3322237380627558,29081.795,0,Bronze
14592.0,45082.325,12,51.558510638297875,United Kingdom,11,0.5203418803418804,45082.325,0,Silver
14595.0,25095.469999999998,6,59.67,France,59,0.27799086757990865,25095.469999999998,0,Bronze
14596.0,42488.167499999996,7,55.89230769230769,United Kingdom,11,0.5300497512437811,42488.167499999996,0,Silver
14597.0,12617.97,4,55.94827586206897,United Kingdom,192,0.27990804597701147,12617.97,0,Bronze
14598.0,53466.46,11,59.48837209302326,United Kingdom,8,0.4852753623188406,53466.46,1,Gold
14602.0,15137.675,6,53.74444444444445,Germany,59,0.2801226993865031,15137.675,0,Bronze
14603.0,16870.454999999998,6,53.819148936170215,United Kingdom,20,0.320421052631579,16870.454999999998,0,Bronze
14604.0,45258.445,11,51.15,United Kingdom,26,0.5915901060070672,45258.445,0,Silver
14605.0,47979.1175,12,47.48095238095238,United Kingdom,29,0.6641454545454546,47979.1175,0,Silver
14606.0,20897.125,8,51.22549019607843,United Kingdom,37,0.37121951219512195,20897.125,0,Bronze
14607.0,51037.0775,10,55.36206896551724,United Kingdom,37,0.4348571428571429,51037.0775,0,Gold
14608.0,44170.56,12,60.151685393258425,United Kingdom,14,0.5052282157676349,44170.56,0,Silver
14609.0,52531.505,11,61.8494623655914,United Kingdom,26,0.4742776203966006,52531.505,0,Gold
14610.0,119693.9925,23,60.518324607329845,USA,10,1.0016022889842633,119693.9925,1,Gold
14612.0,57456.3825,12,63.094339622641506,Australia,8,0.5517824773413897,57456.3825,1,Gold
14614.0,26586.989999999998,10,54.0679012345679,United Kingdom,29,0.6408421052631579,26586.989999999998,0,Bronze
14615.0,36120.4,7,59.75,United Kingdom,132,0.6248680351906158,36120.4,0,Silver
14616.0,38520.087499999994,11,61.21153846153846,United Kingdom,72,0.5348881789137381,38520.087499999994,0,Silver
14617.0,22162.585,8,59.58064516129032,United Kingdom,72,0.4387747747747748,22162.585,0,Bronze
14618.0,83980.0825,15,55.457142857142856,United Kingdom,19,0.7547107438016528,83980.0825,1,Gold
14621.0,42362.875,13,55.98863636363637,United Kingdom,6,0.6822758620689655,42362.875,0,Silver
14622.0,101538.845,17,60.02922077922078,Germany,107,0.9894455066921606,101538.845,1,Gold
14623.0,40060.369999999995,12,49.127906976744185,United Kingdom,8,0.6957714285714287,40060.369999999995,0,Silver
14624.0,31961.815,11,57.388888888888886,United Kingdom,186,0.6065942028985507,31961.815,0,Bronze
14625.0,34885.42,9,49.94303797468354,United Kingdom,24,0.45133443163097203,34885.42,0,Bronze
14626.0,12821.105,5,53.0,Belgium,149,0.4058666666666667,12821.105,0,Bronze
14628.0,27517.75,7,61.607142857142854,United Kingdom,76,0.4027977315689982,27517.75,0,Bronze
14630.0,28620.9525,8,52.90350877192982,United Kingdom,2,0.35811764705882354,28620.9525,0,Bronze
14631.0,32726.7725,9,68.36805555555556,United Kingdom,41,0.4909677419354839,32726.7725,0,Bronze
14632.0,46974.314999999995,11,53.911764705882355,France,16,0.618927911275416,46974.314999999995,0,Silver
14633.0,49153.432499999995,9,55.17857142857143,United Kingdom,8,0.37477428180574557,49153.432499999995,0,Gold
14634.0,46874.1725,14,52.66101694915254,United Kingdom,20,0.6496341463414634,46874.1725,0,Silver
14635.0,75640.025,17,53.0,United Kingdom,34,0.8227027027027026,75640.025,1,Gold
14636.0,18584.465,5,56.0,United Kingdom,142,0.2757246376811594,18584.465,0,Bronze
14640.0,14157.455,5,54.44186046511628,United Kingdom,32,0.2557983193277311,14157.455,0,Bronze
14642.0,30663.03,8,63.31967213114754,Belgium,19,0.4045182724252492,30663.03,0,Bronze
14643.0,40436.392499999994,10,54.33139534883721,United Kingdom,11,0.4941558441558442,40436.392499999994,0,Silver
14644.0,35260.1975,6,55.160377358490564,United Kingdom,35,0.26128755364806866,35260.1975,0,Silver
14645.0,26671.1625,7,52.7,Netherlands,5,0.4572532188841202,26671.1625,0,Bronze
14647.0,62394.2,11,57.383495145631066,United Kingdom,14,0.5864098073555166,62394.2,1,Gold
14650.0,49083.4225,12,55.69090909090909,United Kingdom,9,0.5052282157676349,49083.4225,0,Gold
14651.0,52837.935,11,55.277272727272724,United Kingdom,34,0.48040172166427547,52837.935,1,Gold
14652.0,47890.9825,11,57.125,United Kingdom,61,0.5525412541254126,47890.9825,0,Silver
14655.0,34554.045,9,54.493506493506494,United Kingdom,1,0.5707500000000001,34554.045,0,Bronze
14656.0,40714.79,11,63.22093023255814,United Kingdom,199,0.6223791821561339,40714.79,0,Silver
14657.0,41393.7025,10,62.69444444444444,France,20,0.6137096774193548,41393.7025,0,Silver
14659.0,43476.04,8,60.05696202531646,United Kingdom,4,0.4560299625468165,43476.04,0,Silver
14660.0,47294.865,12,51.758823529411764,United Kingdom,13,0.5159322033898305,47294.865,0,Silver
14661.0,44670.25,11,62.833333333333336,United Kingdom,21,0.4683076923076923,44670.25,0,Silver
14663.0,44084.112499999996,10,64.15882352941176,United Kingdom,97,0.4878205128205128,44084.112499999996,0,Silver
14664.0,42797.6525,11,55.69871794871795,United Kingdom,63,0.5096499238964992,42797.6525,0,Silver
14666.0,44360.325,12,59.505434782608695,United Kingdom,43,0.5356011730205279,44360.325,0,Silver
14669.0,54354.555,15,58.345238095238095,United Kingdom,13,0.8168157423971377,54354.555,1,Gold
14670.0,31847.91,8,55.69620253164557,United Kingdom,253,0.6821288515406163,31847.91,0,Bronze
14671.0,29797.81,10,59.385245901639344,United Kingdom,29,0.4392496392496392,29797.81,0,Bronze
14672.0,19325.024999999998,6,50.46078431372549,United Kingdom,9,0.37197556008146637,19325.024999999998,0,Bronze
14673.0,68870.97,14,56.46341463414634,United Kingdom,74,0.7921189591078067,68870.97,1,Gold
14674.0,18293.7225,4,57.890625,United Kingdom,68,0.436415770609319,18293.7225,0,Bronze
14675.0,15321.93,5,49.64102564102564,United Kingdom,160,0.5212328767123288,15321.93,0,Bronze
14676.0,59798.6,15,59.828947368421055,United Kingdom,44,0.665597667638484,59798.6,1,Gold
14677.0,37423.81,9,55.463235294117645,United Kingdom,2,0.41259036144578315,37423.81,0,Silver
14681.0,40646.33,10,53.25,United Kingdom,86,0.5445438282647586,40646.33,0,Silver
14683.0,50329.9075,12,52.99576271186441,United Kingdom,9,0.5166619519094767,50329.9075,0,Gold
14685.0,18028.645,5,64.15116279069767,United Kingdom,26,0.2378125,18028.645,0,Bronze
14687.0,44118.034999999996,12,56.00581395348837,France,29,0.5233237822349571,44118.034999999996,0,Silver
14691.0,39951.034999999996,11,55.974747474747474,United Kingdom,21,0.4702808988764045,39951.034999999996,0,Silver
14692.0,26790.392499999998,10,58.96153846153846,United Kingdom,2,0.4152796725784447,26790.392499999998,0,Bronze
14694.0,36786.39,8,65.7734375,United Kingdom,30,0.4517996289424861,36786.39,0,Silver
14697.0,49219.115,15,58.47787610619469,United Kingdom,68,0.6835329341317365,49219.115,0,Gold
14698.0,20011.395,5,49.2906976744186,Ireland,146,0.2579661016949153,20011.395,0,Bronze
14699.0,53580.0525,14,54.90350877192982,United Kingdom,2,0.7138358458961475,53580.0525,1,Gold
14700.0,22923.914999999997,6,53.75,Germany,40,0.26546511627906977,22923.914999999997,0,Bronze
14703.0,34024.979999999996,8,49.34920634920635,United Kingdom,13,0.45012939001848434,34024.979999999996,0,Bronze
14704.0,32422.89,8,66.9779411764706,United Kingdom,35,0.35654465592972184,32422.89,0,Bronze
14705.0,69267.1225,15,54.65234375,United Kingdom,27,0.6430985915492958,69267.1225,1,Gold
14710.0,61639.424999999996,14,54.26377952755905,United Kingdom,20,0.6638006230529596,61639.424999999996,1,Gold
14711.0,51636.5,13,56.68181818181818,United Kingdom,2,0.6231811023622048,51636.5,0,Gold
14712.0,37724.645,10,54.02739726027397,United Kingdom,73,0.46191198786039456,37724.645,0,Silver
14714.0,41979.865,12,58.925,United Kingdom,98,0.5835143769968052,41979.865,0,Silver
14716.0,31518.594999999998,8,64.37096774193549,United Kingdom,3,0.38229199372056516,31518.594999999998,0,Bronze
14717.0,17830.0825,5,59.044117647058826,United Kingdom,22,0.36941747572815536,17830.0825,0,Bronze
14718.0,31175.95,11,51.697916666666664,United Kingdom,15,0.5895070422535211,31175.95,0,Bronze
14719.0,21221.565,9,49.38392857142857,United Kingdom,120,0.4573622704507513,21221.565,0,Bronze
14721.0,66439.92,16,57.33206106870229,United Kingdom,8,0.6928022759601707,66439.92,1,Gold
14722.0,47150.822499999995,11,57.26767676767677,United Kingdom,113,0.6847443762781187,47150.822499999995,0,Silver
14723.0,41072.909999999996,11,52.88961038961039,United Kingdom,157,0.8350124688279301,41072.909999999996,0,Silver
14724.0,44197.0475,10,53.247058823529414,United Kingdom,83,0.6764444444444445,44197.0475,0,Silver
14731.0,31841.855,9,62.86065573770492,United Kingdom,33,0.43007849293563577,31841.855,0,Bronze
14732.0,45480.52,14,54.421487603305785,United Kingdom,6,0.6496341463414634,45480.52,0,Silver
14733.0,20396.309999999998,7,50.07627118644068,France,23,0.340928,20396.309999999998,0,Bronze
14734.0,22904.29,6,52.0,United Kingdom,9,0.4049667405764967,22904.29,0,Bronze
14736.0,51976.9025,9,66.04605263157895,United Kingdom,28,0.49630434782608696,51976.9025,0,Gold
14739.0,60143.049999999996,14,54.365546218487395,United Kingdom,51,0.6974795417348609,60143.049999999996,1,Gold
14742.0,92308.08499999999,15,63.09230769230769,Australia,1,0.6412921348314606,92308.08499999999,1,Gold
14746.0,62806.725,16,55.39370078740158,United Kingdom,26,0.9312428298279158,62806.725,1,Gold
14747.0,51085.3575,11,59.1875,United Kingdom,32,0.5167283950617284,51085.3575,0,Gold
14750.0,33502.645,10,57.17164179104478,United Kingdom,119,0.5534545454545455,33502.645,0,Bronze
14752.0,28706.715,8,54.559322033898304,United Kingdom,17,0.35654465592972184,28706.715,0,Bronze
14754.0,75877.4075,17,55.08275862068965,Netherlands,22,0.7643722304283604,75877.4075,1,Gold
14756.0,57923.377499999995,14,56.04385964912281,Spain,19,0.7055629139072848,57923.377499999995,1,Gold
14757.0,44123.96,9,53.506024096385545,United Kingdom,70,0.5073333333333333,44123.96,0,Silver
14758.0,41406.3275,11,52.205882352941174,United Kingdom,11,0.5516309719934103,41406.3275,0,Silver
14759.0,51951.365,15,55.9059829059829,United Kingdom,30,0.6476595744680851,51951.365,0,Gold
14760.0,33042.479999999996,9,53.69135802469136,United Kingdom,2,0.40767857142857145,33042.479999999996,0,Bronze
14761.0,46981.597499999996,11,51.666666666666664,Netherlands,16,0.5088753799392097,46981.597499999996,0,Silver
14762.0,34992.05,11,61.83766233766234,United Kingdom,13,0.6414559386973181,34992.05,0,Bronze
14764.0,69756.1725,15,59.06967213114754,United Kingdom,62,0.6970992366412214,69756.1725,1,Gold
14766.0,68311.34999999999,14,62.35245901639344,United Kingdom,4,0.6002253521126761,68311.34999999999,1,Gold
14768.0,49134.384999999995,10,55.47191011235955,Germany,92,0.4793700787401575,49134.384999999995,0,Gold
14769.0,47007.597499999996,8,69.71323529411765,Netherlands,7,0.3513997113997114,47007.597499999996,0,Silver
14770.0,29593.1175,10,57.4375,United Kingdom,48,0.5014827018121911,29593.1175,0,Bronze
14771.0,50972.5825,14,54.22429906542056,United Kingdom,1,0.6019209039548022,50972.5825,0,Gold
14772.0,22870.325,9,58.421052631578945,United Kingdom,23,0.40526627218934913,22870.325,0,Bronze
14773.0,32034.8225,11,49.529761904761905,United Kingdom,11,0.475625,32034.8225,0,Bronze
14774.0,23189.95,6,58.49074074074074,United Kingdom,93,0.3132761578044597,23189.95,0,Bronze
14775.0,49667.564999999995,11,54.29891304347826,United Kingdom,34,0.5199378881987577,49667.564999999995,0,Gold
14776.0,62286.064999999995,16,57.32954545454545,United Kingdom,7,0.6869393511988716,62286.064999999995,1,Gold
14777.0,50824.307499999995,11,56.80555555555556,United Kingdom,26,0.5989982110912344,50824.307499999995,0,Gold
14778.0,45108.9975,7,65.73880597014926,United Kingdom,38,0.5109832134292566,45108.9975,0,Silver
14781.0,33705.502499999995,8,63.62686567164179,United Kingdom,44,0.7312912912912913,33705.502499999995,0,Bronze
14783.0,17909.91,9,48.88095238095238,United Kingdom,56,0.46830769230769237,17909.91,0,Bronze
14784.0,30324.13,9,55.105633802816904,United Kingdom,106,0.45508305647840536,30324.13,0,Bronze
14785.0,20927.245,7,58.47727272727273,United Kingdom,34,0.38954296160877516,20927.245,0,Bronze
14786.0,36530.322499999995,9,61.74264705882353,United Kingdom,45,0.5092193308550186,36530.322499999995,0,Silver
14787.0,24792.079999999998,9,55.86507936507937,United Kingdom,31,0.40111273792093705,24792.079999999998,0,Bronze
14788.0,74040.855,14,54.8375,United Kingdom,15,0.6010719322990127,74040.855,1,Gold
14790.0,58138.45,12,59.98019801980198,United Kingdom,48,0.5395568685376662,58138.45,1,Gold
14791.0,46461.3775,12,54.15555555555556,United Kingdom,22,0.5501204819277109,46461.3775,0,Silver
14792.0,51637.475,14,52.05140186915888,United Kingdom,13,0.595195530726257,51637.475,0,Gold
14794.0,37556.725,9,65.1144578313253,United Kingdom,125,0.45432835820895523,37556.725,0,Silver
14795.0,30316.355,5,58.951219512195124,Portugal,251,0.3259100642398287,30316.355,0,Bronze
14798.0,55981.725,13,56.719298245614034,United Kingdom,44,0.616386292834891,55981.725,1,Gold
14802.0,58449.494999999995,16,51.468468468468465,United Kingdom,29,0.8036963696369638,58449.494999999995,1,Gold
14803.0,63726.479999999996,11,61.06565656565657,United Kingdom,1,0.521557632398754,63726.479999999996,1,Gold
14804.0,31403.21,10,55.73456790123457,United Kingdom,13,0.5150592216582065,31403.21,0,Bronze
14805.0,30741.01,10,56.43382352941177,United Kingdom,31,0.531239092495637,30741.01,0,Bronze
14806.0,37493.9475,7,58.68269230769231,Germany,16,0.40509505703422055,37493.9475,0,Silver
14807.0,51294.86,15,55.832,United Kingdom,1,0.61869918699187,51294.86,0,Gold
14808.0,25510.915,5,53.955555555555556,United Kingdom,7,0.2495081967213115,25510.915,0,Bronze
14810.0,58515.369999999995,15,58.04032258064516,United Kingdom,48,0.6845577211394304,58515.369999999995,1,Gold
14812.0,21993.25,7,49.236363636363635,United Kingdom,34,0.4457740585774059,21993.25,0,Bronze
14815.0,57163.167499999996,13,62.764044943820224,United Kingdom,18,0.6173478939157566,57163.167499999996,1,Gold
14816.0,24036.454999999998,4,63.6625,United Kingdom,31,0.24899795501022498,24036.454999999998,0,Bronze
14819.0,46013.705,14,52.71078431372549,United Kingdom,5,0.5869972451790634,46013.705,0,Silver
14821.0,37472.3225,10,57.53521126760563,United Kingdom,55,0.455688622754491,37472.3225,0,Silver
14823.0,73515.8525,13,56.328947368421055,United Kingdom,26,0.7079069767441861,73515.8525,1,Gold
14831.0,29182.44,9,52.07142857142857,United Kingdom,8,0.3831608391608392,29182.44,0,Bronze
14832.0,29091.52,8,52.8828125,United Kingdom,88,0.43798561151079135,29091.52,0,Bronze
14834.0,69841.745,14,57.823008849557525,United Kingdom,17,0.6840449438202247,69841.745,1,Gold
14836.0,32994.4,9,55.77564102564103,United Kingdom,30,0.43211356466876977,32994.4,0,Bronze
14837.0,22567.649999999998,8,50.37692307692308,United Kingdom,59,0.45096296296296295,22567.649999999998,0,Bronze
14839.0,26618.095,8,63.956896551724135,United Kingdom,117,0.39468395461912475,26618.095,0,Bronze
14841.0,29848.165,8,65.14615384615385,United Kingdom,22,0.4220450606585789,29848.165,0,Bronze
14842.0,51069.5125,15,55.94583333333333,United Kingdom,1,0.6794642857142857,51069.5125,0,Gold
14844.0,24104.605,7,60.44897959183673,United Kingdom,8,0.3018130311614731,24104.605,0,Bronze
14845.0,20136.665,6,46.62765957446808,United Kingdom,36,0.37503080082135526,20136.665,0,Bronze
14847.0,39266.8175,12,47.92079207920792,United Kingdom,3,0.4983356070941337,39266.8175,0,Silver
14848.0,20337.739999999998,6,55.101851851851855,United Kingdom,45,0.2713818722139673,20337.739999999998,0,Bronze
14851.0,53861.3775,14,55.74152542372882,United Kingdom,13,0.6002253521126761,53861.3775,1,Gold
14852.0,34206.61,10,53.675324675324674,Switzerland,48,0.5303135888501742,34206.61,0,Bronze
14855.0,40309.2,10,57.80487804878049,United Kingdom,26,0.6675438596491229,40309.2,0,Silver
14858.0,49134.45,12,57.91818181818182,United Kingdom,26,0.5309302325581395,49134.45,0,Gold
14859.0,40753.71,9,59.91269841269841,United Kingdom,48,0.39877729257641925,40753.71,0,Silver
14860.0,50400.284999999996,15,57.27358490566038,United Kingdom,23,0.6421940928270042,50400.284999999996,0,Gold
14862.0,50645.335,12,55.6078431372549,United Kingdom,43,0.5278612716763006,50645.335,0,Gold
14863.0,43921.017499999994,8,62.261538461538464,United Kingdom,12,0.3953246753246753,43921.017499999994,0,Silver
14864.0,42839.095,8,58.77922077922078,United Kingdom,84,0.44929889298892994,42839.095,0,Silver
14866.0,34646.66,12,54.891304347826086,United Kingdom,7,0.592987012987013,34646.66,0,Bronze
14867.0,44438.045,13,56.23394495412844,United Kingdom,56,0.5950676691729323,44438.045,0,Silver
14869.0,33323.4575,10,54.154761904761905,United Kingdom,18,0.4893890675241158,33323.4575,0,Bronze
14873.0,28156.399999999998,6,57.30327868852459,United Kingdom,145,0.32211640211640213,28156.399999999998,0,Bronze
14874.0,65312.3725,13,60.46120689655172,United Kingdom,190,0.9160185185185186,65312.3725,1,Gold
14876.0,34652.1075,6,57.08,United Kingdom,10,0.3023841059602649,34652.1075,0,Bronze
14877.0,31831.19,11,53.125,United Kingdom,22,0.5175270479134467,31831.19,0,Bronze
14879.0,28713.375,7,61.736363636363635,United Kingdom,132,0.4864840182648402,28713.375,0,Bronze
14880.0,51789.965,12,56.358695652173914,United Kingdom,1,0.5734379905808477,51789.965,0,Gold
14881.0,46075.447499999995,10,54.68390804597701,United Kingdom,52,0.4543283582089553,46075.447499999995,0,Silver
14882.0,28013.004999999997,8,59.92537313432836,United Kingdom,68,0.40859060402684566,28013.004999999997,0,Bronze
14884.0,20345.14,5,58.06578947368421,United Kingdom,77,0.2302571860816944,20345.14,0,Bronze
14885.0,33319.08,8,53.88970588235294,United Kingdom,14,0.4272280701754386,33319.08,0,Bronze
14887.0,48080.8975,14,58.39622641509434,United Kingdom,7,0.5869972451790634,48080.8975,0,Silver
14894.0,28081.225,9,56.8203125,United Kingdom,63,0.5446520874751491,28081.225,0,Bronze
14895.0,30513.9325,8,63.026315789473685,United Kingdom,33,0.42499127399650966,30513.9325,0,Bronze
14896.0,19465.1025,5,61.43617021276596,United Kingdom,25,0.6794642857142857,19465.1025,0,Bronze
14898.0,49175.76,12,54.582417582417584,Spain,34,0.5225751072961373,49175.76,0,Gold
14900.0,43465.1625,11,53.01086956521739,United Kingdom,19,0.5127718223583461,43465.1625,0,Silver
14901.0,29789.82,8,62.77777777777778,United Kingdom,231,0.5010699588477366,29789.82,0,Bronze
14902.0,37222.875,8,52.71527777777778,United Kingdom,6,0.4577443609022556,37222.875,0,Silver
14904.0,60531.9375,12,55.79661016949152,United Kingdom,8,0.5059279778393352,60531.9375,1,Gold
14905.0,53336.674999999996,13,56.590425531914896,Spain,16,0.6519275123558484,53336.674999999996,1,Gold
14906.0,28509.574999999997,6,52.33,Switzerland,7,0.2547280334728033,28509.574999999997,0,Bronze
14907.0,75532.5625,20,52.413690476190474,United Kingdom,11,0.8526610644257704,75532.5625,1,Gold
14908.0,76721.315,16,58.33050847457627,United Kingdom,13,0.6928022759601707,76721.315,1,Gold
14909.0,67908.81749999999,14,54.609243697478995,United Kingdom,22,0.6053409090909091,67908.81749999999,1,Gold
14911.0,67395.4625,16,60.684,United Kingdom,171,0.8839201451905626,67395.4625,1,Gold
14912.0,62610.41499999999,11,63.047872340425535,United Kingdom,57,0.5323370429252782,62610.41499999999,1,Gold
14913.0,36637.5725,9,52.87012987012987,United Kingdom,21,0.39305595408895266,36637.5725,0,Silver
14917.0,28566.3075,5,68.72368421052632,United Kingdom,128,0.2921305182341651,28566.3075,0,Bronze
14919.0,61971.7125,17,60.79831932773109,Germany,72,0.7852503793626707,61971.7125,1,Gold
14920.0,56112.862499999996,10,58.015957446808514,United Kingdom,33,0.4502958579881657,56112.862499999996,1,Gold
14923.0,43452.595,13,57.77840909090909,France,4,0.5605099150141644,43452.595,0,Silver
14924.0,48674.1225,10,60.5679012345679,United Kingdom,13,0.4330014224751067,48674.1225,0,Silver
14925.0,58093.555,13,57.636792452830186,United Kingdom,13,0.5503755215577191,58093.555,1,Gold
14927.0,30957.145,8,58.23015873015873,United Kingdom,132,0.4959674134419552,30957.145,0,Bronze
14928.0,41197.5925,9,56.68055555555556,United Kingdom,37,0.5361252446183953,41197.5925,0,Silver
14929.0,87265.165,17,56.69172932330827,Germany,86,0.8136477987421383,87265.165,1,Gold
14930.0,42091.5325,11,53.5,United Kingdom,65,0.6341666666666667,42091.5325,0,Silver
14932.0,45692.5475,14,53.70652173913044,United Kingdom,6,0.7259965928449744,45692.5475,0,Silver
14933.0,60386.9825,12,56.85377358490566,United Kingdom,37,0.5324781341107873,60386.9825,1,Gold
14934.0,31358.02,9,62.86363636363637,United Kingdom,14,0.6698288508557457,31358.02,0,Bronze
14935.0,28431.719999999998,9,57.92948717948718,United Kingdom,14,0.3831608391608392,28431.719999999998,0,Bronze
14936.0,39474.8525,10,60.83734939759036,United Kingdom,7,0.455688622754491,39474.8525,0,Silver
14938.0,27288.175,9,61.458333333333336,United Kingdom,13,0.5719415448851775,27288.175,0,Bronze
14944.0,32660.885,10,57.75,United Kingdom,233,0.6734513274336283,32660.885,0,Bronze
14946.0,39187.77,8,60.95402298850575,United Kingdom,27,0.5676456876456877,39187.77,0,Silver
14947.0,34776.36,8,56.317460317460316,United Kingdom,67,0.4051913477537437,34776.36,0,Bronze
14949.0,51269.6,12,57.026881720430104,United Kingdom,4,0.5038344827586206,51269.6,0,Gold
14950.0,57434.345,15,55.44881889763779,United Kingdom,14,0.6504273504273504,57434.345,1,Gold
14951.0,43556.7875,11,57.66867469879518,United Kingdom,17,0.511206106870229,43556.7875,0,Silver
14953.0,57115.5475,10,60.752873563218394,United Kingdom,30,0.4476470588235294,57115.5475,1,Gold
14954.0,38839.63,8,59.14393939393939,United Kingdom,89,0.46651340996168583,38839.63,0,Silver
14956.0,41094.0375,13,54.484693877551024,Belgium,47,0.5743396226415094,41094.0375,0,Silver
14957.0,34933.72,13,54.20224719101124,United Kingdom,28,0.6508552631578948,34933.72,0,Bronze
14960.0,69016.0975,15,61.979838709677416,United Kingdom,7,0.624623803009576,69016.0975,1,Gold
14961.0,35711.72,11,59.94827586206897,United Kingdom,21,0.48109195402298854,35711.72,0,Silver
14962.0,44233.917499999996,14,55.754629629629626,United Kingdom,79,0.6638006230529596,44233.917499999996,0,Silver
14963.0,41054.3175,9,54.37313432835821,United Kingdom,151,0.4831746031746032,41054.3175,0,Silver
14964.0,38108.6825,9,54.34,France,7,0.38859574468085106,38108.6825,0,Silver
14966.0,26733.475,9,58.85294117647059,United Kingdom,16,0.45133443163097203,26733.475,0,Bronze
14968.0,25534.34,8,56.146153846153844,United Kingdom,31,0.3529275362318841,25534.34,0,Bronze
14970.0,64635.737499999996,14,57.504629629629626,United Kingdom,29,0.6341666666666667,64635.737499999996,1,Gold
14972.0,43093.667499999996,11,55.265060240963855,United Kingdom,28,0.4709423347398031,43093.667499999996,0,Silver
14973.0,18710.22,7,56.55,United Kingdom,118,0.4384362139917696,18710.22,0,Bronze
14980.0,53415.07,14,56.59405940594059,United Kingdom,29,0.6114203730272597,53415.07,1,Gold
14981.0,26909.095,10,54.24691358024691,United Kingdom,57,0.531239092495637,26909.095,0,Bronze
14982.0,53120.75,14,54.81739130434783,United Kingdom,12,0.6596904024767802,53120.75,1,Gold
14984.0,34477.5475,9,64.95,United Kingdom,14,0.3799722607489598,34477.5475,0,Bronze
14986.0,57478.21,15,58.18560606060606,United Kingdom,28,0.7738983050847458,57478.21,1,Gold
14987.0,34681.005,11,51.8625,USA,15,0.5418122977346279,34681.005,0,Bronze
14988.0,34224.479999999996,8,52.544117647058826,United Kingdom,88,0.4213148788927336,34224.479999999996,0,Bronze
14989.0,47221.2875,12,56.65060240963855,United Kingdom,182,0.7320240480961924,47221.2875,0,Silver
14990.0,11281.74,3,47.65,Germany,2,0.2974592833876222,11281.74,0,Bronze
14991.0,66275.2225,10,55.74226804123711,United Kingdom,12,0.5064891846921796,66275.2225,1,Gold
14993.0,30068.07,7,54.55084745762712,France,80,0.3258103975535169,30068.07,0,Bronze
14994.0,50518.2875,10,58.127906976744185,United Kingdom,4,0.5626617375231054,50518.2875,0,Gold
14995.0,19476.21,10,51.67213114754098,United Kingdom,248,0.6328482328482329,19476.21,0,Bronze
14996.0,50611.575,12,57.34466019417476,United Kingdom,8,0.5038344827586206,50611.575,0,Gold
15002.0,40664.3225,9,61.520270270270274,United Kingdom,12,0.3778758620689655,40664.3225,0,Silver
15005.0,69046.17,14,57.16269841269841,Portugal,15,0.6079315263908702,69046.17,1,Gold
15008.0,38372.465,9,63.58064516129032,United Kingdom,26,0.38531645569620254,38372.465,0,Silver
15009.0,38776.21,10,60.33529411764706,Netherlands,29,0.4741433021806854,38776.21,0,Silver
15010.0,38903.35,9,53.722972972972975,United Kingdom,5,0.54792,38903.35,0,Silver
15014.0,28627.11,9,53.015151515151516,United Kingdom,58,0.4267289719626169,28627.11,0,Bronze
15016.0,63379.284999999996,15,58.714285714285715,United Kingdom,20,0.6421940928270042,63379.284999999996,1,Gold
15017.0,54388.4,13,61.46875,United Kingdom,24,0.5534545454545455,54388.4,1,Gold
15021.0,49891.4825,14,58.10619469026549,United Kingdom,13,0.7126421404682275,49891.4825,0,Gold
15025.0,35548.445,8,57.27272727272727,Germany,6,0.48317460317460315,35548.445,0,Silver
15028.0,38199.1775,9,58.786764705882355,United Kingdom,34,0.43693779904306224,38199.1775,0,Silver
15029.0,75533.2175,13,64.35779816513761,Switzerland,35,0.5760116448326056,75533.2175,1,Gold
15030.0,57396.384999999995,15,50.78294573643411,United Kingdom,5,0.6386013986013986,57396.384999999995,1,Gold
15032.0,73855.03,19,57.05487804878049,United Kingdom,19,0.8856967840735068,73855.03,1,Gold
15033.0,59136.9575,12,59.13297872340426,United Kingdom,31,0.5203418803418804,59136.9575,1,Gold
15039.0,28553.149999999998,7,58.51587301587302,United Kingdom,81,0.36801381692573404,28553.149999999998,0,Bronze
15040.0,32699.2225,9,54.86486486486486,United Kingdom,52,0.4082861400894188,32699.2225,0,Bronze
15041.0,44264.85,12,58.16489361702128,United Kingdom,39,0.6702385321100919,44264.85,0,Silver
15042.0,39993.6325,8,62.98461538461538,United Kingdom,10,0.4065442404006678,39993.6325,0,Silver
15044.0,34788.95,12,51.963855421686745,USA,2,0.5137552742616034,34788.95,0,Bronze
15046.0,38617.24,13,54.73,United Kingdom,1,0.5458206896551724,38617.24,0,Silver
15047.0,35867.4125,10,60.294871794871796,United Kingdom,16,0.7825192802056556,35867.4125,0,Silver
15050.0,44281.725,13,57.55434782608695,United Kingdom,1,0.5534545454545455,44281.725,0,Silver
15053.0,46616.645,10,65.3,United Kingdom,121,0.8385674931129478,46616.645,0,Silver
15055.0,72117.985,13,63.46875,United Kingdom,97,0.6311323763955343,72117.985,1,Gold
15057.0,82256.02249999999,15,60.889763779527556,United Kingdom,66,0.6897280966767372,82256.02249999999,1,Gold
15058.0,53731.04,14,51.23364485981308,United Kingdom,2,0.6679623824451412,53731.04,1,Gold
15060.0,12825.685,3,65.75,United Kingdom,345,0.24031578947368423,12825.685,0,Bronze
15061.0,31079.7525,6,63.491379310344826,United Kingdom,37,0.38531645569620254,31079.7525,0,Bronze
15062.0,28342.42,9,45.9485294117647,United Kingdom,8,0.6269107551487414,28342.42,0,Bronze
15064.0,29942.704999999998,9,63.605633802816904,Germany,5,0.4691095890410959,29942.704999999998,0,Bronze
15065.0,56202.565,13,60.4,United Kingdom,63,0.5897466467958271,56202.565,1,Gold
15066.0,29305.309999999998,8,51.3968253968254,Switzerland,48,0.40251239669421485,29305.309999999998,0,Bronze
15070.0,44074.555,12,52.37019230769231,United Kingdom,43,0.5403550295857988,44074.555,0,Silver
15071.0,28483.27,7,56.08181818181818,United Kingdom,240,0.595195530726257,28483.27,0,Bronze
15072.0,53216.99,14,51.8771186440678,United Kingdom,19,0.6158381502890173,53216.99,1,Gold
15074.0,32717.079999999998,8,58.868852459016395,United Kingdom,23,0.41135135135135137,32717.079999999998,0,Bronze
15075.0,22668.845,6,55.427083333333336,United Kingdom,92,0.28807570977917984,22668.845,0,Bronze
15077.0,38113.655,8,56.49285714285714,United Kingdom,4,0.3640059790732436,38113.655,0,Silver
15078.0,61447.719999999994,14,59.275862068965516,United Kingdom,13,0.589432918395574,61447.719999999994,1,Gold
15079.0,47267.915,14,52.0,United Kingdom,61,0.6408421052631579,47267.915,0,Silver
15080.0,62247.549999999996,15,56.443609022556394,United Kingdom,9,0.6377094972067039,62247.549999999996,1,Gold
15081.0,43309.305,10,56.79891304347826,United Kingdom,15,0.5073333333333333,43309.305,0,Silver
15082.0,44775.215,12,58.15882352941176,United Kingdom,28,0.5203418803418804,44775.215,0,Silver
15084.0,41418.229999999996,12,51.99431818181818,United Kingdom,15,0.7011132437619962,41418.229999999996,0,Silver
15085.0,52462.225,12,61.07222222222222,United Kingdom,11,0.5240746054519368,52462.225,0,Gold
15087.0,42837.435,11,56.74683544303797,United Kingdom,18,0.547124183006536,42837.435,0,Silver
15088.0,29347.1975,8,54.932203389830505,United Kingdom,57,0.6118592964824121,29347.1975,0,Bronze
15092.0,40012.005,9,55.08904109589041,United Kingdom,54,0.5208365019011407,40012.005,0,Silver
15096.0,37636.3875,11,49.40243902439025,United Kingdom,9,0.4909677419354839,37636.3875,0,Silver
15097.0,48933.5275,13,51.773148148148145,United Kingdom,58,0.6444951140065147,48933.5275,0,Gold
15098.0,63284.2825,13,55.294392523364486,United Kingdom,12,0.5473305670816044,63284.2825,1,Gold
15099.0,21407.55,7,57.610169491525426,United Kingdom,4,1.275928143712575,21407.55,0,Bronze
15102.0,36148.5525,6,60.89473684210526,United Kingdom,85,0.2955339805825243,36148.5525,0,Silver
15103.0,23019.17,6,58.03191489361702,United Kingdom,8,0.40767857142857145,23019.17,0,Bronze
15104.0,106061.97499999999,22,55.78974358974359,Ireland,10,0.9445416078984485,106061.97499999999,1,Gold
15106.0,32524.3575,7,63.67857142857143,Netherlands,334,0.8990717299578059,32524.3575,0,Bronze
15108.0,59966.9,14,53.91025641025641,Spain,15,0.592712100139082,59966.9,1,Gold
15109.0,75324.205,19,55.65436241610738,United Kingdom,13,0.8238746438746439,75324.205,1,Gold
15111.0,49216.9025,11,58.3625,United Kingdom,16,0.5489180327868853,49216.9025,0,Gold
15114.0,67620.3225,15,58.2688679245283,Germany,16,0.8227027027027027,67620.3225,1,Gold
15115.0,58358.43,15,55.024193548387096,United Kingdom,3,0.6646288209606988,58358.43,1,Gold
15117.0,57052.9025,17,56.27272727272727,United Kingdom,5,0.731937765205092,57052.9025,1,Gold
15122.0,38548.075,10,56.5,United Kingdom,25,0.6560344827586208,38548.075,0,Silver
15123.0,35888.34,9,61.81707317073171,United Kingdom,16,0.6649514563106796,35888.34,0,Silver
15124.0,23309.295,8,56.25,United Kingdom,45,0.3524167872648336,23309.295,0,Bronze
15127.0,40990.142499999994,9,56.91095890410959,United Kingdom,12,0.3847752808988764,40990.142499999994,0,Silver
15129.0,17020.837499999998,7,46.239583333333336,United Kingdom,43,0.40898272552783116,17020.837499999998,0,Bronze
15134.0,51091.95,12,59.84705882352941,United Kingdom,49,0.5340350877192983,51091.95,0,Gold
15136.0,43670.82,12,60.04950495049505,United Kingdom,20,0.5115966386554622,43670.82,0,Silver
15137.0,63255.0475,13,56.49523809523809,United Kingdom,3,0.5629018492176388,63255.0475,1,Gold
15140.0,21698.05,6,50.527027027027025,United Kingdom,292,0.614949494949495,21698.05,0,Bronze
15144.0,52901.3125,10,57.910526315789475,United Kingdom,13,0.4323863636363636,52901.3125,1,Gold
15146.0,29437.28,10,54.666666666666664,Spain,1,0.5081803005008347,29437.28,0,Bronze
15149.0,25893.875,7,65.80392156862744,United Kingdom,73,0.442993762993763,25893.875,0,Bronze
15154.0,18029.285,8,52.72222222222222,United Kingdom,135,0.46208728652751424,18029.285,0,Bronze
15157.0,38961.155,12,53.91935483870968,United Kingdom,15,0.5551367781155016,38961.155,0,Silver
15162.0,49341.295,11,56.674157303370784,Ireland,3,0.4605777166437414,49341.295,0,Gold
15163.0,68296.53749999999,13,61.92173913043478,United Kingdom,28,0.5751744186046511,68296.53749999999,1,Gold
15164.0,63579.0075,12,58.87735849056604,United Kingdom,10,0.5988196721311476,63579.0075,1,Gold
15165.0,43851.23499999999,6,63.5,United Kingdom,10,0.2994098360655738,43851.23499999999,0,Silver
15167.0,41724.2075,7,64.12903225806451,United Kingdom,4,0.4194488188976378,41724.2075,0,Silver
15168.0,36922.862499999996,7,63.99107142857143,United Kingdom,15,0.49324074074074076,36922.862499999996,0,Silver
15170.0,48568.135,15,52.903225806451616,United Kingdom,17,0.7448613376835236,48568.135,0,Silver
15171.0,31925.989999999998,8,60.8014705882353,United Kingdom,120,0.39468395461912475,31925.989999999998,0,Bronze
15173.0,77859.955,16,64.00373134328358,United Kingdom,100,0.7730793650793651,77859.955,1,Gold
15175.0,51281.1325,11,60.22093023255814,United Kingdom,27,0.4852753623188406,51281.1325,0,Gold
15176.0,49557.314999999995,12,52.51010101010101,United Kingdom,5,0.6330675909878684,49557.314999999995,0,Gold
15178.0,21372.94,6,52.00925925925926,United Kingdom,9,0.3278994614003591,21372.94,0,Bronze
15179.0,41431.7775,11,55.6875,France,39,0.5248275862068966,41431.7775,0,Silver
15185.0,42597.6425,10,57.62987012987013,United Kingdom,10,0.43672883787661404,42597.6425,0,Silver
15186.0,29499.02,10,53.01851851851852,Belgium,42,0.4543283582089553,29499.02,0,Bronze
15188.0,32186.245,8,60.24264705882353,Netherlands,14,0.3425035161744023,32186.245,0,Bronze
15189.0,35626.85,10,51.348101265822784,USA,24,0.4287323943661972,35626.85,0,Silver
15190.0,50199.935,16,55.476,United Kingdom,21,1.106909090909091,50199.935,0,Gold
15192.0,23774.805,7,51.81578947368421,United Kingdom,7,0.3725174825174825,23774.805,0,Bronze
15196.0,35378.6325,9,60.582191780821915,United Kingdom,8,0.3976197387518142,35378.6325,0,Silver
15197.0,27459.82,9,56.31060606060606,United Kingdom,16,0.39362068965517244,27459.82,0,Bronze
15198.0,42176.25,10,49.224137931034484,United Kingdom,42,0.4386167146974064,42176.25,0,Silver
15199.0,57223.369999999995,15,58.337606837606835,United Kingdom,20,0.7778534923339012,57223.369999999995,1,Gold
15200.0,57058.165,14,58.582644628099175,United Kingdom,13,0.5943654114365411,57058.165,1,Gold
15202.0,61802.9425,13,60.7,United Kingdom,8,0.5443191196698762,61802.9425,1,Gold
15203.0,31734.149999999998,8,55.645833333333336,United Kingdom,30,0.3549854227405248,31734.149999999998,0,Bronze
15205.0,14611.9,4,57.16,United Kingdom,8,0.3021339950372208,14611.9,0,Bronze
15206.0,20413.71,7,51.720338983050844,United Kingdom,203,0.39902621722846443,20413.71,0,Bronze
15207.0,46173.37,12,60.42391304347826,United Kingdom,31,0.5218285714285714,46173.37,0,Silver
15208.0,42389.84,10,56.8421052631579,United Kingdom,42,0.5090301003344482,42389.84,0,Silver
15209.0,51839.6175,11,58.96022727272727,United Kingdom,28,0.4960592592592593,51839.6175,0,Gold
15210.0,27103.649999999998,9,50.62686567164179,United Kingdom,102,0.5891612903225807,27103.649999999998,0,Bronze
15211.0,25566.989999999998,9,49.78813559322034,United Kingdom,71,0.41196992481203004,25566.989999999998,0,Bronze
15212.0,42148.54,9,58.57746478873239,United Kingdom,41,0.46355329949238583,42148.54,0,Silver
15213.0,52808.8175,12,55.717171717171716,USA,4,0.57075,52808.8175,1,Gold
15215.0,41190.7275,11,52.24404761904762,United Kingdom,7,0.476980056980057,41190.7275,0,Silver
15219.0,55450.53,15,56.36904761904762,United Kingdom,1,0.6229195088676671,55450.53,1,Gold
15224.0,43589.7175,8,58.24590163934426,France,30,0.5497065462753951,43589.7175,0,Silver
15225.0,33563.88,8,47.91216216216216,United Kingdom,13,0.3391643454038998,33563.88,0,Bronze
15226.0,61606.585,15,58.24583333333333,France,27,0.665597667638484,61606.585,1,Gold
15230.0,24385.89,9,58.719298245614034,United Kingdom,31,0.4267289719626169,24385.89,0,Bronze
15231.0,21062.295,9,56.98550724637681,United Kingdom,192,0.6918181818181819,21062.295,0,Bronze
15233.0,54825.9475,13,51.913636363636364,United Kingdom,11,0.5621022727272728,54825.9475,1,Gold
15239.0,64003.42,14,58.689189189189186,United Kingdom,40,0.6276288659793815,64003.42,1,Gold
15241.0,23485.285,6,59.36274509803921,United Kingdom,20,0.5672049689440993,23485.285,0,Bronze
15242.0,36598.345,10,57.404761904761905,United Kingdom,106,0.5006578947368421,36598.345,0,Silver
15244.0,58122.1375,13,62.41346153846154,United Kingdom,9,0.5443191196698762,58122.1375,1,Gold
15247.0,51434.35,13,48.7970297029703,United Kingdom,5,0.5888690476190477,51434.35,0,Gold
15248.0,50355.1075,13,60.16346153846154,United Kingdom,43,0.5810866372980911,50355.1075,0,Gold
15251.0,34784.28,8,58.768115942028984,United Kingdom,38,0.5041821946169772,34784.28,0,Bronze
15252.0,12105.1,5,54.472972972972975,United Kingdom,189,0.5230240549828179,12105.1,0,Bronze
15254.0,39744.009999999995,7,58.708955223880594,United Kingdom,161,0.3945925925925926,39744.009999999995,0,Silver
15255.0,51078.057499999995,11,53.5,Spain,31,0.555290215588723,51078.057499999995,0,Gold
15257.0,34070.0475,8,56.61940298507463,United Kingdom,136,0.42058721934369603,34070.0475,0,Bronze
15258.0,44070.6175,7,64.22950819672131,United Kingdom,34,0.37448154657293503,44070.6175,0,Silver
15259.0,50188.6575,8,63.5,Belgium,29,0.35446870451237267,50188.6575,0,Gold
15261.0,23676.489999999998,7,54.90625,United Kingdom,83,0.3587205387205388,23676.489999999998,0,Bronze
15263.0,68535.815,16,57.36194029850746,Canada,16,0.6947788873038516,68535.815,1,Gold
15267.0,28055.1475,8,49.07971014492754,United Kingdom,66,0.4594716981132076,28055.1475,0,Bronze
15270.0,73811.50749999999,17,56.97552447552447,United Kingdom,46,0.7532459970887919,73811.50749999999,1,Gold
15271.0,46269.0,14,48.303149606299215,United Kingdom,6,0.589432918395574,46269.0,0,Silver
15272.0,38802.0675,12,51.407766990291265,United Kingdom,4,0.6581621621621622,38802.0675,0,Silver
15273.0,41389.439999999995,8,62.26428571428571,United Kingdom,41,0.3549854227405248,41389.439999999995,0,Silver
15275.0,51257.6425,13,59.10648148148148,United Kingdom,131,0.8813363028953229,51257.6425,0,Gold
15276.0,63050.767499999994,12,53.08878504672897,United Kingdom,22,0.5517824773413897,63050.767499999994,1,Gold
15277.0,16823.83,7,47.72826086956522,Germany,187,0.3916911764705882,16823.83,0,Bronze
15278.0,54835.267499999994,15,58.71900826446281,United Kingdom,4,0.7179245283018868,54835.267499999994,1,Gold
15279.0,34714.185,8,53.01470588235294,United Kingdom,14,0.4065442404006678,34714.185,0,Bronze
15280.0,31445.395,10,51.979729729729726,United Kingdom,7,0.5081803005008347,31445.395,0,Bronze
15283.0,46133.2725,11,52.424050632911396,United Kingdom,58,0.5694557823129252,46133.2725,0,Silver
15288.0,58951.2325,10,63.31720430107527,United Kingdom,23,0.44963072378138846,58951.2325,1,Gold
15289.0,52565.435,15,59.051886792452834,Germany,5,0.6229195088676671,52565.435,0,Gold
15294.0,6308.469999999999,2,51.45454545454545,Switzerland,56,0.10062809917355371,6308.469999999999,0,Bronze
15296.0,55508.915,12,56.995098039215684,United Kingdom,69,0.9980327868852459,55508.915,1,Gold
15297.0,17613.765,7,51.72641509433962,United Kingdom,119,0.3557262103505843,17613.765,0,Bronze
15301.0,31438.497499999998,6,64.1547619047619,United Kingdom,29,0.3296750902527076,31438.497499999998,0,Bronze
15303.0,14768.69,4,56.327586206896555,United Kingdom,294,1.0318644067796612,14768.69,0,Bronze
15305.0,46825.825,13,55.84403669724771,United Kingdom,16,0.6540826446280992,46825.825,0,Silver
15307.0,31442.915,10,49.201219512195124,United Kingdom,128,0.5842610364683302,31442.915,0,Bronze
15309.0,71231.64,14,58.548,United Kingdom,12,0.6203202328966522,71231.64,1,Gold
15315.0,61887.5775,16,65.808,United Kingdom,1,0.8368384879725087,61887.5775,1,Gold
15317.0,37567.9675,8,55.26056338028169,France,64,0.3645508982035928,37567.9675,0,Silver
15318.0,49075.7,13,61.306603773584904,United Kingdom,8,0.6822758620689655,49075.7,0,Gold
15320.0,57193.28999999999,10,63.18604651162791,United Kingdom,24,0.5133220910623947,57193.28999999999,1,Gold
15321.0,46237.947499999995,10,59.67283950617284,United Kingdom,10,0.42994350282485877,46237.947499999995,0,Silver
15322.0,40382.59,12,57.21348314606742,United Kingdom,33,0.5379675994108984,40382.59,0,Silver
15323.0,34731.502499999995,9,53.07936507936508,United Kingdom,37,0.4150909090909091,34731.502499999995,0,Bronze
15324.0,70225.47249999999,12,60.58910891089109,United Kingdom,2,0.5891612903225807,70225.47249999999,1,Gold
15325.0,49643.3875,10,58.92134831460674,Belgium,30,0.4392496392496392,49643.3875,0,Gold
15326.0,44237.04,9,63.58108108108108,United Kingdom,11,0.3831608391608392,44237.04,0,Silver
15327.0,25243.67,6,54.714285714285715,France,32,0.39362068965517244,25243.67,0,Bronze
15328.0,36153.93,9,49.078947368421055,United Kingdom,4,0.3810292072322671,36153.93,0,Silver
15332.0,71825.48,17,53.32746478873239,United Kingdom,6,0.8359935379644589,71825.48,1,Gold
15333.0,10289.13,4,55.875,United Kingdom,180,0.2178175313059034,10289.13,0,Bronze
15334.0,35095.2875,9,49.111111111111114,United Kingdom,18,0.5092193308550186,35095.2875,0,Bronze
15336.0,11425.97,3,53.333333333333336,United Kingdom,306,0.31167235494880546,11425.97,0,Bronze
15337.0,37909.27,11,51.79113924050633,United Kingdom,42,0.5340350877192983,37909.27,0,Silver
15338.0,20127.024999999998,5,55.33783783783784,United Kingdom,294,0.5721804511278196,20127.024999999998,0,Bronze
15341.0,67097.535,13,57.824074074074076,United Kingdom,6,0.5879940564635958,67097.535,1,Gold
15342.0,38241.69,11,51.98125,United Kingdom,24,0.4838728323699422,38241.69,0,Silver
15345.0,48728.375,11,59.97422680412371,USA,83,0.525651491365777,48728.375,0,Silver
15346.0,27030.1325,9,58.4140625,United Kingdom,18,0.4528264462809917,27030.1325,0,Bronze
15349.0,46770.2375,11,55.80813953488372,United Kingdom,38,0.555290215588723,46770.2375,0,Silver
15350.0,32160.655,8,55.98412698412698,United Kingdom,28,0.34541843971631203,32160.655,0,Bronze
15351.0,20981.6,8,58.28,United Kingdom,112,0.4356350626118068,20981.6,0,Bronze
15354.0,66441.4,15,56.076,United Kingdom,46,0.7123244929797191,66441.4,1,Gold
15355.0,34224.545,14,50.39423076923077,United Kingdom,27,0.6002253521126761,34224.545,0,Bronze
15356.0,43864.715,10,60.845238095238095,United Kingdom,50,0.48548644338118024,43864.715,0,Silver
15357.0,56598.655,12,58.2877358490566,United Kingdom,43,0.5484684684684685,56598.655,1,Gold
15358.0,63324.9025,15,54.583333333333336,United Kingdom,24,0.8124555160142349,63324.9025,1,Gold
15360.0,58569.119999999995,12,60.02040816326531,United Kingdom,131,0.6593501805054152,58569.119999999995,1,Gold
15362.0,47582.524999999994,14,57.34574468085106,United Kingdom,33,0.6929430894308943,47582.524999999994,0,Silver
15363.0,40201.455,11,53.73780487804878,France,12,0.46962131837307153,40201.455,0,Silver
15364.0,68963.2925,9,61.77439024390244,United Kingdom,165,0.7134375000000001,68963.2925,1,Gold
15365.0,49399.2725,12,54.63586956521739,United Kingdom,17,0.6017792421746293,49399.2725,0,Gold
15367.0,47938.7475,11,62.94767441860465,USA,7,0.4683076923076923,47938.7475,0,Silver
15370.0,62223.35249999999,15,56.06140350877193,United Kingdom,10,0.6897280966767372,62223.35249999999,1,Gold
15371.0,27659.8825,6,60.833333333333336,United Kingdom,74,0.37892116182572616,27659.8825,0,Bronze
15372.0,58121.7625,11,60.292682926829265,Belgium,21,0.4709423347398031,58121.7625,1,Gold
15375.0,38373.8525,9,56.41025641025641,United Kingdom,29,0.41383685800604236,38373.8525,0,Silver
15376.0,24050.6625,7,59.93076923076923,United Kingdom,15,0.37057391304347825,24050.6625,0,Bronze
15377.0,82714.83,18,54.40217391304348,United Kingdom,10,0.9749466192170819,82714.83,1,Gold
15378.0,41959.2775,11,53.642857142857146,United Kingdom,5,0.5480196399345336,41959.2775,0,Silver
15379.0,53314.11749999999,11,59.464285714285715,United Kingdom,23,0.653984375,53314.11749999999,1,Gold
15381.0,52462.244999999995,13,54.74742268041237,United Kingdom,20,0.5573521126760564,52462.244999999995,0,Gold
15382.0,24949.98,10,48.53378378378378,United Kingdom,3,0.4210235131396957,24949.98,0,Bronze
15383.0,42986.375,12,57.922222222222224,United Kingdom,18,0.6017792421746293,42986.375,0,Silver
15385.0,40537.955,12,57.328125,United Kingdom,1,0.4983356070941337,40537.955,0,Silver
15386.0,33205.03,11,59.77906976744186,United Kingdom,24,0.5306497622820919,33205.03,0,Bronze
15387.0,43573.814999999995,9,56.358108108108105,Belgium,1,0.4132126696832579,43573.814999999995,0,Silver
15388.0,61686.697499999995,13,58.05825242718446,United Kingdom,35,0.7537523809523811,61686.697499999995,1,Gold
15389.0,45833.534999999996,10,52.69753086419753,United Kingdom,154,0.5284722222222222,45833.534999999996,0,Silver
15392.0,47660.284999999996,9,61.16279069767442,United Kingdom,44,0.5139962476547844,47660.284999999996,0,Silver
15396.0,29910.78,7,57.854166666666664,United Kingdom,72,0.43221095334685605,29910.78,0,Bronze
15398.0,57325.4675,18,59.33458646616541,United Kingdom,49,0.9629525483304043,57325.4675,1,Gold
15399.0,28708.1825,8,58.858333333333334,United Kingdom,15,0.3591740412979351,28708.1825,0,Bronze
15400.0,35758.1775,11,53.357142857142854,United Kingdom,3,0.46121212121212124,35758.1775,0,Silver
15401.0,27047.2,8,58.44117647058823,United Kingdom,22,0.3746461538461539,27047.2,0,Bronze
15403.0,35783.955,8,55.23076923076923,United Kingdom,9,0.336353591160221,35783.955,0,Silver
15404.0,43263.39,12,57.0,United Kingdom,24,0.5123141654978962,43263.39,0,Silver
15405.0,31198.204999999998,10,54.666666666666664,United Kingdom,55,0.4456808199121523,31198.204999999998,0,Bronze
15406.0,49333.6625,10,57.923469387755105,Spain,18,0.5980353634577604,49333.6625,0,Gold
15407.0,50423.2475,14,55.300925925925924,United Kingdom,2,0.6418072289156627,50423.2475,0,Gold
15410.0,32223.87,10,45.96666666666667,United Kingdom,55,0.46402439024390246,32223.87,0,Bronze
15413.0,58602.462499999994,10,62.67613636363637,United Kingdom,10,0.4697530864197531,58602.462499999994,1,Gold
15414.0,62811.142499999994,13,53.722727272727276,United Kingdom,3,0.5542296918767508,62811.142499999994,1,Gold
15417.0,56970.189999999995,8,57.66489361702128,USA,86,0.3921417069243156,56970.189999999995,1,Gold
15419.0,31470.84,10,52.38235294117647,Germany,4,0.5133220910623947,31470.84,0,Bronze
15421.0,68088.72499999999,14,52.517391304347825,United Kingdom,23,0.6070655270655271,68088.72499999999,1,Gold
15422.0,56095.06,16,51.93852459016394,Germany,2,0.6617391304347826,56095.06,1,Gold
15423.0,40027.63,12,59.906976744186046,United Kingdom,5,0.5526172465960666,40027.63,0,Silver
15424.0,69918.925,15,58.35401459854015,Netherlands,50,0.8697142857142858,69918.925,1,Gold
15425.0,42171.06,9,50.246153846153845,United Kingdom,23,0.7153002610966058,42171.06,0,Silver
15428.0,59962.369999999995,12,60.84020618556701,United Kingdom,97,0.7872413793103449,59962.369999999995,1,Gold
15429.0,68277.9025,16,55.58467741935484,United Kingdom,27,0.6859718309859155,68277.9025,1,Gold
15430.0,52237.93,14,55.42016806722689,United Kingdom,4,0.7556028368794326,52237.93,0,Gold
15432.0,31703.372499999998,11,60.9375,United Kingdom,19,0.46635097493036215,31703.372499999998,0,Bronze
15434.0,44722.685,11,59.20879120879121,United Kingdom,1,0.4644105409153953,44722.685,0,Silver
15435.0,33295.9,10,51.506024096385545,Netherlands,26,0.4330014224751067,33295.9,0,Bronze
15437.0,38873.4275,9,55.791044776119406,United Kingdom,37,0.42606531881804044,38873.4275,0,Silver
15441.0,33821.375,10,52.0375,United Kingdom,293,0.7112149532710281,33821.375,0,Bronze
15444.0,49737.36,11,61.47849462365591,Poland,26,0.539194847020934,49737.36,0,Gold
15447.0,35471.66499999999,10,59.54032258064516,United Kingdom,81,0.46902927580893683,35471.66499999999,0,Silver
15449.0,59658.38,18,55.241379310344826,United Kingdom,2,0.771718309859155,59658.38,1,Gold
15451.0,34907.1925,7,58.910714285714285,France,62,0.31614243323442137,34907.1925,0,Bronze
15454.0,45737.659999999996,11,56.833333333333336,United Kingdom,22,0.477660485021398,45737.659999999996,0,Silver
15457.0,38972.229999999996,8,51.95967741935484,United Kingdom,117,0.39340872374798064,38972.229999999996,0,Silver
15458.0,49409.99,12,56.518181818181816,United Kingdom,4,0.5255827338129496,49409.99,0,Gold
15461.0,40110.729999999996,10,57.035714285714285,United Kingdom,3,0.41986206896551725,40110.729999999996,0,Silver
15463.0,43619.384999999995,13,49.69444444444444,United Kingdom,4,0.6584359400998335,43619.384999999995,0,Silver
15464.0,76116.20749999999,19,59.92253521126761,United Kingdom,4,0.8619374068554397,76116.20749999999,1,Gold
15465.0,43616.174999999996,10,66.6917808219178,United Kingdom,28,0.4443795620437956,43616.174999999996,0,Silver
15466.0,30782.625,11,53.53846153846154,France,16,0.5012574850299402,30782.625,0,Bronze
15468.0,60720.5,11,58.5625,United Kingdom,55,0.48953216374269004,60720.5,1,Gold
15469.0,33475.11,10,55.58783783783784,United Kingdom,19,0.6302277432712216,33475.11,0,Bronze
15470.0,47282.685,11,51.29896907216495,United Kingdom,16,0.46505555555555556,47282.685,0,Silver
15471.0,56860.994999999995,13,55.191964285714285,United Kingdom,71,0.5950676691729323,56860.994999999995,1,Gold
15472.0,41531.034999999996,9,58.81333333333333,United Kingdom,16,0.4017008797653959,41531.034999999996,0,Silver
15473.0,17983.47,6,52.80263157894737,United Kingdom,2,0.28944532488114105,17983.47,0,Bronze
15474.0,64222.002499999995,13,56.6,United Kingdom,14,0.5565682137834037,64222.002499999995,1,Gold
15475.0,68460.2975,16,59.828,United Kingdom,26,0.8775495495495496,68460.2975,1,Gold
15476.0,28940.28,7,62.77884615384615,United Kingdom,22,0.3044,28940.28,0,Bronze
15481.0,28727.6325,9,47.326388888888886,United Kingdom,49,0.43143307086614174,28727.6325,0,Bronze
15482.0,42347.0125,10,62.64375,United Kingdom,9,0.44633431085043995,42347.0125,0,Silver
15483.0,56935.472499999996,12,61.73762376237624,United Kingdom,32,0.6931309297912713,56935.472499999996,1,Gold
15484.0,62501.0375,15,56.08474576271186,United Kingdom,4,0.6306629834254144,62501.0375,1,Gold
15486.0,34078.814999999995,8,58.26984126984127,United Kingdom,1,0.3992131147540984,34078.814999999995,0,Bronze
15487.0,44407.5,10,55.74691358024691,Poland,4,0.5284722222222222,44407.5,0,Silver
15488.0,39264.54,8,58.35964912280702,United Kingdom,56,0.36292101341281674,39264.54,0,Silver
15490.0,32958.515,8,57.0,United Kingdom,165,0.43719928186714546,32958.515,0,Bronze
15491.0,21904.58,11,53.18181818181818,Netherlands,64,0.6270411985018727,21904.58,0,Bronze
15493.0,36477.9575,9,51.61267605633803,United Kingdom,1,0.3815598885793872,36477.9575,0,Silver
15494.0,35729.25,12,56.787234042553195,United Kingdom,46,0.6605424954792044,35729.25,0,Silver
15495.0,24266.635,8,50.7265625,United Kingdom,98,0.4127457627118644,24266.635,0,Bronze
15499.0,74212.285,19,56.73376623376623,United Kingdom,11,1.3204566210045663,74212.285,1,Gold
15500.0,34800.99,12,51.25581395348837,United Kingdom,14,0.5108811188811189,34800.99,0,Bronze
15501.0,17789.025,6,58.872093023255815,United Kingdom,87,0.5278612716763006,17789.025,0,Bronze
15504.0,25053.129999999997,10,52.927536231884055,United Kingdom,5,0.5185689948892674,25053.129999999997,0,Bronze
15505.0,36901.775,11,56.189655172413794,United Kingdom,70,0.7507623318385651,36901.775,0,Silver
15511.0,29973.655,9,58.440298507462686,United Kingdom,25,0.4535761589403973,29973.655,0,Bronze
15512.0,17624.73,5,52.76923076923077,United Kingdom,252,0.5006578947368421,17624.73,0,Bronze
15513.0,51547.365,13,53.698113207547166,United Kingdom,5,0.6966901408450704,51547.365,0,Gold
15514.0,30170.67,7,56.898148148148145,United Kingdom,3,0.2926923076923077,30170.67,0,Bronze
15516.0,53806.534999999996,12,63.98514851485149,United Kingdom,13,0.5225751072961373,53806.534999999996,1,Gold
15518.0,40836.0175,10,52.76623376623377,United Kingdom,15,0.531239092495637,40836.0175,0,Silver
15519.0,65460.417499999996,16,54.52142857142857,United Kingdom,149,0.9330268199233717,65460.417499999996,1,Gold
15520.0,40955.2175,12,54.628865979381445,United Kingdom,18,0.5853846153846154,40955.2175,0,Silver
15521.0,30866.825,8,58.035714285714285,United Kingdom,320,0.6228132992327367,30866.825,0,Bronze
15522.0,56832.634999999995,11,60.92045454545455,United Kingdom,19,0.5314920634920636,56832.634999999995,1,Gold
15523.0,56755.145,14,57.40650406504065,United Kingdom,102,0.8841493775933611,56755.145,1,Gold
15524.0,31930.585,12,55.12820512820513,United Kingdom,22,0.5286251808972504,31930.585,0,Bronze
15526.0,70754.095,14,58.32142857142857,United Kingdom,2,0.5878068965517241,70754.095,1,Gold
15530.0,20758.63,6,58.72826086956522,United Kingdom,132,0.39193133047210305,20758.63,0,Bronze
15531.0,29022.225,9,52.0,United Kingdom,58,0.40707280832095094,29022.225,0,Bronze
15533.0,43324.7475,10,53.62222222222222,United Kingdom,5,0.5534545454545455,43324.7475,0,Silver
15535.0,21042.57,7,59.857142857142854,United Kingdom,18,0.3758024691358025,21042.57,0,Bronze
15540.0,29068.512499999997,7,57.3235294117647,United Kingdom,71,0.39605947955390336,29068.512499999997,0,Bronze
15543.0,29357.995,7,59.336363636363636,United Kingdom,12,0.29718270571827055,29357.995,0,Bronze
15544.0,49911.932499999995,10,51.72959183673469,United Kingdom,13,0.42812939521800286,49911.932499999995,0,Gold
15545.0,69378.36,16,55.87022900763359,United Kingdom,6,0.672707182320442,69378.36,1,Gold
15546.0,42331.595,11,61.11363636363637,United Kingdom,10,0.5012574850299402,42331.595,0,Silver
15547.0,37718.4525,10,57.45454545454545,United Kingdom,61,0.47267080745341616,37718.4525,0,Silver
15548.0,85158.9475,17,60.65107913669065,United Kingdom,9,0.8266453674121407,85158.9475,1,Gold
15549.0,33265.53,9,61.140625,United Kingdom,20,0.41259036144578315,33265.53,0,Bronze
15550.0,40400.4225,10,58.804054054054056,United Kingdom,4,0.4239554317548747,40400.4225,0,Silver
15551.0,51806.365,12,51.333333333333336,United Kingdom,14,0.6108361204013378,51806.365,0,Gold
15552.0,34400.25,9,55.11184210526316,United Kingdom,69,0.4581270903010034,34400.25,0,Bronze
15553.0,24216.985,8,59.76,USA,41,0.39088282504012845,24216.985,0,Bronze
15554.0,45461.43,10,56.75568181818182,United Kingdom,84,0.5435714285714286,45461.43,0,Silver
15555.0,73528.345,16,59.84931506849315,United Kingdom,8,0.8697142857142857,73528.345,1,Gold
15556.0,46657.634999999995,12,53.84659090909091,United Kingdom,26,0.5332554744525547,46657.634999999995,0,Silver
15559.0,37989.97,8,57.828947368421055,United Kingdom,20,0.3488825214899714,37989.97,0,Silver
15561.0,54235.7,13,54.16203703703704,United Kingdom,21,0.5751744186046511,54235.7,1,Gold
15563.0,48663.92,14,56.558035714285715,United Kingdom,7,0.5853846153846154,48663.92,0,Silver
15565.0,22254.16,6,59.42307692307692,United Kingdom,8,0.25833097595473836,22254.16,0,Bronze
15566.0,26262.9925,7,53.87931034482759,Germany,20,0.39241252302025786,26262.9925,0,Bronze
15567.0,25014.895,10,49.698412698412696,Germany,93,0.48012618296529974,25014.895,0,Bronze
15568.0,41404.555,11,56.70879120879121,United Kingdom,36,0.5348881789137381,41404.555,0,Silver
15569.0,60877.005,18,53.31159420289855,Netherlands,22,0.7663216783216784,60877.005,1,Gold
15570.0,43000.0325,14,52.5625,United Kingdom,12,0.5943654114365411,43000.0325,0,Silver
15571.0,42944.1775,15,51.3728813559322,United Kingdom,13,0.6560344827586208,42944.1775,0,Silver
15573.0,71430.87,18,56.0,United Kingdom,4,0.761,71430.87,1,Gold
15575.0,41659.64,10,61.46341463414634,United Kingdom,71,0.46902927580893683,41659.64,0,Silver
15578.0,58952.46,15,56.725806451612904,United Kingdom,10,0.6532188841201717,58952.46,1,Gold
15579.0,55241.2025,12,59.2979797979798,United Kingdom,14,0.5159322033898305,55241.2025,1,Gold
15581.0,38806.3175,11,51.53157894736842,United Kingdom,13,0.4902489019033675,38806.3175,0,Silver
15582.0,49974.0625,13,60.886138613861384,United Kingdom,33,0.6991519434628976,49974.0625,0,Gold
15584.0,61406.8,15,57.734234234234236,United Kingdom,20,0.6368200836820084,61406.8,1,Gold
15585.0,43767.7125,13,52.89903846153846,United Kingdom,14,0.5589265536723164,43767.7125,0,Silver
15586.0,41786.53,13,59.975,United Kingdom,14,0.5726772793053546,41786.53,0,Silver
15594.0,40423.74,11,52.54819277108434,United Kingdom,47,0.4859796806966618,40423.74,0,Silver
15595.0,38039.47,11,59.86144578313253,United Kingdom,65,0.5151384615384615,38039.47,0,Silver
15596.0,70644.01,16,59.22569444444444,United Kingdom,3,0.7539318885448917,70644.01,1,Gold
15598.0,46411.25,13,52.04245283018868,United Kingdom,37,1.0753260869565218,46411.25,0,Silver
15599.0,62498.6575,15,56.07692307692308,United Kingdom,56,0.6970992366412214,62498.6575,1,Gold
15600.0,63116.325,17,56.964285714285715,United Kingdom,1,0.7069398907103825,63116.325,1,Gold
15602.0,41388.89,11,60.166666666666664,United Kingdom,21,0.47160563380281695,41388.89,0,Silver
15603.0,26589.3,9,55.84782608695652,United Kingdom,22,0.3964688856729378,26589.3,0,Bronze
15605.0,49623.015,11,60.36363636363637,United Kingdom,22,0.47293785310734465,49623.015,0,Gold
15609.0,40694.729999999996,9,67.3955223880597,United Kingdom,103,0.4691095890410959,40694.729999999996,0,Silver
15610.0,19117.235,5,56.175,United Kingdom,10,0.22349486049926579,19117.235,0,Bronze
15611.0,40921.44,9,58.472972972972975,United Kingdom,17,0.4691095890410959,40921.44,0,Silver
15613.0,37731.095,8,63.868852459016395,United Kingdom,21,0.34988505747126436,37731.095,0,Silver
15614.0,64031.96,16,61.13257575757576,United Kingdom,11,0.6937891737891738,64031.96,1,Gold
15615.0,21685.665,10,51.166666666666664,United Kingdom,8,0.49495934959349597,21685.665,0,Bronze
15616.0,37889.362499999996,9,58.6484375,United Kingdom,35,0.6430985915492958,37889.362499999996,0,Silver
15618.0,43214.375,10,52.23780487804878,Spain,200,0.8550561797752809,43214.375,0,Silver
15620.0,23925.1,6,51.41111111111111,United Kingdom,75,0.2876220472440945,23925.1,0,Bronze
15623.0,58674.472499999996,15,55.926829268292686,United Kingdom,6,0.6458274398868459,58674.472499999996,1,Gold
15624.0,21843.829999999998,8,59.705357142857146,United Kingdom,30,0.4272280701754386,21843.829999999998,0,Bronze
15626.0,13214.095,5,64.69642857142857,France,43,0.29784735812133073,13214.095,0,Bronze
15628.0,67844.795,17,54.98046875,United Kingdom,5,0.7456484149855909,67844.795,1,Gold
15630.0,44371.27,12,55.474489795918366,United Kingdom,19,0.6677879341864716,44371.27,0,Silver
15631.0,46489.85,9,61.18493150684932,United Kingdom,6,0.4491147540983607,46489.85,0,Silver
15633.0,64359.125,13,66.7072072072072,United Kingdom,7,0.5542296918767508,64359.125,1,Gold
15634.0,50301.8675,13,59.12735849056604,United Kingdom,19,0.5661230329041488,50301.8675,0,Gold
15638.0,84308.89,20,59.38819875776397,United Kingdom,4,0.8339726027397261,84308.89,1,Gold
15640.0,52445.795,15,59.765765765765764,United Kingdom,23,0.8900584795321639,52445.795,0,Gold
15642.0,58927.909999999996,14,53.56060606060606,United Kingdom,7,0.7102666666666667,58927.909999999996,1,Gold
15645.0,49112.292499999996,13,58.65714285714286,United Kingdom,21,0.6154276827371695,49112.292499999996,0,Gold
15646.0,13085.05,2,71.53125,United Kingdom,106,0.6341666666666667,13085.05,0,Bronze
15647.0,31470.5225,9,49.128787878787875,United Kingdom,16,0.45133443163097203,31470.5225,0,Bronze
15648.0,42802.369999999995,11,60.00609756097561,United Kingdom,12,0.5646543001686342,42802.369999999995,0,Silver
15649.0,67802.415,16,60.102739726027394,France,134,0.8171812080536913,67802.415,1,Gold
15650.0,35060.8025,6,68.85454545454546,United Kingdom,37,0.2827244582043344,35060.8025,0,Bronze
15651.0,70883.69249999999,15,56.92342342342342,United Kingdom,29,0.6449152542372881,70883.69249999999,1,Gold
15652.0,63609.5525,16,55.92857142857143,United Kingdom,21,0.7401823708206687,63609.5525,1,Gold
15653.0,40267.42,11,50.970588235294116,United Kingdom,6,0.5020089955022489,40267.42,0,Silver
15656.0,33815.409999999996,8,65.32758620689656,United Kingdom,37,0.5910679611650486,33815.409999999996,0,Bronze
15657.0,72238.2225,14,55.205357142857146,United Kingdom,55,0.761,72238.2225,1,Gold
15658.0,23709.01,8,55.3046875,United Kingdom,4,0.43408199643493767,23709.01,0,Bronze
15659.0,48747.534999999996,13,59.98969072164948,United Kingdom,25,0.6154276827371695,48747.534999999996,0,Silver
15660.0,41719.02,12,54.5,France,34,0.531703056768559,41719.02,0,Silver
15661.0,31879.914999999997,5,59.74390243902439,United Kingdom,74,0.23095599393019728,31879.914999999997,0,Bronze
15662.0,42009.594999999994,9,57.47530864197531,United Kingdom,1,0.4157207890743551,42009.594999999994,0,Silver
15663.0,56033.44,16,57.67063492063492,United Kingdom,2,0.7280119581464872,56033.44,1,Gold
15666.0,45331.085,12,57.2020202020202,United Kingdom,99,0.6276288659793815,45331.085,0,Silver
15667.0,30629.785,9,56.922413793103445,United Kingdom,3,0.49362162162162165,30629.785,0,Bronze
15668.0,30561.8575,9,54.46774193548387,United Kingdom,27,0.4267289719626169,30561.8575,0,Bronze
15669.0,72668.75749999999,14,59.29831932773109,United Kingdom,48,0.6194186046511628,72668.75749999999,1,Gold
15670.0,16848.04,7,46.698113207547166,United Kingdom,13,0.29430939226519337,16848.04,0,Bronze
15673.0,26236.51,11,51.81578947368421,United Kingdom,1,0.46962131837307153,26236.51,0,Bronze
15677.0,34047.93,11,52.69230769230769,United Kingdom,2,0.4683076923076923,34047.93,0,Bronze
15680.0,29537.1475,6,58.53333333333333,Netherlands,1,0.2627913669064748,29537.1475,0,Bronze
15681.0,48006.24,12,55.39784946236559,United Kingdom,34,0.5825837320574163,48006.24,0,Silver
15683.0,49390.845,12,55.762135922330096,United Kingdom,4,0.5363876651982379,49390.845,0,Gold
15684.0,43410.159999999996,10,63.734375,United Kingdom,72,0.46402439024390246,43410.159999999996,0,Silver
15685.0,40147.347499999996,10,55.74666666666667,United Kingdom,53,0.5239242685025818,40147.347499999996,0,Silver
15689.0,57188.7775,15,56.448113207547166,United Kingdom,17,0.6350486787204451,57188.7775,1,Gold
15693.0,63099.532499999994,13,61.771028037383175,United Kingdom,11,0.5443191196698762,63099.532499999994,1,Gold
15694.0,42195.445,10,56.142857142857146,United Kingdom,51,0.6263374485596708,42195.445,0,Silver
15695.0,39492.95,10,58.41463414634146,United Kingdom,49,0.6212244897959184,39492.95,0,Silver
15697.0,29755.304999999997,9,56.726027397260275,United Kingdom,10,0.4909677419354839,29755.304999999997,0,Bronze
15698.0,20852.395,7,56.385416666666664,United Kingdom,21,0.49668997668997666,20852.395,0,Bronze
15701.0,46080.222499999996,12,56.11764705882353,United Kingdom,103,0.6892075471698114,46080.222499999996,0,Silver
15702.0,47217.299999999996,13,58.72857142857143,United Kingdom,79,0.6321405750798723,47217.299999999996,0,Silver
15703.0,87128.83,18,56.894904458598724,United Kingdom,10,0.876672,87128.83,1,Gold
15704.0,45134.329999999994,10,61.38815789473684,United Kingdom,131,0.5090301003344482,45134.329999999994,0,Silver
15705.0,43098.235,11,54.71978021978022,United Kingdom,11,0.4631258644536653,43098.235,0,Silver
15706.0,33195.6325,7,62.8,United Kingdom,16,0.3686505190311419,33195.6325,0,Bronze
15707.0,23802.85,8,58.367924528301884,United Kingdom,52,0.44847145488029466,23802.85,0,Bronze
15708.0,59770.6325,14,60.72596153846154,United Kingdom,12,0.6036260623229462,59770.6325,1,Gold
15709.0,37468.335,7,65.73684210526316,United Kingdom,20,0.3083646888567294,37468.335,0,Silver
15710.0,41630.855,11,50.75806451612903,United Kingdom,18,0.6065942028985507,41630.855,0,Silver
15711.0,47265.2075,11,61.80625,United Kingdom,2,0.4916886930983847,47265.2075,0,Silver
15712.0,48438.35,14,55.854166666666664,United Kingdom,20,0.595195530726257,48438.35,0,Silver
15713.0,50707.1875,12,56.52970297029703,United Kingdom,6,0.5166619519094767,50707.1875,0,Gold
15714.0,41322.159999999996,10,60.040983606557376,United Kingdom,8,0.4287323943661972,41322.159999999996,0,Silver
15716.0,17752.03,5,56.294117647058826,United Kingdom,38,0.22448377581120946,17752.03,0,Bronze
15717.0,46191.78,12,56.14772727272727,United Kingdom,36,0.6397197898423818,46191.78,0,Silver
15718.0,45629.9675,12,53.340425531914896,Spain,30,0.6180710659898477,45629.9675,0,Silver
15719.0,32819.625,9,56.607142857142854,United Kingdom,51,0.4273946957878315,32819.625,0,Bronze
15720.0,43771.56,8,61.0472972972973,France,8,0.3473894436519258,43771.56,0,Silver
15721.0,54283.085,18,53.513422818791945,United Kingdom,19,0.7760906515580738,54283.085,1,Gold
15722.0,14893.13,6,54.81,United Kingdom,20,0.25508379888268157,14893.13,0,Bronze
15723.0,51919.3325,9,54.736111111111114,United Kingdom,24,0.44618892508143326,51919.3325,0,Gold
15724.0,47565.235,12,54.983870967741936,Netherlands,38,0.5835143769968052,47565.235,0,Silver
15725.0,9856.615,3,52.791666666666664,United Kingdom,26,0.14070878274268103,9856.615,0,Bronze
15728.0,53888.947499999995,10,58.68072289156626,United Kingdom,24,0.44373177842565603,53888.947499999995,1,Gold
15729.0,43504.58,11,59.086666666666666,France,11,0.4605777166437414,43504.58,0,Silver
15730.0,28132.675,9,59.958333333333336,United Kingdom,39,0.4781151832460734,28132.675,0,Bronze
15732.0,68044.69,17,58.6875,United Kingdom,39,0.7598825256975037,68044.69,1,Gold
15733.0,47785.002499999995,15,53.60775862068966,United Kingdom,19,0.6855855855855857,47785.002499999995,0,Silver
15735.0,24230.795,5,64.09210526315789,United Kingdom,90,0.3197478991596639,24230.795,0,Bronze
15736.0,36723.612499999996,11,55.776315789473685,Germany,68,0.5409369951534734,36723.612499999996,0,Silver
15737.0,23724.642499999998,5,55.4125,United Kingdom,72,0.34356659142212187,23724.642499999998,0,Bronze
15738.0,59561.432499999995,14,60.070754716981135,United Kingdom,37,0.6721766561514196,59561.432499999995,1,Gold
15740.0,43337.5325,12,58.212765957446805,United Kingdom,21,0.5853846153846154,43337.5325,0,Silver
15741.0,23465.925,7,64.18103448275862,United Kingdom,30,0.43133603238866397,23465.925,0,Bronze
15742.0,49892.5525,14,65.609375,United Kingdom,3,0.5837808219178083,49892.5525,0,Gold
15743.0,57190.5,15,56.45495495495496,United Kingdom,19,0.8439926062846581,57190.5,1,Gold
15744.0,57150.0375,13,67.365,United Kingdom,3,0.5413406292749658,57150.0375,1,Gold
15750.0,31263.315,8,65.55263157894737,United Kingdom,26,0.6528686327077748,31263.315,0,Bronze
15751.0,48689.34,12,54.931372549019606,United Kingdom,74,0.57075,48689.34,0,Silver
15752.0,21279.555,7,56.73275862068966,United Kingdom,8,0.3194602698650675,21279.555,0,Bronze
15755.0,41362.975,10,57.98051948051948,United Kingdom,108,0.48548644338118024,41362.975,0,Silver
15756.0,86726.7825,15,61.36065573770492,United Kingdom,34,0.6646288209606988,86726.7825,1,Gold
15757.0,73806.0325,13,64.8859649122807,France,34,0.5677474892395983,73806.0325,1,Gold
15764.0,23297.024999999998,5,61.0,United Kingdom,76,0.32245762711864406,23297.024999999998,0,Bronze
15765.0,54826.7275,12,53.473958333333336,United Kingdom,138,0.6386013986013986,54826.7275,1,Gold
15767.0,44323.84,9,59.27215189873418,Portugal,13,0.38859574468085106,44323.84,0,Silver
15769.0,55615.2275,10,53.729166666666664,United Kingdom,207,0.5842610364683302,55615.2275,1,Gold
15770.0,40858.5225,8,54.765151515151516,United Kingdom,75,0.37755038759689924,40858.5225,0,Silver
15771.0,38279.75,9,60.148809523809526,United Kingdom,40,0.39994160583941607,38279.75,0,Silver
15772.0,27582.055,7,54.85507246376812,United Kingdom,9,0.294716459197787,27582.055,0,Bronze
15774.0,32100.059999999998,12,57.98969072164948,United Kingdom,52,0.5460089686098655,32100.059999999998,0,Bronze
15776.0,37540.9,9,57.18478260869565,United Kingdom,76,0.5534545454545454,37540.9,0,Silver
15777.0,50497.085,10,56.68354430379747,United Kingdom,55,0.4489675516224189,50497.085,0,Gold
15782.0,45879.9275,10,60.722972972972975,United Kingdom,66,0.4577443609022556,45879.9275,0,Silver
15783.0,34555.2375,9,59.03521126760563,United Kingdom,3,0.5556997971602434,34555.2375,0,Bronze
15784.0,43058.68,12,55.73255813953488,United Kingdom,3,0.6180710659898477,43058.68,0,Silver
15785.0,61873.4425,12,55.06930693069307,United Kingdom,9,0.5045303867403315,61873.4425,1,Gold
15786.0,37911.97,12,54.850515463917525,USA,132,0.649964412811388,37911.97,0,Silver
15789.0,61165.6,14,61.166666666666664,United Kingdom,39,0.6753724247226625,61165.6,1,Gold
15792.0,22695.0825,5,65.70454545454545,Germany,192,0.28342644320297955,22695.0825,0,Bronze
15793.0,85596.8225,18,59.01307189542484,United Kingdom,67,0.8416589861751153,85596.8225,1,Gold
15794.0,45558.2125,10,58.21686746987952,United Kingdom,72,0.5575091575091575,45558.2125,0,Silver
15796.0,89276.245,23,57.61578947368421,United Kingdom,16,1.1148407643312102,89276.245,1,Gold
15797.0,53199.7725,16,53.05833333333333,United Kingdom,18,0.6918181818181819,53199.7725,1,Gold
15800.0,30832.434999999998,9,54.8828125,United Kingdom,2,0.416986301369863,30832.434999999998,0,Bronze
15803.0,42912.0575,9,47.33552631578947,United Kingdom,32,0.4082861400894188,42912.0575,0,Silver
15806.0,36240.104999999996,10,60.92307692307692,United Kingdom,11,0.46261398176291796,36240.104999999996,0,Silver
15808.0,28435.9025,5,62.24418604651163,Germany,185,0.3912596401028278,28435.9025,0,Bronze
15809.0,32505.405,10,53.695945945945944,France,14,0.5484684684684685,32505.405,0,Bronze
15810.0,38446.104999999996,9,54.58536585365854,Switzerland,44,0.4082861400894188,38446.104999999996,0,Silver
15811.0,49319.7575,11,62.310679611650485,United Kingdom,1,0.5915901060070672,49319.7575,0,Gold
15813.0,63081.564999999995,12,61.85454545454545,United Kingdom,2,0.5152045133991537,63081.564999999995,1,Gold
15814.0,62953.94,13,62.31578947368421,United Kingdom,35,0.5785380116959065,62953.94,1,Gold
15815.0,52711.725,14,58.72115384615385,United Kingdom,10,0.7877264325323476,52711.725,1,Gold
15818.0,74244.47499999999,13,57.37984496124031,United Kingdom,56,0.5968627450980393,74244.47499999999,1,Gold
15819.0,80320.75499999999,18,57.50328947368421,United Kingdom,2,0.7782954545454546,80320.75499999999,1,Gold
15820.0,55974.52,10,61.04761904761905,United Kingdom,47,0.6435517970401692,55974.52,1,Gold
15821.0,61295.877499999995,11,56.20879120879121,United Kingdom,108,0.5773103448275863,61295.877499999995,1,Gold
15823.0,49911.222499999996,9,63.21830985915493,United Kingdom,40,0.43974317817014447,49911.222499999996,0,Gold
15824.0,57802.62499999999,14,58.51652892561984,United Kingdom,1,0.7437347294938919,57802.62499999999,1,Gold
15825.0,60172.09,13,62.67289719626168,United Kingdom,68,0.6222012578616353,60172.09,1,Gold
15827.0,72908.51999999999,12,60.513636363636365,United Kingdom,128,0.7176424361493124,72908.51999999999,1,Gold
15828.0,47183.017499999994,10,63.01973684210526,United Kingdom,55,0.6462845010615711,47183.017499999994,0,Silver
15830.0,34636.88,8,57.0234375,United Kingdom,6,0.3401117318435754,34636.88,0,Bronze
15831.0,33733.925,11,47.58227848101266,United Kingdom,137,0.6293984962406015,33733.925,0,Bronze
15832.0,49249.659999999996,9,60.57857142857143,United Kingdom,11,0.41889908256880737,49249.659999999996,0,Gold
15833.0,56743.6775,13,60.693069306930695,United Kingdom,26,0.5995757575757575,56743.6775,1,Gold
15834.0,55288.782499999994,10,56.666666666666664,United Kingdom,10,0.41986206896551725,55288.782499999994,1,Gold
15839.0,43243.5625,11,55.48876404494382,Germany,35,0.5608710217755445,43243.5625,0,Silver
15840.0,36179.314999999995,10,52.19642857142857,Switzerland,14,0.4227777777777778,36179.314999999995,0,Silver
15841.0,59259.9975,14,56.55263157894737,United Kingdom,145,0.8714928425357874,59259.9975,1,Gold
15842.0,34531.127499999995,12,52.97701149425287,France,49,0.6067774086378738,34531.127499999995,0,Bronze
15843.0,21737.0,5,54.226190476190474,United Kingdom,85,0.26985815602836877,21737.0,0,Bronze
15844.0,67455.3575,15,56.107142857142854,United Kingdom,37,0.6579250720461096,67455.3575,1,Gold
15845.0,42429.494999999995,12,60.970238095238095,United Kingdom,7,0.5003835616438357,42429.494999999995,0,Silver
15846.0,27588.285,7,67.97169811320755,United Kingdom,13,0.4058666666666667,27588.285,0,Bronze
15847.0,72204.06999999999,16,59.08695652173913,United Kingdom,5,0.6840449438202247,72204.06999999999,1,Gold
15848.0,46823.807499999995,12,51.965,USA,64,0.5611059907834102,46823.807499999995,0,Silver
15850.0,17475.7,7,52.75409836065574,United Kingdom,53,0.36801381692573404,17475.7,0,Bronze
15851.0,51888.3275,12,54.7962962962963,France,118,0.590113085621971,51888.3275,0,Gold
15852.0,37577.95,10,56.675824175824175,United Kingdom,37,0.4697530864197531,37577.95,0,Silver
15853.0,35379.58,8,55.11842105263158,United Kingdom,32,0.34590909090909094,35379.58,0,Silver
15854.0,51684.145,12,58.953125,United Kingdom,26,0.5698595943837753,51684.145,0,Gold
15856.0,47246.3375,9,52.5,United Kingdom,7,0.41259036144578315,47246.3375,0,Silver
15861.0,44730.792499999996,14,59.3936170212766,United Kingdom,2,0.7347586206896551,44730.792499999996,0,Silver
15862.0,47341.1175,12,52.75,United Kingdom,125,0.640842105263158,47341.1175,0,Silver
15864.0,49755.877499999995,10,57.8974358974359,United Kingdom,49,0.4543283582089553,49755.877499999995,0,Gold
15867.0,65310.29,11,58.79716981132076,United Kingdom,22,0.4790271816881259,65310.29,1,Gold
15868.0,13539.97,5,55.275,United Kingdom,215,0.34988505747126436,13539.97,0,Bronze
15869.0,32297.675,7,53.4,United Kingdom,74,0.8101901140684411,32297.675,0,Bronze
15870.0,61252.875,13,62.696969696969695,United Kingdom,10,0.7079069767441861,61252.875,1,Gold
15872.0,28353.5,9,52.30597014925373,United Kingdom,54,0.41135135135135137,28353.5,0,Bronze
15873.0,19241.17,9,59.641666666666666,United Kingdom,60,0.5054612546125462,19241.17,0,Bronze
15875.0,44919.825,13,57.018691588785046,United Kingdom,6,0.5488488210818308,44919.825,0,Silver
15883.0,46928.744999999995,16,55.18141592920354,Germany,22,0.683085553997195,46928.744999999995,0,Silver
15884.0,53429.4025,11,60.61224489795919,United Kingdom,28,0.63296786389414,53429.4025,1,Gold
15886.0,39514.3,14,54.75877192982456,United Kingdom,10,0.633224368499257,39514.3,0,Silver
15889.0,52953.2625,12,59.06315789473684,Spain,103,0.6201697792869271,52953.2625,1,Gold
15890.0,12642.145,7,51.770270270270274,United Kingdom,136,0.5421882951653945,12642.145,0,Bronze
15892.0,32812.479999999996,8,55.70945945945946,United Kingdom,60,0.8010526315789473,32812.479999999996,0,Bronze
15894.0,18548.285,6,58.861702127659576,United Kingdom,133,0.3902564102564103,18548.285,0,Bronze
15895.0,38179.305,11,49.01162790697674,United Kingdom,9,0.5618120805369128,38179.305,0,Silver
15896.0,47069.305,14,57.15983606557377,United Kingdom,45,0.6764444444444445,47069.305,0,Silver
15897.0,51438.307499999995,16,56.21052631578947,United Kingdom,29,0.6928022759601707,51438.307499999995,0,Gold
15899.0,11494.765,3,53.84,United Kingdom,77,0.16049209138840073,11494.765,0,Bronze
15900.0,38820.305,11,52.14942528735632,Spain,16,0.4676536312849162,38820.305,0,Silver
15905.0,59567.9925,14,52.33455882352941,United Kingdom,6,0.5960279720279721,59567.9925,1,Gold
15906.0,34951.01,7,59.3125,United Kingdom,100,0.33822222222222226,34951.01,0,Bronze
15907.0,84115.6125,21,57.73795180722892,United Kingdom,16,0.8952941176470589,84115.6125,1,Gold
15909.0,63527.869999999995,15,62.16,United Kingdom,16,0.6449152542372881,63527.869999999995,1,Gold
15912.0,20729.14,7,52.73529411764706,United Kingdom,64,0.49324074074074076,20729.14,0,Bronze
15916.0,36964.604999999996,12,62.06172839506173,United Kingdom,27,0.5130337078651686,36964.604999999996,0,Silver
15917.0,34124.2775,12,53.22352941176471,United Kingdom,6,0.5371764705882353,34124.2775,0,Bronze
15918.0,53000.4925,10,53.890625,United Kingdom,23,0.43361823361823365,53000.4925,1,Gold
15919.0,48504.5875,9,59.521126760563384,United Kingdom,2,0.4132126696832579,48504.5875,0,Silver
15920.0,43224.385,12,59.207317073170735,United Kingdom,50,0.6665693430656934,43224.385,0,Silver
15921.0,15727.91,5,49.85526315789474,United Kingdom,69,0.48012618296529974,15727.91,0,Bronze
15922.0,48238.784999999996,13,58.31363636363636,United Kingdom,2,0.6894076655052266,48238.784999999996,0,Silver
15923.0,35118.555,10,55.55769230769231,United Kingdom,6,0.44179970972423804,35118.555,0,Bronze
15924.0,29220.2425,9,55.62179487179487,United Kingdom,98,0.4287323943661972,29220.2425,0,Bronze
15927.0,43391.595,10,66.27027027027027,United Kingdom,95,0.6504273504273504,43391.595,0,Silver
15928.0,34645.9775,10,62.4485294117647,Netherlands,91,0.5899224806201551,34645.9775,0,Bronze
15929.0,45679.18,12,51.69711538461539,United Kingdom,39,0.5309302325581395,45679.18,0,Silver
15930.0,43594.0125,12,59.44155844155844,United Kingdom,5,0.6319723183391004,43594.0125,0,Silver
15932.0,30852.864999999998,12,56.63793103448276,United Kingdom,39,0.5371764705882353,30852.864999999998,0,Bronze
15933.0,54588.025,11,58.964285714285715,United Kingdom,41,0.5627563025210084,54588.025,1,Gold
15937.0,24624.45,6,58.83898305084746,Germany,37,0.5059279778393352,24624.45,0,Bronze
15938.0,64363.3875,14,58.46808510638298,United Kingdom,9,0.599381153305204,64363.3875,1,Gold
15939.0,59810.3425,13,55.78389830508475,United Kingdom,1,0.5735072463768116,59810.3425,1,Gold
15940.0,54416.744999999995,13,61.54545454545455,United Kingdom,37,0.6372302737520129,54416.744999999995,1,Gold
15941.0,45223.159999999996,13,60.47938144329897,United Kingdom,1,0.5573521126760564,45223.159999999996,0,Silver
15942.0,59883.909999999996,16,61.46491228070175,United Kingdom,8,0.7312912912912913,59883.909999999996,1,Gold
15943.0,37123.16499999999,8,55.78260869565217,United Kingdom,12,0.6671780821917809,37123.16499999999,0,Silver
15944.0,44429.84,13,55.31578947368421,United Kingdom,11,0.8735540838852097,44429.84,0,Silver
15946.0,24652.969999999998,7,51.372727272727275,Germany,24,0.31520710059171597,24652.969999999998,0,Bronze
15947.0,31154.032499999998,11,60.890625,United Kingdom,4,0.4909677419354839,31154.032499999998,0,Bronze
15948.0,64125.42999999999,13,58.20283018867924,United Kingdom,1,0.5871216617210683,64125.42999999999,1,Gold
15949.0,40427.255,12,54.134408602150536,United Kingdom,44,0.6853283302063791,40427.255,0,Silver
15951.0,27449.0225,7,60.313559322033896,United Kingdom,16,0.29594444444444445,27449.0225,0,Bronze
15954.0,52722.79,10,66.96753246753246,United Kingdom,1,0.5064891846921796,52722.79,1,Gold
15955.0,49813.6,14,58.03333333333333,United Kingdom,22,0.6267058823529412,49813.6,0,Gold
15958.0,28218.515,8,57.13,United Kingdom,2,0.3667469879518072,28218.515,0,Bronze
15959.0,36684.095,10,48.7289156626506,United Kingdom,45,0.4516320474777448,36684.095,0,Silver
15960.0,37502.097499999996,9,52.6031746031746,France,22,0.4588944723618091,37502.097499999996,0,Silver
15963.0,61314.34,16,53.4140625,United Kingdom,29,0.68985835694051,61314.34,1,Gold
15965.0,19870.969999999998,6,50.69047619047619,United Kingdom,6,0.27589123867069487,19870.969999999998,0,Bronze
15966.0,34616.925,10,59.25,United Kingdom,96,0.47711598746081507,34616.925,0,Bronze
15968.0,44404.899999999994,11,54.638888888888886,United Kingdom,47,0.8247290640394089,44404.899999999994,0,Silver
15969.0,52742.3925,11,54.561797752808985,United Kingdom,1,0.5444552845528455,52742.3925,1,Gold
15971.0,52630.41499999999,12,66.91237113402062,United Kingdom,3,0.5101675977653631,52630.41499999999,0,Gold
15976.0,54532.549999999996,11,64.13372093023256,United Kingdom,193,0.6166482504604052,54532.549999999996,1,Gold
15978.0,42963.72,7,65.3135593220339,United Kingdom,7,0.3617657045840408,42963.72,0,Silver
15980.0,45346.6325,12,60.85057471264368,United Kingdom,8,0.506629680998613,45346.6325,0,Silver
15981.0,23055.297499999997,6,61.1125,United Kingdom,184,0.4781151832460733,23055.297499999997,0,Bronze
15982.0,69802.64749999999,14,55.71153846153846,Germany,10,0.6044822695035461,69802.64749999999,1,Gold
15983.0,41523.795,11,57.46511627906977,United Kingdom,30,0.4790271816881259,41523.795,0,Silver
15985.0,24973.754999999997,7,50.75438596491228,United Kingdom,1,0.3339811912225706,24973.754999999997,0,Bronze
15986.0,59205.71,14,58.7688679245283,United Kingdom,12,0.8661788617886178,59205.71,1,Gold
15987.0,53721.002499999995,14,61.05789473684211,United Kingdom,8,0.5869972451790634,53721.002499999995,1,Gold
15988.0,75858.6675,18,55.437086092715234,United Kingdom,31,0.808141592920354,75858.6675,1,Gold
15990.0,11027.984999999999,2,65.82142857142857,United Kingdom,78,1.0318644067796612,11027.984999999999,0,Bronze
15991.0,37342.1175,11,57.92261904761905,United Kingdom,12,0.4689635854341737,37342.1175,0,Silver
15992.0,51518.384999999995,14,57.96534653465346,United Kingdom,26,0.5985393258426966,51518.384999999995,0,Gold
15994.0,71681.63249999999,14,54.4125,United Kingdom,73,0.6607131782945737,71681.63249999999,1,Gold
15995.0,56899.159999999996,16,55.0,United Kingdom,14,0.7151835535976505,56899.159999999996,1,Gold
15997.0,54840.32,13,47.99528301886792,United Kingdom,10,0.5534545454545455,54840.32,1,Gold
15999.0,44378.159999999996,9,61.149253731343286,United Kingdom,2,0.39994160583941607,44378.159999999996,0,Silver
16004.0,52552.8525,11,52.694736842105264,United Kingdom,33,0.4924117647058824,52552.8525,0,Gold
16005.0,56384.365,13,69.0,United Kingdom,25,0.5605099150141644,56384.365,1,Gold
16006.0,57766.7425,10,60.87931034482759,United Kingdom,3,0.42219140083217754,57766.7425,1,Gold
16007.0,50466.5225,14,60.148148148148145,United Kingdom,7,0.595195530726257,50466.5225,0,Gold
16010.0,41742.1575,10,51.09027777777778,United Kingdom,15,0.45981873111782484,41742.1575,0,Silver
16011.0,38188.4825,12,53.674418604651166,USA,32,0.5637037037037037,38188.4825,0,Silver
16012.0,50465.659999999996,12,57.0929203539823,United Kingdom,121,0.6222827938671209,50465.659999999996,0,Gold
16015.0,40809.869999999995,9,71.43939393939394,United Kingdom,4,0.5981659388646289,40809.869999999995,0,Silver
16016.0,60841.6475,14,55.809734513274336,Portugal,9,0.6079315263908702,60841.6475,1,Gold
16017.0,30117.895,11,49.85606060606061,USA,15,0.4631258644536653,30117.895,0,Bronze
16019.0,39786.149999999994,8,57.604838709677416,United Kingdom,69,0.37696594427244584,39786.149999999994,0,Silver
16020.0,44581.259999999995,12,51.65625,United Kingdom,9,0.550950226244344,44581.259999999995,0,Silver
16021.0,36678.96,8,57.73015873015873,United Kingdom,83,0.3921417069243156,36678.96,0,Silver
16023.0,75955.39,14,56.94230769230769,United Kingdom,15,0.6079315263908702,75955.39,1,Gold
16024.0,68218.45,14,61.105932203389834,United Kingdom,30,0.8291050583657588,68218.45,1,Gold
16027.0,65678.72499999999,15,54.90234375,United Kingdom,31,0.9005917159763314,65678.72499999999,1,Gold
16028.0,35082.7075,9,55.90151515151515,United Kingdom,6,0.5198481973434536,35082.7075,0,Bronze
16029.0,51059.5675,11,51.48453608247423,United Kingdom,234,0.6778137651821863,51059.5675,0,Gold
16032.0,40870.6525,11,50.13636363636363,USA,66,0.5012574850299402,40870.6525,0,Silver
16035.0,41294.2725,9,60.71527777777778,Netherlands,45,0.3953246753246753,41294.2725,0,Silver
16036.0,58192.7425,15,56.7479674796748,United Kingdom,15,0.6504273504273504,58192.7425,1,Gold
16043.0,47801.5475,13,53.227722772277225,United Kingdom,25,0.6695769881556684,47801.5475,0,Silver
16044.0,23807.005,9,46.40909090909091,United Kingdom,226,0.6327020785219399,23807.005,0,Bronze
16049.0,38537.2475,10,69.04615384615384,United Kingdom,24,0.4293370944992948,38537.2475,0,Silver
16050.0,28220.024999999998,10,58.13194444444444,United Kingdom,70,0.499016393442623,28220.024999999998,0,Bronze
16051.0,25983.095,8,63.035714285714285,United Kingdom,26,0.37813664596273294,25983.095,0,Bronze
16055.0,51428.0925,12,58.29,United Kingdom,15,0.5602453987730062,51428.0925,0,Gold
16056.0,43611.775,10,68.0934065934066,United Kingdom,44,0.4563718140929536,43611.775,0,Silver
16057.0,26164.255,6,53.02173913043478,United Kingdom,74,0.41135135135135137,26164.255,0,Bronze
16059.0,53159.9025,10,58.48125,France,16,0.42160664819944604,53159.9025,1,Gold
16060.0,49255.07,13,59.31308411214953,United Kingdom,13,0.7274264705882353,49255.07,0,Gold
16061.0,95011.71999999999,16,61.07720588235294,United Kingdom,4,0.7172901325478646,95011.71999999999,1,Gold
16063.0,61441.165,16,62.30769230769231,United Kingdom,46,0.7194091580502215,61441.165,1,Gold
16066.0,37286.6925,9,51.916666666666664,Belgium,18,0.38531645569620254,37286.6925,0,Silver
16067.0,24417.605,9,55.801587301587304,United Kingdom,96,0.49810909090909095,24417.605,0,Bronze
16068.0,30645.655,12,50.38172043010753,United Kingdom,160,0.7690105263157895,30645.655,0,Bronze
16069.0,52121.7875,12,58.016666666666666,United Kingdom,3,0.5356011730205279,52121.7875,0,Gold
16071.0,65706.06,16,59.68103448275862,United Kingdom,43,0.7141348973607039,65706.06,1,Gold
16073.0,51525.665,14,58.08247422680412,United Kingdom,13,0.6466767830045523,51525.665,0,Gold
16074.0,26979.010000000002,8,56.9264705882353,United Kingdom,40,0.4106576728499157,26979.010000000002,0,Bronze
16075.0,60389.072499999995,13,51.783018867924525,United Kingdom,158,0.7091756272401434,60389.072499999995,1,Gold
16076.0,46563.682499999995,10,55.74731182795699,United Kingdom,26,0.46191198786039456,46563.682499999995,0,Silver
16077.0,54735.722499999996,10,61.54891304347826,United Kingdom,9,0.47861635220125787,54735.722499999996,1,Gold
16078.0,27965.782499999998,7,51.52459016393443,United Kingdom,33,0.3147415066469719,27965.782499999998,0,Bronze
16080.0,44430.5225,8,58.095238095238095,United Kingdom,1,0.34541843971631203,44430.5225,0,Silver
16081.0,51426.5675,18,51.65163934426229,United Kingdom,10,0.7684712482468443,51426.5675,0,Gold
16084.0,49250.9575,11,55.37096774193548,United Kingdom,1,0.5723760683760685,49250.9575,0,Gold
16086.0,61587.752499999995,13,61.40721649484536,United Kingdom,11,0.5637037037037037,61587.752499999995,1,Gold
16088.0,52440.517499999994,13,54.65533980582524,United Kingdom,20,0.6241640378548896,52440.517499999994,0,Gold
16089.0,81312.86499999999,18,58.82962962962963,United Kingdom,19,0.9177889447236182,81312.86499999999,1,Gold
16092.0,29292.105,10,55.57746478873239,United Kingdom,119,0.5006578947368421,29292.105,0,Bronze
16094.0,43458.994999999995,10,62.34615384615385,Germany,8,0.4570570570570571,43458.994999999995,0,Silver
16095.0,26640.25,5,50.825,United Kingdom,39,0.25409015025041737,26640.25,0,Bronze
16096.0,57123.1175,12,55.935483870967744,United Kingdom,35,0.7162352941176471,57123.1175,1,Gold
16099.0,20106.837499999998,6,58.989583333333336,United Kingdom,60,0.2926923076923077,20106.837499999998,0,Bronze
16104.0,36577.7025,8,57.735849056603776,Spain,130,0.5663255813953488,36577.7025,0,Silver
16105.0,57494.6375,14,62.39565217391304,United Kingdom,14,0.6019209039548022,57494.6375,1,Gold
16106.0,31498.539999999997,7,58.86,United Kingdom,182,0.40356060606060606,31498.539999999997,0,Bronze
16108.0,31616.675,10,58.850746268656714,United Kingdom,115,0.5081803005008347,31616.675,0,Bronze
16109.0,32098.422499999997,9,52.63125,United Kingdom,46,0.44618892508143326,32098.422499999997,0,Bronze
16113.0,58156.1525,11,61.69186046511628,United Kingdom,118,0.6390076335877862,58156.1525,1,Gold
16114.0,43425.755,14,58.691588785046726,USA,57,0.6536196319018405,43425.755,0,Silver
16115.0,20275.925,4,56.94736842105263,United Kingdom,32,0.26412147505422995,20275.925,0,Bronze
16116.0,78594.73,15,57.6764705882353,United Kingdom,7,0.6665693430656934,78594.73,1,Gold
16117.0,39185.83,14,54.58762886597938,United Kingdom,11,0.6010719322990127,39185.83,0,Silver
16118.0,45661.472499999996,10,61.883720930232556,United Kingdom,29,0.47786499215070644,45661.472499999996,0,Silver
16121.0,30185.762499999997,8,54.5625,United Kingdom,33,0.4803155818540434,30185.762499999997,0,Bronze
16123.0,70770.8625,17,50.67355371900826,United Kingdom,30,0.7700595238095238,70770.8625,1,Gold
16128.0,38632.1275,8,56.098591549295776,United Kingdom,26,0.6617391304347826,38632.1275,0,Silver
16131.0,30945.675,8,59.22222222222222,Switzerland,27,0.35038848920863314,30945.675,0,Bronze
16133.0,20273.73,8,48.00892857142857,United Kingdom,216,0.4710251450676983,20273.73,0,Bronze
16135.0,48499.0575,12,54.17672413793103,United Kingdom,1,0.5130337078651686,48499.0575,0,Silver
16136.0,28832.23,6,53.53846153846154,United Kingdom,20,0.2627913669064748,28832.23,0,Bronze
16138.0,41060.667499999996,8,69.36153846153846,United Kingdom,21,0.5676456876456877,41060.667499999996,0,Silver
16139.0,41706.1375,12,60.77319587628866,Germany,55,0.5517824773413897,41706.1375,0,Silver
16140.0,40047.5625,8,54.733333333333334,United Kingdom,72,0.7183480825958702,40047.5625,0,Silver
16142.0,28009.48,7,55.4,United Kingdom,3,0.30224113475177306,28009.48,0,Bronze
16143.0,42640.3275,9,57.11643835616438,United Kingdom,55,0.4267289719626169,42640.3275,0,Silver
16145.0,22795.01,10,52.2027027027027,United Kingdom,32,0.4379856115107914,22795.01,0,Bronze
16147.0,53400.35,13,60.41150442477876,Germany,134,0.6776027397260274,53400.35,1,Gold
16148.0,26258.01,7,59.324561403508774,Netherlands,26,0.3909724770642202,26258.01,0,Bronze
16149.0,68724.345,17,56.3716814159292,United Kingdom,44,0.9340794223826716,68724.345,1,Gold
16153.0,48597.03,12,52.84615384615385,United Kingdom,36,0.5593874425727412,48597.03,0,Silver
16154.0,37245.82,7,54.67460317460318,United Kingdom,25,0.34873977086743047,37245.82,0,Silver
16155.0,36535.31,13,58.006024096385545,United Kingdom,38,0.7728906249999999,36535.31,0,Silver
16156.0,58861.1875,11,54.66315789473684,United Kingdom,30,0.47227080394922427,58861.1875,1,Gold
16158.0,40921.35,9,57.55,United Kingdom,187,0.5672049689440993,40921.35,0,Silver
16159.0,49410.034999999996,12,59.30769230769231,United Kingdom,3,0.5698595943837753,49410.034999999996,0,Gold
16160.0,51135.045,12,59.833333333333336,United Kingdom,28,0.5196017069701281,51135.045,0,Gold
16161.0,13957.145,6,59.03947368421053,United Kingdom,242,0.5371764705882353,13957.145,0,Bronze
16162.0,45933.695,9,49.26190476190476,Germany,5,0.37580246913580245,45933.695,0,Silver
16163.0,37894.35,9,61.475,United Kingdom,27,0.6446117647058823,37894.35,0,Silver
16164.0,70620.5025,16,53.47286821705426,United Kingdom,43,0.7645839874411303,70620.5025,1,Gold
16165.0,52177.807499999995,14,60.898058252427184,United Kingdom,69,0.6418072289156627,52177.807499999995,0,Gold
16167.0,30782.985,11,57.359550561797754,United Kingdom,50,0.5081031866464341,30782.985,0,Bronze
16168.0,6046.955,3,48.61904761904762,United Kingdom,24,0.21951923076923077,6046.955,0,Bronze
16170.0,48105.0625,14,51.91121495327103,United Kingdom,24,0.7664748201438849,48105.0625,0,Silver
16171.0,28463.665,8,52.89705882352941,United Kingdom,14,0.3508933717579251,28463.665,0,Bronze
16172.0,48799.409999999996,12,65.48148148148148,Germany,16,0.5371764705882353,48799.409999999996,0,Silver
16173.0,45543.52,15,56.91203703703704,United Kingdom,47,0.7436482084690554,45543.52,0,Silver
16175.0,58492.509999999995,16,54.96511627906977,United Kingdom,5,0.6918181818181819,58492.509999999995,1,Gold
16176.0,36231.9425,9,61.0703125,United Kingdom,49,0.4005263157894737,36231.9425,0,Silver
16177.0,47578.377499999995,10,63.0,United Kingdom,23,0.4973856209150327,47578.377499999995,0,Silver
16181.0,75626.4825,15,56.81521739130435,United Kingdom,9,0.6476595744680851,75626.4825,1,Gold
16184.0,42458.005,11,55.916666666666664,United Kingdom,24,0.47160563380281695,42458.005,0,Silver
16185.0,26880.86,10,54.72,United Kingdom,4,0.5098827470686768,26880.86,0,Bronze
16186.0,52746.665,11,61.816326530612244,Belgium,17,0.7049263157894737,52746.665,1,Gold
16187.0,28226.567499999997,6,51.94897959183673,United Kingdom,10,0.2822874806800618,28226.567499999997,0,Bronze
16191.0,19236.66,5,62.11363636363637,United Kingdom,20,1.1191176470588236,19236.66,0,Bronze
16194.0,30299.677499999998,7,59.59183673469388,Spain,65,0.3860144927536232,30299.677499999998,0,Bronze
16195.0,61836.447499999995,15,59.8134328358209,United Kingdom,4,0.8900584795321639,61836.447499999995,1,Gold
16198.0,26746.18,9,59.46153846153846,Belgium,21,0.4918491921005387,26746.18,0,Bronze
16199.0,18783.355,6,52.7625,United Kingdom,84,0.28944532488114105,18783.355,0,Bronze
16200.0,23127.375,10,51.723880597014926,United Kingdom,61,0.6224948875255625,23127.375,0,Bronze
16203.0,43171.465,12,50.0787037037037,United Kingdom,62,0.5427637444279346,43171.465,0,Silver
16206.0,51033.979999999996,12,55.62135922330097,United Kingdom,2,0.57075,51033.979999999996,0,Gold
16209.0,52502.7175,12,57.228155339805824,United Kingdom,117,0.617027027027027,52502.7175,0,Gold
16210.0,41118.405,9,58.151315789473685,United Kingdom,68,0.48402826855123676,41118.405,0,Silver
16214.0,78981.06749999999,18,57.255639097744364,United Kingdom,11,0.7861119081779053,78981.06749999999,1,Gold
16215.0,63982.68,15,58.60550458715596,United Kingdom,17,0.6665693430656934,63982.68,1,Gold
16217.0,72751.5775,13,57.51401869158879,United Kingdom,68,0.6041526717557252,72751.5775,1,Gold
16218.0,40187.225,10,57.607594936708864,United Kingdom,36,0.4668711656441718,40187.225,0,Silver
16219.0,43897.3325,10,58.06666666666667,United Kingdom,33,0.4424418604651163,43897.3325,0,Silver
16220.0,56935.462499999994,14,61.613207547169814,United Kingdom,11,0.6294830132939438,56935.462499999994,1,Gold
16221.0,17868.864999999998,6,57.32142857142857,United Kingdom,58,0.2809846153846154,17868.864999999998,0,Bronze
16222.0,62110.579999999994,17,57.31439393939394,France,24,0.7257784011220196,62110.579999999994,1,Gold
16225.0,42399.88,10,62.94285714285714,United Kingdom,145,0.5185689948892674,42399.88,0,Silver
16226.0,35741.555,12,56.202127659574465,Switzerland,18,0.5173937677053825,35741.555,0,Silver
16229.0,47647.68749999999,10,52.79012345679013,United Kingdom,41,0.4443795620437956,47647.68749999999,0,Silver
16231.0,35403.155,11,55.22527472527472,United Kingdom,7,0.6414559386973181,35403.155,0,Silver
16232.0,29171.355,8,51.26865671641791,United Kingdom,194,0.5534545454545455,29171.355,0,Bronze
16234.0,75815.83499999999,17,56.767361111111114,United Kingdom,3,0.7576573938506589,75815.83499999999,1,Gold
16235.0,34103.174999999996,8,62.62096774193548,United Kingdom,10,0.3927741935483871,34103.174999999996,0,Bronze
16236.0,36740.19,9,60.74050632911393,United Kingdom,18,0.3891477272727273,36740.19,0,Silver
16237.0,38034.755,11,53.11797752808989,United Kingdom,102,0.5480196399345336,38034.755,0,Silver
16241.0,76441.20749999999,15,60.176923076923075,United Kingdom,26,0.6522857142857142,76441.20749999999,1,Gold
16244.0,32836.6975,9,56.29220779220779,United Kingdom,20,0.38531645569620254,32836.6975,0,Bronze
16245.0,27524.3775,8,62.94827586206897,United Kingdom,41,0.3591740412979351,27524.3775,0,Bronze
16246.0,38875.715,13,60.81818181818182,United Kingdom,6,0.7994343434343435,38875.715,0,Silver
16247.0,36475.1625,12,50.858695652173914,United Kingdom,31,0.5628351309707241,36475.1625,0,Silver
16248.0,34928.0875,6,61.51851851851852,United Kingdom,94,0.35190751445086704,34928.0875,0,Bronze
16249.0,54955.017499999994,12,55.47674418604651,United Kingdom,10,0.6067774086378738,54955.017499999994,1,Gold
16251.0,52690.395,10,57.01075268817204,United Kingdom,42,0.5387610619469028,52690.395,1,Gold
16253.0,46445.43,10,57.96951219512195,United Kingdom,12,0.48012618296529974,46445.43,0,Silver
16254.0,50148.07,13,56.975,United Kingdom,28,0.610679012345679,50148.07,0,Gold
16256.0,41459.85,10,58.93529411764706,United Kingdom,23,0.4311614730878187,41459.85,0,Silver
16257.0,41328.9775,8,61.060344827586206,United Kingdom,15,0.34938307030129123,41328.9775,0,Silver
16258.0,28993.524999999998,8,53.71296296296296,United Kingdom,92,0.37755038759689924,28993.524999999998,0,Bronze
16259.0,22750.97,5,57.13513513513514,United Kingdom,174,0.34590909090909094,22750.97,0,Bronze
16262.0,24011.815,8,63.401408450704224,United Kingdom,164,0.4302473498233216,24011.815,0,Bronze
16264.0,53447.965,13,57.911764705882355,Germany,21,0.5597171145685997,53447.965,1,Gold
16265.0,27186.595,7,58.82727272727273,United Kingdom,97,0.5073333333333333,27186.595,0,Bronze
16266.0,17649.16,7,49.65686274509804,United Kingdom,73,0.33822222222222226,17649.16,0,Bronze
16267.0,44303.524999999994,11,52.89080459770115,Switzerland,3,0.4845730824891462,44303.524999999994,0,Silver
16270.0,31902.035,7,62.574074074074076,United Kingdom,16,0.3142772861356932,31902.035,0,Bronze
16271.0,15991.49,5,56.94444444444444,United Kingdom,25,0.33973214285714287,15991.49,0,Bronze
16272.0,22688.4,7,57.67741935483871,United Kingdom,27,0.5774525745257453,22688.4,0,Bronze
16273.0,48388.3025,9,57.927536231884055,United Kingdom,25,0.4280625,48388.3025,0,Silver
16274.0,27909.7375,6,62.130434782608695,Switzerland,49,0.2989198036006547,27909.7375,0,Bronze
16275.0,41603.45,11,53.25,United Kingdom,32,0.4902489019033675,41603.45,0,Silver
16276.0,48046.455,10,60.662921348314605,United Kingdom,1,0.47861635220125787,48046.455,0,Silver
16278.0,41333.0575,10,51.95161290322581,United Kingdom,110,0.48548644338118024,41333.0575,0,Silver
16281.0,55755.3575,13,54.679611650485434,United Kingdom,21,0.5637037037037037,55755.3575,1,Gold
16282.0,38996.225,9,55.42,United Kingdom,85,0.4857446808510638,38996.225,0,Silver
16284.0,30476.965,7,60.81147540983606,United Kingdom,87,0.3334585289514867,30476.965,0,Bronze
16288.0,40850.625,16,48.22222222222222,United Kingdom,1,0.7694154818325434,40850.625,0,Silver
16291.0,81374.73,20,56.03896103896104,United Kingdom,10,0.8835994194484761,81374.73,1,Gold
16292.0,30466.594999999998,8,62.471698113207545,United Kingdom,14,0.38109546165884195,30466.594999999998,0,Bronze
16293.0,9513.97,4,50.8125,United Kingdom,146,0.25157024793388433,9513.97,0,Bronze
16297.0,34289.7825,10,50.656976744186046,United Kingdom,78,0.47047913446676976,34289.7825,0,Bronze
16300.0,20016.405,7,55.17857142857143,United Kingdom,222,0.4270140280561122,20016.405,0,Bronze
16301.0,35347.549999999996,10,63.30113636363637,United Kingdom,1,0.45500747384155454,35347.549999999996,0,Silver
16302.0,61338.35,17,51.582644628099175,United Kingdom,10,0.7985802469135802,61338.35,1,Gold
16305.0,28138.1,8,52.31666666666667,United Kingdom,66,0.5192324093816632,28138.1,0,Bronze
16306.0,42208.235,10,61.282051282051285,United Kingdom,136,0.5743396226415095,42208.235,0,Silver
16307.0,55163.6625,13,56.54385964912281,Germany,1,0.5760116448326056,55163.6625,1,Gold
16308.0,72744.235,14,58.38157894736842,United Kingdom,16,0.6239531478770132,72744.235,1,Gold
16310.0,50558.127499999995,10,64.86585365853658,United Kingdom,28,0.6015810276679843,50558.127499999995,0,Gold
16311.0,55057.3275,13,56.354166666666664,United Kingdom,16,0.7341743970315399,55057.3275,1,Gold
16314.0,51001.1225,15,57.745535714285715,United Kingdom,50,0.7661073825503356,51001.1225,0,Gold
16315.0,46619.384999999995,11,53.60294117647059,United Kingdom,16,0.4676536312849162,46619.384999999995,0,Silver
16316.0,30444.77,9,48.991379310344826,United Kingdom,42,0.5648659793814433,30444.77,0,Bronze
16317.0,39455.99,12,57.794736842105266,United Kingdom,95,0.9414432989690722,39455.99,0,Silver
16319.0,43399.8575,9,55.98,United Kingdom,21,0.44837970540098204,43399.8575,0,Silver
16321.0,50871.7325,11,58.18421052631579,United Kingdom,11,0.46962131837307153,50871.7325,0,Gold
16322.0,56254.104999999996,14,57.723214285714285,United Kingdom,6,0.599381153305204,56254.104999999996,1,Gold
16323.0,39128.465,11,55.39156626506024,Switzerland,11,0.4702808988764045,39128.465,0,Silver
16325.0,43025.1025,12,54.36734693877551,United Kingdom,36,0.5240746054519368,43025.1025,0,Silver
16327.0,57323.032499999994,15,58.86283185840708,United Kingdom,151,0.7913344887348355,57323.032499999994,1,Gold
16328.0,48674.8375,12,56.76704545454545,United Kingdom,8,0.5080389429763561,48674.8375,0,Silver
16329.0,54177.9025,11,57.35576923076923,United Kingdom,117,0.5498193760262725,54177.9025,1,Gold
16330.0,17324.005,6,54.648936170212764,Austria,36,0.2674084919472914,17324.005,0,Bronze
16332.0,39758.034999999996,7,62.407407407407405,Portugal,99,0.8040754716981132,39758.034999999996,0,Silver
16333.0,48243.4775,11,54.648936170212764,United Kingdom,26,0.4924117647058824,48243.4775,0,Silver
16334.0,41756.055,11,57.973958333333336,United Kingdom,93,0.5348881789137381,41756.055,0,Silver
16335.0,50229.49,13,52.08536585365854,United Kingdom,8,0.711726618705036,50229.49,0,Gold
16336.0,47235.284999999996,10,63.82666666666667,United Kingdom,41,0.6646288209606988,47235.284999999996,0,Silver
16338.0,42424.4575,10,52.52564102564103,United Kingdom,21,0.6518201284796574,42424.4575,0,Silver
16341.0,43417.335,11,58.50555555555555,United Kingdom,1,0.45994505494505494,43417.335,0,Silver
16343.0,38113.57,11,53.946236559139784,USA,14,0.47360678925035365,38113.57,0,Silver
16344.0,22786.129999999997,8,53.31481481481482,USA,22,0.3434696755994358,22786.129999999997,0,Bronze
16346.0,47877.2575,10,60.48255813953488,United Kingdom,2,0.4305516265912306,47877.2575,0,Silver
16349.0,31668.962499999998,9,55.88970588235294,Ireland,10,0.4208294930875576,31668.962499999998,0,Bronze
16350.0,22610.96,9,53.52857142857143,United Kingdom,7,0.41135135135135137,22610.96,0,Bronze
16352.0,57278.385,16,59.921875,United Kingdom,13,0.7007769784172663,57278.385,1,Gold
16355.0,63474.814999999995,13,58.53478260869565,United Kingdom,15,0.5693812949640288,63474.814999999995,1,Gold
16357.0,55261.1925,15,50.45175438596491,United Kingdom,7,0.6394957983193278,55261.1925,1,Gold
16359.0,44225.475,12,60.725806451612904,United Kingdom,16,0.5073333333333333,44225.475,0,Silver
16360.0,19398.7875,5,56.14102564102564,United Kingdom,338,0.4005263157894737,19398.7875,0,Bronze
16361.0,51186.6025,10,58.12643678160919,Germany,25,0.5968627450980393,51186.6025,0,Gold
16363.0,25367.045,8,48.766129032258064,USA,34,0.3602366863905325,25367.045,0,Bronze
16371.0,38442.17,7,63.13461538461539,United Kingdom,40,0.3339811912225706,38442.17,0,Silver
16372.0,33091.3075,8,63.611111111111114,United Kingdom,4,0.47011583011583014,33091.3075,0,Bronze
16378.0,80498.05,18,56.91153846153846,United Kingdom,8,0.7495485636114911,80498.05,1,Gold
16380.0,45807.715000000004,13,57.699029126213595,United Kingdom,93,0.6311323763955343,45807.715000000004,0,Silver
16381.0,34658.299999999996,10,51.16197183098591,United Kingdom,4,0.4147138964577657,34658.299999999996,0,Bronze
16382.0,68822.3425,14,58.900862068965516,United Kingdom,19,0.6627682737169518,68822.3425,1,Gold
16384.0,15103.76,4,61.86666666666667,United Kingdom,64,0.25157024793388433,15103.76,0,Bronze
16385.0,36999.135,10,50.620253164556964,France,24,0.48860353130016054,36999.135,0,Silver
16386.0,43222.805,12,56.891304347826086,United Kingdom,38,0.5689719626168225,43222.805,0,Silver
16388.0,46519.3575,11,50.5,United Kingdom,76,0.5627563025210084,46519.3575,0,Silver
16389.0,41050.142499999994,9,60.625,United Kingdom,45,0.39994160583941607,41050.142499999994,0,Silver
16391.0,50354.43,13,58.17857142857143,United Kingdom,12,0.5653142857142858,50354.43,0,Gold
16392.0,37538.38,11,51.84177215189873,United Kingdom,37,0.50050822122571,37538.38,0,Silver
16394.0,20227.5725,5,50.9,USA,371,0.9632911392405064,20227.5725,0,Bronze
16395.0,59392.14,14,56.90625,United Kingdom,59,0.633224368499257,59392.14,1,Gold
16396.0,55390.6225,12,57.75471698113208,United Kingdom,84,0.6397197898423818,55390.6225,1,Gold
16397.0,72855.815,12,54.14159292035398,United Kingdom,9,0.5196017069701281,72855.815,1,Gold
16400.0,76273.705,19,59.0979020979021,Netherlands,2,0.818048090523338,76273.705,1,Gold
16402.0,54634.704999999994,13,58.848958333333336,United Kingdom,44,0.6497865353037766,54634.704999999994,1,Gold
16404.0,22363.274999999998,8,55.15079365079365,United Kingdom,16,0.6308808290155441,22363.274999999998,0,Bronze
16407.0,49815.2175,15,53.103053435114504,United Kingdom,11,0.8139037433155081,49815.2175,0,Gold
16410.0,57335.587499999994,14,53.881188118811885,United Kingdom,13,0.5985393258426966,57335.587499999994,1,Gold
16412.0,60491.157499999994,11,58.325,United Kingdom,3,0.6552641878669276,60491.157499999994,1,Gold
16415.0,41505.325,10,59.648148148148145,United Kingdom,4,0.475625,41505.325,0,Silver
16416.0,41611.045,8,57.71641791044776,United Kingdom,40,0.35654465592972184,41611.045,0,Silver
16417.0,47173.759999999995,13,55.77717391304348,United Kingdom,29,0.5661230329041488,47173.759999999995,0,Silver
16418.0,26609.03,8,48.40625,United Kingdom,3,0.5021030927835052,26609.03,0,Bronze
16419.0,69173.305,16,59.75454545454546,United Kingdom,3,0.6745706371191137,69173.305,1,Gold
16420.0,47653.7775,11,68.12345679012346,United Kingdom,30,0.477660485021398,47653.7775,0,Silver
16422.0,16889.85,7,46.81666666666667,Belgium,51,0.32090361445783133,16889.85,0,Bronze
16423.0,30210.6175,8,55.8,United Kingdom,3,0.5447874720357941,30210.6175,0,Bronze
16424.0,84629.69249999999,15,61.322916666666664,United Kingdom,5,0.624623803009576,84629.69249999999,1,Gold
16425.0,30615.392499999998,8,60.00847457627118,United Kingdom,47,0.6821288515406163,30615.392499999998,0,Bronze
16426.0,62581.15,13,58.5,United Kingdom,23,0.6858232235701908,62581.15,1,Gold
16427.0,66688.8475,13,58.42857142857143,United Kingdom,1,0.6088,66688.8475,1,Gold
16428.0,52961.542499999996,13,60.83522727272727,United Kingdom,66,0.6764444444444445,52961.542499999996,1,Gold
16429.0,64009.86,16,56.63138686131387,United Kingdom,6,0.7379393939393939,64009.86,1,Gold
16430.0,12464.02,3,57.535714285714285,United Kingdom,54,1.6307142857142858,12464.02,0,Bronze
16434.0,41778.54,9,50.95161290322581,United Kingdom,20,0.3815598885793872,41778.54,0,Silver
16435.0,13317.355,4,56.85,United Kingdom,3,0.22506469500924217,13317.355,0,Bronze
16437.0,35684.307499999995,8,58.292307692307695,United Kingdom,48,0.43177304964539004,35684.307499999995,0,Silver
16438.0,41269.1475,9,48.62676056338028,United Kingdom,66,0.41196992481203004,41269.1475,0,Silver
16439.0,43303.784999999996,10,60.875,United Kingdom,76,0.5203418803418804,43303.784999999996,0,Silver
16441.0,34079.09,10,60.603896103896105,United Kingdom,14,0.42573426573426576,34079.09,0,Bronze
16443.0,23110.225,5,54.44565217391305,United Kingdom,135,0.25622895622895625,23110.225,0,Bronze
16444.0,46103.665,13,58.97549019607843,United Kingdom,13,0.7438345864661654,46103.665,0,Silver
16445.0,29200.774999999998,8,53.71052631578947,United Kingdom,15,0.4737743190661479,29200.774999999998,0,Bronze
16446.0,43305.4,13,57.465,United Kingdom,27,0.5637037037037037,43305.4,0,Silver
16447.0,31443.795,9,53.80113636363637,United Kingdom,139,0.5490180360721443,31443.795,0,Bronze
16448.0,38976.712499999994,10,56.23076923076923,United Kingdom,39,0.4424418604651163,38976.712499999994,0,Silver
16449.0,25909.495,8,50.90909090909091,United Kingdom,12,0.3358896551724138,25909.495,0,Bronze
16450.0,13703.41,4,56.646341463414636,United Kingdom,19,0.21249563699825483,13703.41,0,Bronze
16452.0,35437.65,11,55.672413793103445,United Kingdom,59,0.49679525222551935,35437.65,0,Silver
16453.0,40515.6775,11,61.48924731182796,United Kingdom,19,0.46962131837307153,40515.6775,0,Silver
16454.0,39712.07,7,61.4485294117647,United Kingdom,143,0.5667021276595745,39712.07,0,Silver
16455.0,52613.6,10,54.39795918367347,United Kingdom,30,0.43735632183908046,52613.6,0,Gold
16456.0,20774.945,7,56.179245283018865,Spain,6,0.30011267605633807,20774.945,0,Bronze
16457.0,44103.979999999996,10,56.18115942028985,United Kingdom,15,0.8797687861271677,44103.979999999996,0,Silver
16458.0,33302.195,8,50.7890625,United Kingdom,51,0.3549854227405248,33302.195,0,Bronze
16459.0,51871.689999999995,13,60.879629629629626,United Kingdom,12,0.5597171145685997,51871.689999999995,0,Gold
16460.0,47710.015,13,56.27450980392157,United Kingdom,11,0.5923952095808384,47710.015,0,Silver
16468.0,26268.405,9,54.220338983050844,United Kingdom,18,0.5278612716763006,26268.405,0,Bronze
16470.0,44180.8175,10,57.223404255319146,United Kingdom,4,0.42573426573426576,44180.8175,0,Silver
16473.0,57420.465,15,49.5625,United Kingdom,26,0.6588744588744588,57420.465,1,Gold
16474.0,56727.752499999995,12,59.89908256880734,United Kingdom,48,0.5517824773413897,56727.752499999995,1,Gold
16475.0,53194.009999999995,12,56.31382978723404,United Kingdom,77,0.5716431924882629,53194.009999999995,1,Gold
16476.0,34824.715,12,48.892857142857146,United Kingdom,17,0.6254794520547945,34824.715,0,Bronze
16477.0,30776.7075,7,62.583333333333336,United Kingdom,40,0.3945925925925926,30776.7075,0,Bronze
16478.0,37661.072499999995,7,63.11864406779661,United Kingdom,168,0.7637275985663083,37661.072499999995,0,Silver
16479.0,24782.715,6,63.55555555555556,United Kingdom,12,0.26166189111747856,24782.715,0,Bronze
16483.0,42790.979999999996,11,56.54210526315789,United Kingdom,89,0.5374638844301766,42790.979999999996,0,Silver
16485.0,36568.705,9,65.00769230769231,United Kingdom,108,0.6538424821002387,36568.705,0,Silver
16486.0,47776.4425,12,54.94897959183673,United Kingdom,5,0.5637037037037037,47776.4425,0,Silver
16488.0,41813.445,12,52.683673469387756,United Kingdom,19,0.5460089686098655,41813.445,0,Silver
16490.0,35720.417499999996,8,59.90163934426229,United Kingdom,15,0.4177015437392796,35720.417499999996,0,Silver
16492.0,31045.96,6,59.765306122448976,United Kingdom,52,0.5233237822349571,31045.96,0,Bronze
16493.0,31794.26,7,66.22641509433963,United Kingdom,5,0.5774525745257453,31794.26,0,Bronze
16494.0,59184.034999999996,14,58.00480769230769,United Kingdom,14,0.6648361934477379,59184.034999999996,1,Gold
16495.0,33697.0125,9,63.846774193548384,United Kingdom,12,0.4927338129496403,33697.0125,0,Bronze
16497.0,27674.344999999998,8,61.774193548387096,United Kingdom,3,0.4774901960784314,27674.344999999998,0,Bronze
16498.0,30455.67,12,51.32795698924731,United Kingdom,1,0.5411555555555556,30455.67,0,Bronze
16499.0,26621.16,9,57.607142857142854,United Kingdom,97,0.43693779904306224,26621.16,0,Bronze
16500.0,73039.685,17,59.558394160583944,United Kingdom,28,0.7288450704225353,73039.685,1,Gold
16501.0,51572.27,12,54.73809523809524,France,99,0.575244094488189,51572.27,0,Gold
16502.0,48968.5675,10,53.229729729729726,United Kingdom,77,0.4734059097978227,48968.5675,0,Gold
16503.0,33172.52,12,54.963157894736845,United Kingdom,10,0.5024484181568089,33172.52,0,Bronze
16505.0,84199.42,14,61.35344827586207,United Kingdom,5,0.6002253521126761,84199.42,1,Gold
16506.0,44923.395,14,52.808035714285715,United Kingdom,7,0.5829822161422709,44923.395,0,Silver
16507.0,35012.46,10,59.55681818181818,United Kingdom,34,0.4450292397660819,35012.46,0,Bronze
16508.0,64541.2,16,56.71825396825397,United Kingdom,30,0.8529597197898424,64541.2,1,Gold
16509.0,30422.975,9,54.578125,United Kingdom,33,0.39877729257641925,30422.975,0,Bronze
16510.0,44610.9,12,58.63793103448276,United Kingdom,15,0.5152045133991537,44610.9,0,Silver
16512.0,46637.252499999995,12,53.7093023255814,United Kingdom,40,0.5363876651982379,46637.252499999995,0,Silver
16513.0,35083.655,8,55.44285714285714,United Kingdom,16,0.5998029556650246,35083.655,0,Bronze
16516.0,101128.45749999999,21,57.31764705882353,United Kingdom,34,0.9744512195121952,101128.45749999999,1,Gold
16517.0,55254.0375,11,57.87640449438202,Belgium,8,0.4580574555403557,55254.0375,1,Gold
16518.0,41031.905,12,63.375,United Kingdom,14,0.5248275862068965,41031.905,0,Silver
16519.0,64872.079999999994,12,59.36538461538461,United Kingdom,15,0.7092815533980583,64872.079999999994,1,Gold
16520.0,49639.38,10,62.11038961038961,United Kingdom,4,0.42044198895027624,49639.38,0,Gold
16522.0,35651.115,9,61.65151515151515,United Kingdom,22,0.5878969957081546,35651.115,0,Silver
16524.0,48965.18,14,52.300925925925924,Netherlands,20,0.595195530726257,48965.18,0,Gold
16527.0,47875.68,13,55.627450980392155,United Kingdom,97,0.8313445378151261,47875.68,0,Silver
16531.0,44893.0475,7,60.94117647058823,United Kingdom,20,0.4005263157894737,44893.0475,0,Silver
16532.0,41186.807499999995,16,52.04807692307692,United Kingdom,10,0.6987661406025825,41186.807499999995,0,Silver
16534.0,67331.11,15,56.59756097560975,United Kingdom,80,0.7101088646967341,67331.11,1,Gold
16536.0,47866.1875,10,60.79032258064516,United Kingdom,22,0.6617391304347826,47866.1875,0,Silver
16540.0,67623.4,17,52.70205479452055,United Kingdom,10,0.7127823691460056,67623.4,1,Gold
16541.0,78483.73999999999,13,59.19230769230769,United Kingdom,16,0.5581382228490832,78483.73999999999,1,Gold
16542.0,35747.6,8,58.89705882352941,United Kingdom,30,0.5547152619589977,35747.6,0,Silver
16543.0,43564.965,7,58.1865671641791,United Kingdom,3,0.3350314465408805,43564.965,0,Silver
16546.0,46486.722499999996,14,60.13392857142857,United Kingdom,32,0.6070655270655271,46486.722499999996,0,Silver
16547.0,20531.425,6,55.32142857142857,United Kingdom,71,0.2989198036006547,20531.425,0,Bronze
16549.0,33138.445,8,57.65,United Kingdom,3,0.3607703703703704,33138.445,0,Bronze
16553.0,52556.8775,12,60.765625,France,77,0.9041584158415842,52556.8775,0,Gold
16554.0,35228.985,9,55.067796610169495,United Kingdom,5,0.4163525835866262,35228.985,0,Silver
16555.0,56518.735,12,57.16019417475728,United Kingdom,30,0.656978417266187,56518.735,1,Gold
16556.0,21011.3575,7,57.275510204081634,United Kingdom,79,0.40128060263653487,21011.3575,0,Bronze
16559.0,52196.325,17,54.88053097345133,United Kingdom,13,0.8022945736434108,52196.325,0,Gold
16561.0,37108.865,9,55.5,USA,18,0.5208365019011407,37108.865,0,Silver
16563.0,35441.63,11,48.21341463414634,United Kingdom,8,0.47360678925035365,35441.63,0,Silver
16565.0,74913.30249999999,11,63.78846153846154,United Kingdom,9,0.4845730824891462,74913.30249999999,1,Gold
16566.0,52614.515,15,56.991379310344826,United Kingdom,11,0.7497536945812807,52614.515,0,Gold
16567.0,26861.48,9,48.12,United Kingdom,83,0.438336,26861.48,0,Bronze
16568.0,37630.515,12,50.935483870967744,United Kingdom,105,0.6522857142857142,37630.515,0,Silver
16569.0,41410.8025,13,48.44392523364486,United Kingdom,30,0.7551908396946565,41410.8025,0,Silver
16574.0,29248.434999999998,8,55.11666666666667,United Kingdom,61,0.37638330757341576,29248.434999999998,0,Bronze
16576.0,55510.7175,12,62.05,United Kingdom,6,0.5725391849529781,55510.7175,1,Gold
16577.0,22386.845,8,51.13709677419355,United Kingdom,110,0.5236989247311828,22386.845,0,Bronze
16578.0,39328.8675,8,65.25757575757575,United Kingdom,24,0.37872472783825817,39328.8675,0,Silver
16580.0,35129.435,13,50.90384615384615,Spain,21,0.5589265536723164,35129.435,0,Bronze
16582.0,52729.085,13,55.875,United Kingdom,5,0.6291255961844197,52729.085,1,Gold
16591.0,38595.565,11,57.243589743589745,United Kingdom,191,0.6121389396709324,38595.565,0,Silver
16593.0,42107.924999999996,12,48.79081632653061,United Kingdom,60,0.6276288659793815,42107.924999999996,0,Silver
16597.0,33102.424999999996,11,53.94303797468354,United Kingdom,9,0.46505555555555556,33102.424999999996,0,Bronze
16598.0,63761.0925,14,49.595238095238095,United Kingdom,8,0.6114203730272597,63761.0925,1,Gold
16602.0,18016.27,7,58.5,United Kingdom,88,0.49901639344262294,18016.27,0,Bronze
16603.0,64466.85,12,63.515,Japan,17,0.7247619047619047,64466.85,1,Gold
16606.0,50216.7325,8,68.94805194805195,United Kingdom,41,0.5939512195121951,50216.7325,0,Gold
16610.0,31924.39,6,51.652542372881356,United Kingdom,121,0.6892075471698114,31924.39,0,Bronze
16612.0,66376.9825,17,54.49166666666667,United Kingdom,14,0.8400649350649351,66376.9825,1,Gold
16613.0,44430.4975,9,56.5958904109589,Germany,20,0.382092050209205,44430.4975,0,Silver
16615.0,59849.034999999996,16,53.097744360902254,United Kingdom,25,0.683085553997195,59849.034999999996,1,Gold
16616.0,52372.515,12,52.66818181818182,United Kingdom,15,0.5115966386554622,52372.515,0,Gold
16617.0,56342.6025,14,56.78971962616822,United Kingdom,76,0.6516207951070337,56342.6025,1,Gold
16618.0,38884.354999999996,9,57.3203125,United Kingdom,40,0.4046676514032496,38884.354999999996,0,Silver
16619.0,58200.31,10,57.1578947368421,Spain,38,0.5031404958677685,58200.31,1,Gold
16621.0,34809.56,12,51.755208333333336,United Kingdom,26,0.5348169838945828,34809.56,0,Bronze
16623.0,58194.167499999996,13,62.80373831775701,United Kingdom,65,0.6519275123558484,58194.167499999996,1,Gold
16624.0,52261.375,12,58.75252525252525,United Kingdom,29,0.5332554744525547,52261.375,0,Gold
16625.0,45329.6625,11,53.60126582278481,United Kingdom,121,0.5480196399345336,45329.6625,0,Silver
16626.0,24739.225,8,52.0625,United Kingdom,94,0.4127457627118644,24739.225,0,Bronze
16627.0,27127.364999999998,11,52.52469135802469,United Kingdom,3,0.4561852861035423,27127.364999999998,0,Bronze
16630.0,32043.79,9,59.784615384615385,United Kingdom,53,0.3993586005830904,32043.79,0,Bronze
16631.0,48609.4525,11,55.244791666666664,United Kingdom,24,0.47495035460992907,48609.4525,0,Silver
16635.0,31391.039999999997,10,51.075,United Kingdom,24,0.5284722222222222,31391.039999999997,0,Bronze
16637.0,28439.305,7,52.40151515151515,France,13,0.29390344827586207,28439.305,0,Bronze
16640.0,20306.78,7,56.054545454545455,United Kingdom,31,0.4236182902584493,20306.78,0,Bronze
16641.0,37513.615,10,59.11494252873563,United Kingdom,83,0.5230240549828179,37513.615,0,Silver
16642.0,38804.3875,9,59.5,United Kingdom,5,0.4280625,38804.3875,0,Silver
16646.0,35801.4625,8,57.778481012658226,United Kingdom,91,0.49096774193548387,35801.4625,0,Silver
16647.0,22305.62,8,48.66101694915254,United Kingdom,14,0.3650974512743628,22305.62,0,Bronze
16650.0,68002.7425,17,60.22265625,France,1,0.7157399723374828,68002.7425,1,Gold
16653.0,35910.225,8,56.08450704225352,United Kingdom,30,0.46740882917466414,35910.225,0,Silver
16655.0,25498.194999999996,4,59.90909090909091,France,140,0.20993103448275863,25498.194999999996,0,Bronze
16656.0,57557.722499999996,13,50.301886792452834,United Kingdom,32,0.5802346041055719,57557.722499999996,1,Gold
16657.0,16138.4175,5,67.375,United Kingdom,87,0.2439102564102564,16138.4175,0,Bronze
16659.0,25845.18,6,51.75,United Kingdom,3,0.40229074889867844,25845.18,0,Bronze
16661.0,49746.7275,10,62.401315789473685,United Kingdom,6,0.42219140083217754,49746.7275,0,Gold
16662.0,38730.07,11,61.12222222222222,United Kingdom,8,0.4631258644536653,38730.07,0,Silver
16664.0,77576.4075,17,54.793103448275865,United Kingdom,20,0.7985802469135802,77576.4075,1,Gold
16669.0,63240.73499999999,12,57.77884615384615,United Kingdom,36,0.5863242375601927,63240.73499999999,1,Gold
16670.0,40965.502499999995,9,56.057377049180324,United Kingdom,1,0.475625,40965.502499999995,0,Silver
16671.0,41925.807499999995,9,57.65,France,17,0.5299032882011606,41925.807499999995,0,Silver
16672.0,48372.252499999995,14,57.786458333333336,United Kingdom,79,0.681856,48372.252499999995,0,Silver
16673.0,33703.8025,10,54.465753424657535,Switzerland,76,0.5023102310231023,33703.8025,0,Bronze
16675.0,31925.285,9,60.23076923076923,United Kingdom,98,0.4287323943661972,31925.285,0,Bronze
16676.0,40470.674999999996,9,55.375,United Kingdom,16,0.43211356466876977,40470.674999999996,0,Silver
16677.0,58937.1725,15,53.899193548387096,United Kingdom,17,0.6350486787204451,58937.1725,1,Gold
16679.0,30540.399999999998,9,52.09016393442623,Netherlands,22,0.48488495575221247,30540.399999999998,0,Bronze
16680.0,68208.0725,13,58.79831932773109,United Kingdom,33,0.6650756302521008,68208.0725,1,Gold
16689.0,39152.655,9,60.60606060606061,United Kingdom,50,0.4469168026101142,39152.655,0,Silver
16691.0,48463.9825,12,56.096774193548384,United Kingdom,19,0.5159322033898305,48463.9825,0,Silver
16693.0,53275.0525,11,60.62765957446808,United Kingdom,6,0.8010526315789475,53275.0525,1,Gold
16694.0,58549.325,17,59.724409448818896,United Kingdom,5,0.7217294281729428,58549.325,1,Gold
16695.0,40347.57,15,55.086363636363636,United Kingdom,34,0.6598265895953758,40347.57,0,Silver
16696.0,13755.96,5,50.90909090909091,United Kingdom,30,0.42752808988764046,13755.96,0,Bronze
16697.0,55160.454999999994,11,60.56315789473684,United Kingdom,117,0.539194847020934,55160.454999999994,1,Gold
16699.0,25968.95,6,54.55102040816327,Switzerland,255,0.5115966386554622,25968.95,0,Bronze
16700.0,42180.6225,8,58.642857142857146,United Kingdom,79,0.3723547400611621,42180.6225,0,Silver
16702.0,39249.65,11,54.088235294117645,United Kingdom,7,0.5979285714285714,39249.65,0,Silver
16704.0,41094.25,8,54.16417910447761,Belgium,38,0.3591740412979351,41094.25,0,Silver
16706.0,38696.56,8,54.10897435897436,United Kingdom,15,0.42499127399650966,38696.56,0,Silver
16707.0,28408.337499999998,8,54.395161290322584,United Kingdom,23,0.5839808153477218,28408.337499999998,0,Bronze
16709.0,27712.01,8,53.1764705882353,United Kingdom,35,0.3534397677793904,27712.01,0,Bronze
16711.0,50581.765,12,52.53157894736842,United Kingdom,29,0.5949185667752444,50581.765,0,Gold
16712.0,33250.53,11,67.53614457831326,United Kingdom,73,0.5127718223583461,33250.53,0,Bronze
16714.0,48605.255,13,52.898148148148145,United Kingdom,3,0.5413406292749658,48605.255,0,Silver
16717.0,60419.4525,13,58.48198198198198,United Kingdom,58,0.6519275123558484,60419.4525,1,Gold
16718.0,47266.4675,9,66.57971014492753,France,15,0.39193133047210305,47266.4675,0,Silver
16719.0,48205.78,13,49.92342342342342,United Kingdom,25,0.5613049645390071,48205.78,0,Silver
16722.0,58080.5775,11,61.904761904761905,United Kingdom,1,0.5167283950617284,58080.5775,1,Gold
16725.0,19632.8275,6,56.68181818181818,United Kingdom,8,0.2827244582043344,19632.8275,0,Bronze
16726.0,25028.2,8,55.25,United Kingdom,39,0.48509960159362553,25028.2,0,Bronze
16728.0,31836.309999999998,10,52.09615384615385,United Kingdom,42,0.5387610619469028,31836.309999999998,0,Bronze
16729.0,21285.145,5,61.3375,United Kingdom,2,0.26843033509700176,21285.145,0,Bronze
16730.0,43299.135,11,54.69047619047619,United Kingdom,19,0.592637168141593,43299.135,0,Silver
16732.0,59059.445,17,58.07299270072993,United Kingdom,1,0.7852503793626707,59059.445,1,Gold
16733.0,31203.055,10,49.5,United Kingdom,42,0.47047913446676976,31203.055,0,Bronze
16735.0,20505.5275,6,61.824074074074076,United Kingdom,17,0.25796610169491524,20505.5275,0,Bronze
16738.0,20433.355,7,57.85849056603774,United Kingdom,12,0.45432835820895523,20433.355,0,Bronze
16740.0,45582.659999999996,11,58.333333333333336,United Kingdom,19,0.46962131837307153,45582.659999999996,0,Silver
16741.0,71604.525,13,58.995370370370374,United Kingdom,25,0.5760116448326056,71604.525,1,Gold
16743.0,32115.579999999998,8,51.83050847457627,United Kingdom,11,0.34202247191011237,32115.579999999998,0,Bronze
16744.0,38380.11,11,57.293103448275865,United Kingdom,119,0.5618120805369128,38380.11,0,Silver
16746.0,48899.3575,12,56.7,United Kingdom,14,0.6297931034482759,48899.3575,0,Silver
16747.0,55746.755,9,62.75,United Kingdom,41,0.3953246753246753,55746.755,1,Gold
16748.0,58582.07,16,56.265151515151516,United Kingdom,9,0.6699312242090785,58582.07,1,Gold
16749.0,58880.7025,13,56.5607476635514,France,5,0.5465745856353591,58880.7025,1,Gold
16751.0,61946.21,13,59.663716814159294,United Kingdom,77,0.6811015490533564,61946.21,1,Gold
16752.0,45248.475,9,58.92763157894737,France,132,0.7872413793103449,45248.475,0,Silver
16754.0,50145.575,15,52.19327731092437,United Kingdom,21,0.6394957983193278,50145.575,0,Gold
16755.0,29606.925,7,49.17857142857143,United Kingdom,18,0.37316987740805607,29606.925,0,Bronze
16756.0,24258.545,9,58.82539682539682,United Kingdom,20,0.3880453257790369,24258.545,0,Bronze
16757.0,44299.755,9,56.88970588235294,United Kingdom,72,0.4307547169811321,44299.755,0,Silver
16758.0,79797.6825,19,58.80536912751678,United Kingdom,21,0.811164095371669,79797.6825,1,Gold
16759.0,39331.5525,10,59.54430379746835,United Kingdom,19,0.4293370944992948,39331.5525,0,Silver
16760.0,38116.715,13,50.035,United Kingdom,25,0.6942456140350878,38116.715,0,Silver
16763.0,35281.295,9,55.53846153846154,United Kingdom,3,0.49810909090909095,35281.295,0,Silver
16766.0,14462.16,6,46.141304347826086,United Kingdom,21,0.41698630136986303,14462.16,0,Bronze
16768.0,59336.8575,12,59.52,United Kingdom,22,0.6352695652173913,59336.8575,1,Gold
16770.0,29921.9325,8,52.03076923076923,United Kingdom,12,0.436415770609319,29921.9325,0,Bronze
16771.0,34350.8225,7,55.74107142857143,Ireland,8,0.47456570155902006,34350.8225,0,Bronze
16772.0,20408.425,6,60.80434782608695,United Kingdom,93,0.45432835820895523,20408.425,0,Bronze
16774.0,29167.17,6,51.15,United Kingdom,185,0.3302712477396022,29167.17,0,Bronze
16776.0,54114.5625,9,60.883720930232556,France,89,0.44045016077170424,54114.5625,1,Gold
16777.0,65357.1875,14,65.6697247706422,USA,6,0.6617391304347826,65357.1875,1,Gold
16780.0,35688.135,10,54.51704545454545,United Kingdom,38,0.43672883787661404,35688.135,0,Silver
16781.0,94538.52249999999,19,63.24223602484472,United Kingdom,6,1.0272824156305507,94538.52249999999,1,Gold
16784.0,49530.2025,9,56.1578947368421,United Kingdom,56,0.4176219512195122,49530.2025,0,Gold
16785.0,29996.395,8,56.07575757575758,United Kingdom,35,0.3529275362318841,29996.395,0,Bronze
16789.0,34443.615,9,52.84027777777778,United Kingdom,35,0.39193133047210305,34443.615,0,Bronze
16790.0,29334.102499999997,8,50.23684210526316,United Kingdom,219,1.1432863849765258,29334.102499999997,0,Bronze
16792.0,55154.994999999995,11,60.441489361702125,United Kingdom,98,0.5646543001686342,55154.994999999995,1,Gold
16793.0,27933.212499999998,7,54.943396226415096,United Kingdom,99,0.5463589743589744,27933.212499999998,0,Bronze
16794.0,42885.19,10,60.64935064935065,United Kingdom,9,0.41755829903978053,42885.19,0,Silver
16795.0,73640.9175,12,58.35344827586207,United Kingdom,64,0.550950226244344,73640.9175,1,Gold
16797.0,46425.96,12,54.88461538461539,United Kingdom,24,0.6430985915492957,46425.96,0,Silver
16801.0,55047.2075,14,55.308411214953274,United Kingdom,37,0.6167293777134588,55047.2075,1,Gold
16802.0,33745.59,9,53.10897435897436,United Kingdom,3,0.3805,33745.59,0,Bronze
16807.0,23347.405,8,48.95205479452055,United Kingdom,148,0.41344651952461803,23347.405,0,Bronze
16809.0,65339.16499999999,12,60.94827586206897,United Kingdom,88,0.6047682119205298,65339.16499999999,1,Gold
16810.0,48265.487499999996,13,60.06194690265487,United Kingdom,24,0.5735072463768116,48265.487499999996,0,Silver
16811.0,22474.745,5,54.47142857142857,United Kingdom,10,0.297265625,22474.745,0,Bronze
16814.0,20491.747499999998,6,58.677083333333336,United Kingdom,272,0.39447084233261337,20491.747499999998,0,Bronze
16815.0,55811.435,13,60.71,United Kingdom,12,0.713009009009009,55811.435,1,Gold
16816.0,55454.9275,14,57.72380952380952,United Kingdom,31,0.6721766561514196,55454.9275,1,Gold
16818.0,41653.125,7,59.85,Netherlands,16,0.29594444444444445,41653.125,0,Silver
16820.0,68702.22,14,56.59016393442623,United Kingdom,46,0.8101901140684411,68702.22,1,Gold
16821.0,36784.335,12,59.137362637362635,United Kingdom,119,0.6128859060402685,36784.335,0,Silver
16823.0,42228.365,12,54.78350515463917,United Kingdom,3,0.5010699588477366,42228.365,0,Silver
16827.0,48349.725,12,56.891304347826086,United Kingdom,30,0.531703056768559,48349.725,0,Silver
16830.0,51947.865,14,64.64035087719299,United Kingdom,88,0.6829487179487179,51947.865,0,Gold
16831.0,37154.59,12,54.19753086419753,United Kingdom,23,0.5324781341107873,37154.59,0,Silver
16832.0,65363.635,14,63.22727272727273,United Kingdom,4,0.580599455040872,65363.635,1,Gold
16835.0,67266.47499999999,13,57.96363636363636,Netherlands,15,0.5465745856353591,67266.47499999999,1,Gold
16836.0,72502.09,19,52.05523255813954,United Kingdom,5,0.7911901504787963,72502.09,1,Gold
16837.0,56646.682499999995,11,60.145348837209305,United Kingdom,141,0.8652196382428942,56646.682499999995,1,Gold
16840.0,62515.8675,15,59.666666666666664,USA,77,0.7329052969502408,62515.8675,1,Gold
16841.0,36093.55,8,57.56349206349206,United Kingdom,98,0.38715421303656594,36093.55,0,Silver
16844.0,36587.9775,9,55.14,United Kingdom,22,0.40111273792093705,36587.9775,0,Silver
16846.0,28590.715,8,54.765957446808514,United Kingdom,11,0.3927741935483871,28590.715,0,Bronze
16847.0,32819.47,12,57.56024096385542,United Kingdom,18,0.506629680998613,32819.47,0,Bronze
16848.0,44123.322499999995,8,63.00833333333333,United Kingdom,64,0.41135135135135137,44123.322499999995,0,Silver
16849.0,45614.085,10,55.21052631578947,United Kingdom,65,0.4697530864197531,45614.085,0,Silver
16850.0,53356.33,13,59.666666666666664,United Kingdom,2,0.6281269841269842,53356.33,1,Gold
16851.0,40360.13,11,53.06111111111111,United Kingdom,22,0.7124255319148937,40360.13,0,Silver
16852.0,25053.035,9,53.28813559322034,Switzerland,18,0.39362068965517244,25053.035,0,Bronze
16853.0,45503.945,13,61.1978021978022,United Kingdom,27,0.5629018492176388,45503.945,0,Silver
16854.0,36986.112499999996,9,57.73287671232877,United Kingdom,20,0.3964688856729378,36986.112499999996,0,Silver
16856.0,55917.189999999995,12,58.60891089108911,United Kingdom,28,0.5363876651982379,55917.189999999995,1,Gold
16857.0,29277.57,8,58.17460317460318,United Kingdom,10,0.4279789103690686,29277.57,0,Bronze
16859.0,62451.52,15,58.391304347826086,United Kingdom,10,0.6685212298682285,62451.52,1,Gold
16860.0,54174.157499999994,10,53.99438202247191,United Kingdom,23,0.4577443609022556,54174.157499999994,1,Gold
16861.0,43884.075,9,52.520270270270274,United Kingdom,20,0.5309302325581395,43884.075,0,Silver
16863.0,39896.5775,10,55.86516853932584,United Kingdom,15,0.4424418604651163,39896.5775,0,Silver
16864.0,61737.685,14,50.99579831932773,United Kingdom,22,0.6176231884057971,61737.685,1,Gold
16865.0,47920.53,14,52.69230769230769,Germany,2,0.7090848585690516,47920.53,0,Silver
16866.0,56536.93,13,63.632183908045974,United Kingdom,9,0.5760116448326056,56536.93,1,Gold
16867.0,33602.799999999996,11,54.09090909090909,United Kingdom,19,0.6847443762781187,33602.799999999996,0,Bronze
16868.0,38278.8425,11,47.04651162790697,United Kingdom,10,0.4624861878453039,38278.8425,0,Silver
16869.0,40785.585,11,55.21739130434783,United Kingdom,5,0.5525412541254126,40785.585,0,Silver
16871.0,84535.13249999999,17,54.47241379310345,United Kingdom,2,0.9512499999999999,84535.13249999999,1,Gold
16873.0,17341.989999999998,6,52.233333333333334,United Kingdom,162,0.3193006993006993,17341.989999999998,0,Bronze
16876.0,40658.8975,8,50.10526315789474,Germany,68,0.37580246913580245,40658.8975,0,Silver
16878.0,61522.11,14,58.7803738317757,United Kingdom,12,0.8472365805168987,61522.11,1,Gold
16879.0,42808.22,10,61.28082191780822,United Kingdom,33,0.499016393442623,42808.22,0,Silver
16880.0,67797.59999999999,12,63.91414141414141,United Kingdom,24,0.6442328042328043,67797.59999999999,1,Gold
16882.0,42640.3275,10,60.627906976744185,Netherlands,2,0.455688622754491,42640.3275,0,Silver
16883.0,25662.86,8,55.1551724137931,United Kingdom,18,0.34202247191011237,25662.86,0,Bronze
16884.0,34863.932499999995,10,52.97560975609756,Portugal,25,0.47047913446676976,34863.932499999995,0,Bronze
16885.0,20776.27,5,57.170731707317074,United Kingdom,223,0.3001972386587771,20776.27,0,Bronze
16886.0,58350.45,14,61.63333333333333,United Kingdom,65,0.6351117734724292,58350.45,1,Gold
16889.0,46992.455,14,58.63513513513514,United Kingdom,25,0.8372495088408646,46992.455,0,Silver
16890.0,16844.085,7,50.544444444444444,United Kingdom,28,0.371219512195122,16844.085,0,Bronze
16891.0,43679.509999999995,12,57.75949367088607,United Kingdom,58,0.556829268292683,43679.509999999995,0,Silver
16893.0,49492.49,14,59.589622641509436,United Kingdom,26,0.6010719322990127,49492.49,0,Gold
16894.0,57373.2325,14,52.87931034482759,Netherlands,1,0.6304142011834319,57373.2325,1,Gold
16895.0,81543.155,15,55.3421052631579,United Kingdom,17,0.7282296650717703,81543.155,1,Gold
16896.0,32640.82,9,56.957317073170735,United Kingdom,29,0.3913714285714286,32640.82,0,Bronze
16898.0,43414.905,11,56.62643678160919,France,32,0.5562126245847177,43414.905,0,Silver
16899.0,23695.695,7,55.42622950819672,United Kingdom,38,0.31520710059171597,23695.695,0,Bronze
16900.0,57174.8975,11,52.734693877551024,United Kingdom,12,0.5833449477351916,57174.8975,1,Gold
16902.0,42668.4,13,53.31623931623932,United Kingdom,141,0.6764444444444445,42668.4,0,Silver
16906.0,53113.792499999996,11,60.06185567010309,United Kingdom,57,0.49679525222551935,53113.792499999996,1,Gold
16908.0,27062.365,8,57.32142857142857,United Kingdom,70,0.36952959028831567,27062.365,0,Bronze
16909.0,55859.7675,15,55.986363636363635,United Kingdom,9,0.6403927068723703,55859.7675,1,Gold
16910.0,26523.42,9,52.64556962025316,United Kingdom,44,0.40526627218934913,26523.42,0,Bronze
16912.0,61237.295,11,63.27127659574468,United Kingdom,1,0.4838728323699422,61237.295,1,Gold
16915.0,21852.925,6,57.104651162790695,United Kingdom,26,0.2885308056872038,21852.925,0,Bronze
16918.0,22732.484999999997,8,57.6578947368421,Netherlands,28,0.344929178470255,22732.484999999997,0,Bronze
16919.0,31157.87,9,53.99305555555556,United Kingdom,173,0.9680565371024735,31157.87,0,Bronze
16920.0,32993.49,9,54.578125,United Kingdom,9,0.4781151832460734,32993.49,0,Bronze
16921.0,45462.6025,15,59.888392857142854,USA,18,0.8664136622390892,45462.6025,0,Silver
16922.0,46759.78,9,57.49367088607595,Germany,52,0.761,46759.78,0,Silver
16923.0,34815.259999999995,13,48.16265060240964,United Kingdom,2,0.5428257887517147,34815.259999999995,0,Bronze
16924.0,62187.752499999995,14,57.179611650485434,United Kingdom,67,0.8291050583657588,62187.752499999995,1,Gold
16925.0,45777.09,12,54.98421052631579,Ireland,13,0.5798095238095239,45777.09,0,Silver
16926.0,44878.3125,9,60.58641975308642,United Kingdom,28,0.39081312410841657,44878.3125,0,Silver
16930.0,42993.225,9,52.164556962025316,United Kingdom,94,0.45432835820895523,42993.225,0,Silver
16931.0,32338.815,11,55.27710843373494,United Kingdom,9,0.7841686182669789,32338.815,0,Bronze
16933.0,38645.81,10,53.49375,United Kingdom,37,0.43672883787661404,38645.81,0,Silver
16934.0,52310.7,13,61.36190476190476,United Kingdom,35,0.6321405750798723,52310.7,0,Gold
16935.0,40554.6425,10,66.99137931034483,United Kingdom,3,0.46261398176291796,40554.6425,0,Silver
16936.0,61767.195,11,56.065,United Kingdom,22,0.5684889643463498,61767.195,1,Gold
16939.0,46540.994999999995,11,65.22727272727273,United Kingdom,13,0.5088753799392097,46540.994999999995,0,Silver
16940.0,57085.26,13,57.12380952380953,United Kingdom,22,0.5995757575757575,57085.26,1,Gold
16942.0,30284.864999999998,11,55.642857142857146,United Kingdom,4,0.45868493150684936,30284.864999999998,0,Bronze
16943.0,48978.4925,11,53.054455445544555,United Kingdom,20,0.4852753623188406,48978.4925,0,Gold
16945.0,40591.674999999996,8,69.5625,United Kingdom,232,0.635822454308094,40591.674999999996,0,Silver
16949.0,29375.175,8,58.4375,United Kingdom,7,0.37407066052227345,29375.175,0,Bronze
16950.0,54126.4275,12,55.925,France,27,0.95125,54126.4275,1,Gold
16951.0,24315.379999999997,8,57.70967741935484,United Kingdom,10,0.4220450606585789,24315.379999999997,0,Bronze
16952.0,18552.505,6,55.892857142857146,United Kingdom,275,0.4031788079470199,18552.505,0,Bronze
16954.0,66394.2325,11,58.86363636363637,Spain,8,0.45994505494505494,66394.2325,1,Gold
16955.0,45927.0625,11,60.99342105263158,United Kingdom,141,0.6044043321299639,45927.0625,0,Silver
16956.0,38906.597499999996,7,58.95614035087719,United Kingdom,16,0.44858947368421054,38906.597499999996,0,Silver
16958.0,33637.1775,6,58.19565217391305,United Kingdom,57,0.2917571884984026,33637.1775,0,Bronze
16959.0,42109.705,11,58.80357142857143,United Kingdom,25,0.477660485021398,42109.705,0,Silver
16960.0,22017.895,6,54.666666666666664,France,1,0.3261428571428571,22017.895,0,Bronze
16962.0,44142.0025,12,56.51648351648352,United Kingdom,16,0.6077870216306156,44142.0025,0,Silver
16963.0,57222.274999999994,12,58.973684210526315,United Kingdom,27,0.6308808290155441,57222.274999999994,1,Gold
16964.0,52956.575,10,57.994565217391305,United Kingdom,44,0.6263374485596708,52956.575,1,Gold
16965.0,33233.895000000004,8,62.61594202898551,United Kingdom,4,0.37407066052227345,33233.895000000004,0,Bronze
16966.0,50001.369999999995,14,50.5735294117647,United Kingdom,6,0.6010719322990127,50001.369999999995,0,Gold
16967.0,56704.994999999995,15,55.5945945945946,United Kingdom,1,0.6289256198347108,56704.994999999995,1,Gold
16968.0,53675.71,14,57.49065420560748,United Kingdom,2,0.5829822161422709,53675.71,1,Gold
16970.0,42320.59,13,55.328947368421055,United Kingdom,2,0.5488488210818308,42320.59,0,Silver
16971.0,46237.875,11,62.33870967741935,USA,17,0.8267654320987654,46237.875,0,Silver
16972.0,31533.4125,10,51.30714285714286,United Kingdom,119,0.5090301003344482,31533.4125,0,Bronze
16974.0,44187.67,11,56.848837209302324,United Kingdom,104,0.688971193415638,44187.67,0,Silver
16977.0,69279.815,12,64.35046728971963,Spain,29,0.5233237822349571,69279.815,1,Gold
16978.0,54512.755,13,54.80165289256198,United Kingdom,18,0.5496111111111112,54512.755,1,Gold
16979.0,83006.6025,16,53.44656488549618,United Kingdom,16,0.6869393511988716,83006.6025,1,Gold
16981.0,29218.837499999998,7,57.33870967741935,United Kingdom,14,0.5758918918918919,29218.837499999998,0,Bronze
16984.0,55928.805,12,58.7952380952381,Belgium,13,0.5348169838945828,55928.805,1,Gold
16985.0,22987.7925,6,65.3409090909091,United Kingdom,23,0.27259701492537314,22987.7925,0,Bronze
16986.0,52206.1175,13,64.57692307692308,United Kingdom,8,0.7208014571949,52206.1175,0,Gold
16987.0,34237.54,8,54.868852459016395,United Kingdom,6,0.39151125401929265,34237.54,0,Bronze
16988.0,58005.597499999996,14,60.2375,United Kingdom,1,0.8339726027397261,58005.597499999996,1,Gold
16992.0,40765.799999999996,9,60.26190476190476,United Kingdom,8,0.4447402597402597,40765.799999999996,0,Silver
16993.0,15691.314999999999,6,60.43421052631579,United Kingdom,94,0.43903846153846154,15691.314999999999,0,Bronze
16996.0,41336.0475,10,60.73076923076923,United Kingdom,73,0.5564899451553931,41336.0475,0,Silver
16998.0,33464.2825,8,59.74576271186441,United Kingdom,5,0.3340466392318244,33464.2825,0,Bronze
16999.0,58217.92,14,57.04205607476636,Germany,24,0.6203202328966522,58217.92,1,Gold
17000.0,53887.06,13,56.10606060606061,United Kingdom,5,0.5557865168539325,53887.06,1,Gold
17002.0,34269.6375,8,63.63846153846154,United Kingdom,85,0.7058550724637682,34269.6375,0,Bronze
17005.0,62882.225,15,62.33064516129032,United Kingdom,11,0.7270700636942675,62882.225,1,Gold
17008.0,63704.564999999995,13,59.48924731182796,United Kingdom,18,0.8932731376975169,63704.564999999995,1,Gold
17010.0,25328.38,8,62.473684210526315,United Kingdom,157,0.5663255813953488,25328.38,0,Bronze
17011.0,56929.03,12,57.89411764705882,United Kingdom,21,0.5115966386554622,56929.03,1,Gold
17012.0,58577.667499999996,11,59.72727272727273,United Kingdom,13,0.4631258644536653,58577.667499999996,1,Gold
17013.0,66842.55,13,57.37378640776699,United Kingdom,9,0.545068870523416,66842.55,1,Gold
17014.0,55825.3125,17,55.176923076923075,United Kingdom,84,0.9819354838709677,55825.3125,1,Gold
17016.0,40505.97,12,56.434065934065934,United Kingdom,10,0.5240746054519368,40505.97,0,Silver
17018.0,27186.0925,5,63.880434782608695,United Kingdom,28,0.22921686746987951,27186.0925,0,Bronze
17019.0,48339.274999999994,11,57.641975308641975,Netherlands,14,0.5199378881987577,48339.274999999994,0,Silver
17020.0,45618.8675,12,58.916666666666664,United Kingdom,36,0.5363876651982379,45618.8675,0,Silver
17026.0,48928.947499999995,11,54.23684210526316,United Kingdom,4,0.45868493150684936,48928.947499999995,0,Gold
17027.0,53922.85,14,61.19117647058823,United Kingdom,16,0.6096709585121602,53922.85,1,Gold
17029.0,46185.822499999995,11,64.86413043478261,United Kingdom,1,0.477660485021398,46185.822499999995,0,Silver
17030.0,15495.72,4,57.911764705882355,United Kingdom,228,0.48126482213438737,15495.72,0,Bronze
17032.0,48696.85,14,55.44607843137255,United Kingdom,5,0.7259965928449744,48696.85,0,Silver
17033.0,19698.47,6,49.08,Portugal,241,0.4227777777777778,19698.47,0,Bronze
17034.0,42543.869999999995,11,57.36875,United Kingdom,7,0.4790271816881259,42543.869999999995,0,Silver
17036.0,43697.815,13,53.68181818181818,United Kingdom,10,0.5488488210818308,43697.815,0,Silver
17037.0,43471.845,10,52.82795698924731,United Kingdom,20,0.8052910052910053,43471.845,0,Silver
17042.0,31454.37,6,63.65,United Kingdom,185,0.33511926605504594,31454.37,0,Bronze
17046.0,54179.145,13,53.38288288288288,United Kingdom,12,0.6870138888888889,54179.145,1,Gold
17047.0,40733.635,13,60.536842105263155,Spain,6,0.5573521126760564,40733.635,0,Silver
17048.0,26487.7875,9,60.25409836065574,United Kingdom,10,0.5534545454545454,26487.7875,0,Bronze
17052.0,42267.92,8,60.794117647058826,United Kingdom,1,0.4656214149139579,42267.92,0,Silver
17053.0,39015.2975,9,56.08108108108108,United Kingdom,31,0.3913714285714286,39015.2975,0,Silver
17055.0,29825.532499999998,8,55.80952380952381,United Kingdom,12,0.3358896551724138,29825.532499999998,0,Bronze
17056.0,54269.705,14,62.739495798319325,United Kingdom,39,0.6203202328966522,54269.705,1,Gold
17057.0,58503.3675,13,53.08256880733945,United Kingdom,39,0.5785380116959065,58503.3675,1,Gold
17058.0,26534.02,5,59.54716981132076,Germany,383,0.7317307692307693,26534.02,0,Bronze
17059.0,34847.22,9,58.607142857142854,United Kingdom,129,0.46671209540034075,34847.22,0,Bronze
17061.0,58954.322499999995,10,60.670731707317074,United Kingdom,37,0.4516320474777448,58954.322499999995,1,Gold
17062.0,66555.1375,13,57.22727272727273,United Kingdom,36,0.5645078459343794,66555.1375,1,Gold
17063.0,19378.8,7,53.380434782608695,United Kingdom,208,0.44764705882352945,19378.8,0,Bronze
17065.0,46116.71,11,54.22330097087379,United Kingdom,1,0.5191317829457364,46116.71,0,Silver
17066.0,49378.3825,9,62.05555555555556,United Kingdom,51,0.4425848142164782,49378.3825,0,Gold
17071.0,41912.015,11,56.2037037037037,United Kingdom,31,0.4817841726618705,41912.015,0,Silver
17072.0,47168.22,11,54.55232558139535,United Kingdom,17,0.482478386167147,47168.22,0,Silver
17073.0,69079.4525,14,55.8625,United Kingdom,8,0.6212244897959184,69079.4525,1,Gold
17075.0,29890.4,8,55.7109375,United Kingdom,120,0.44847145488029466,29890.4,0,Bronze
17077.0,46067.395,10,56.85333333333333,United Kingdom,19,0.4793700787401575,46067.395,0,Silver
17078.0,54376.4825,11,60.15196078431372,France,12,0.7733025404157043,54376.4825,1,Gold
17079.0,29677.225,7,55.67605633802817,United Kingdom,11,0.4194488188976378,29677.225,0,Bronze
17080.0,28476.835,8,58.12658227848101,United Kingdom,78,0.45096296296296295,28476.835,0,Bronze
17083.0,40019.24,8,55.875,Germany,18,0.34988505747126436,40019.24,0,Silver
17084.0,63974.5775,14,62.91101694915254,United Kingdom,19,0.595195530726257,63974.5775,1,Gold
17087.0,53106.807499999995,13,55.11363636363637,Netherlands,23,0.5629018492176388,53106.807499999995,1,Gold
17088.0,42094.2,12,53.58152173913044,United Kingdom,34,0.5356011730205279,42094.2,0,Silver
17091.0,36936.909999999996,9,65.640625,United Kingdom,7,0.4132126696832579,36936.909999999996,0,Silver
17093.0,40324.0625,9,55.76623376623377,United Kingdom,6,0.4157207890743551,40324.0625,0,Silver
17094.0,45838.5,10,53.87820512820513,United Kingdom,30,0.4330014224751067,45838.5,0,Silver
17098.0,37197.635,8,56.57142857142857,United Kingdom,3,0.3405874125874126,37197.635,0,Silver
17100.0,32797.07,8,51.82608695652174,United Kingdom,21,0.4264798598949212,32797.07,0,Bronze
17101.0,27902.175,8,52.54615384615385,United Kingdom,41,0.4387747747747748,27902.175,0,Bronze
17102.0,30320.172499999997,9,54.28688524590164,United Kingdom,39,0.4425848142164782,30320.172499999997,0,Bronze
17103.0,24362.8775,9,55.6015625,United Kingdom,41,0.4348571428571429,24362.8775,0,Bronze
17106.0,48341.255,10,55.98148148148148,United Kingdom,32,0.44179970972423804,48341.255,0,Silver
17107.0,20382.57,5,46.08571428571429,Netherlands,38,0.2370716510903427,20382.57,0,Bronze
17109.0,41786.1,12,54.77173913043478,United Kingdom,18,0.5115966386554622,41786.1,0,Silver
17110.0,45091.115,9,63.03378378378378,United Kingdom,181,0.6698288508557457,45091.115,0,Silver
17111.0,25147.375,7,56.55769230769231,United Kingdom,94,0.34703583061889254,25147.375,0,Bronze
17112.0,41779.78,11,56.1375,United Kingdom,3,0.4709423347398031,41779.78,0,Silver
17116.0,34426.205,9,57.07971014492754,United Kingdom,24,0.4247441860465116,34426.205,0,Bronze
17119.0,38131.75,10,52.67058823529412,United Kingdom,2,0.41641586867305064,38131.75,0,Silver
17120.0,60300.2775,13,53.211009174311926,United Kingdom,5,0.542082191780822,60300.2775,1,Gold
17121.0,39540.89,11,61.86,United Kingdom,6,0.45868493150684936,39540.89,0,Silver
17124.0,35030.542499999996,10,60.18292682926829,United Kingdom,89,0.5765151515151515,35030.542499999996,0,Bronze
17128.0,62708.5275,15,56.68333333333333,United Kingdom,27,0.655093256814921,62708.5275,1,Gold
17129.0,22362.4175,8,56.453125,United Kingdom,348,1.2884656084656085,22362.4175,0,Bronze
17130.0,47910.9075,12,57.6436170212766,United Kingdom,5,0.7657861635220126,47910.9075,0,Silver
17131.0,44665.04,12,55.348314606741575,United Kingdom,11,0.5024484181568089,44665.04,0,Silver
17132.0,27080.09,8,53.166666666666664,United Kingdom,41,0.48126482213438737,27080.09,0,Bronze
17136.0,25003.78,8,60.234042553191486,United Kingdom,3,0.3368188105117566,25003.78,0,Bronze
17137.0,33708.3325,10,54.07471264367816,United Kingdom,60,0.46121212121212124,33708.3325,0,Bronze
17140.0,32444.295,9,55.65873015873016,United Kingdom,124,0.6617391304347826,32444.295,0,Bronze
17142.0,52457.924999999996,12,57.623711340206185,United Kingdom,12,0.6265523156089194,52457.924999999996,0,Gold
17144.0,30361.585,11,57.04938271604938,United Kingdom,48,0.49313696612665686,30361.585,0,Bronze
17145.0,31027.489999999998,9,56.84567901234568,United Kingdom,88,0.44045016077170424,31027.489999999998,0,Bronze
17147.0,46622.095,13,57.16836734693877,United Kingdom,55,0.5995757575757575,46622.095,0,Silver
17148.0,50673.322499999995,13,56.588235294117645,United Kingdom,27,0.6192801251956181,50673.322499999995,0,Gold
17153.0,50066.0775,10,54.27710843373494,United Kingdom,129,0.5595588235294118,50066.0775,0,Gold
17154.0,42856.64,8,57.803030303030305,United Kingdom,65,0.5611059907834102,42856.64,0,Silver
17155.0,50537.635,15,58.1036036036036,United Kingdom,4,0.6254794520547946,50537.635,0,Gold
17156.0,30739.242499999997,7,55.75925925925926,United Kingdom,29,0.5886187845303867,30739.242499999997,0,Bronze
17157.0,44322.3425,8,58.970588235294116,Germany,1,0.343954802259887,44322.3425,0,Silver
17158.0,39458.237499999996,11,51.81395348837209,United Kingdom,15,0.4742776203966006,39458.237499999996,0,Silver
17161.0,48010.715,11,60.166666666666664,United Kingdom,18,0.6670119521912351,48010.715,0,Silver
17162.0,27494.2975,6,56.154545454545456,United Kingdom,361,0.48574468085106387,27494.2975,0,Bronze
17163.0,57734.2475,16,63.22072072072072,France,25,0.6967668097281832,57734.2475,1,Gold
17166.0,44147.947499999995,12,51.5,United Kingdom,200,0.7176424361493124,44147.947499999995,0,Silver
17168.0,51605.4075,14,58.39473684210526,United Kingdom,27,0.8071212121212121,51605.4075,0,Gold
17169.0,38157.725,8,56.792857142857144,Netherlands,22,0.39340872374798064,38157.725,0,Silver
17171.0,32118.8525,10,56.5,USA,60,0.44963072378138846,32118.8525,0,Bronze
17172.0,45361.6275,10,55.71621621621622,United Kingdom,40,0.4543283582089553,45361.6275,0,Silver
17173.0,32762.0825,9,59.17910447761194,United Kingdom,188,0.5767578947368421,32762.0825,0,Bronze
17175.0,44231.665,14,55.23809523809524,Netherlands,9,0.6203202328966522,44231.665,0,Silver
17180.0,33163.79,10,52.28395061728395,United Kingdom,29,0.44308588064046583,33163.79,0,Bronze
17185.0,58972.7975,15,52.86864406779661,United Kingdom,72,0.7509868421052631,58972.7975,1,Gold
17186.0,67710.1675,18,59.073076923076925,United Kingdom,3,0.7684712482468443,67710.1675,1,Gold
17192.0,20515.059999999998,4,50.302083333333336,United Kingdom,162,0.21899280575539568,20515.059999999998,0,Bronze
17193.0,52603.08,14,57.95564516129032,United Kingdom,20,0.7297260273972602,52603.08,0,Gold
17201.0,32516.55,8,53.979729729729726,Denmark,25,0.44115942028985505,32516.55,0,Bronze
17202.0,49096.475,11,58.78421052631579,United Kingdom,27,0.4838728323699422,49096.475,0,Gold
17203.0,36169.215,9,57.649253731343286,United Kingdom,4,0.5929870129870131,36169.215,0,Silver
17204.0,47857.96,13,53.568627450980394,Ireland,68,0.5986686838124055,47857.96,0,Silver
17205.0,76387.28,14,60.541984732824424,United Kingdom,31,0.6221313868613139,76387.28,1,Gold
17210.0,92934.595,26,55.85201793721973,Spain,1,1.1022841225626743,92934.595,1,Gold
17211.0,37811.595,9,59.738461538461536,United Kingdom,35,0.4034756995581738,37811.595,0,Silver
17212.0,58367.02,13,55.300970873786405,United Kingdom,7,0.9289201877934273,58367.02,1,Gold
17213.0,69772.0625,10,63.23809523809524,United Kingdom,40,0.4392496392496392,69772.0625,1,Gold
17215.0,52059.35,14,57.20454545454545,United Kingdom,7,0.6239531478770132,52059.35,0,Gold
17216.0,63801.845,16,58.30232558139535,United Kingdom,5,0.6680932784636489,63801.845,1,Gold
17217.0,53916.3125,15,62.40865384615385,United Kingdom,5,0.6412921348314606,53916.3125,1,Gold
17218.0,61121.85,13,55.004464285714285,United Kingdom,15,0.6183125,61121.85,1,Gold
17219.0,51732.782499999994,14,57.259803921568626,Netherlands,7,0.5902493074792244,51732.782499999994,0,Gold
17220.0,68392.41249999999,15,59.3099173553719,United Kingdom,5,0.6617391304347827,68392.41249999999,1,Gold
17222.0,27852.829999999998,9,59.14912280701754,United Kingdom,190,0.5120747663551402,27852.829999999998,0,Bronze
17223.0,20756.76,7,49.56730769230769,United Kingdom,41,0.34647154471544717,20756.76,0,Bronze
17224.0,63538.235,15,55.565384615384616,Spain,29,0.7661073825503356,63538.235,1,Gold
17225.0,36805.87,7,53.693548387096776,United Kingdom,21,0.3350314465408805,36805.87,0,Silver
17228.0,39880.21,11,53.20652173913044,United Kingdom,134,0.6155147058823529,39880.21,0,Silver
17229.0,60639.1425,15,60.353658536585364,United Kingdom,25,0.6458274398868459,60639.1425,1,Gold
17230.0,48244.145,11,59.37837837837838,United Kingdom,23,0.5599331103678931,48244.145,0,Silver
17233.0,39356.8725,11,53.58139534883721,United Kingdom,6,0.50050822122571,39356.8725,0,Silver
17235.0,35722.155,11,54.3494623655914,United Kingdom,1,0.5646543001686342,35722.155,0,Silver
17236.0,44703.8,11,52.078125,United Kingdom,96,0.520746500777605,44703.8,0,Silver
17239.0,44401.93,11,55.16279069767442,United Kingdom,6,0.4742776203966006,44401.93,0,Silver
17245.0,55812.579999999994,13,60.08490566037736,United Kingdom,17,0.5702017291066283,55812.579999999994,1,Gold
17246.0,52221.265,13,58.86363636363637,Ireland,45,0.7016312056737588,52221.265,0,Gold
17247.0,53339.6925,15,52.58196721311475,United Kingdom,16,0.8212230215827337,53339.6925,1,Gold
17248.0,34641.955,8,61.592592592592595,Germany,25,0.34298591549295776,34641.955,0,Bronze
17249.0,69697.385,14,55.9344262295082,United Kingdom,15,0.595195530726257,69697.385,1,Gold
17251.0,44822.1475,12,55.416666666666664,United Kingdom,2,0.5123141654978962,44822.1475,0,Silver
17252.0,46171.575,12,51.56989247311828,United Kingdom,27,0.5286251808972504,46171.575,0,Silver
17253.0,46012.005,11,57.05,United Kingdom,12,0.47227080394922427,46012.005,0,Silver
17256.0,37599.604999999996,8,55.48717948717949,United Kingdom,14,0.4127457627118644,37599.604999999996,0,Silver
17258.0,41283.0675,9,52.401315789473685,Netherlands,75,0.4150909090909091,41283.0675,0,Silver
17262.0,50755.8875,12,62.35353535353536,United Kingdom,7,0.5087465181058496,50755.8875,0,Gold
17263.0,48337.71,12,52.18269230769231,France,4,0.5024484181568089,48337.71,0,Silver
17266.0,63685.475,18,54.5,United Kingdom,5,0.76418410041841,63685.475,1,Gold
17267.0,43690.072499999995,12,56.94444444444444,United Kingdom,54,0.5395568685376662,43690.072499999995,0,Silver
17269.0,37196.737499999996,9,59.00684931506849,United Kingdom,32,0.41383685800604236,37196.737499999996,0,Silver
17270.0,67967.48,15,57.47328244274809,United Kingdom,6,0.7388349514563107,67967.48,1,Gold
17271.0,25905.62,6,47.34313725490196,United Kingdom,267,0.3970434782608696,25905.62,0,Bronze
17272.0,47073.965,12,50.204081632653065,United Kingdom,59,0.5427637444279346,47073.965,0,Silver
17274.0,43420.155,10,57.23170731707317,United Kingdom,15,0.5743396226415095,43420.155,0,Silver
17276.0,26557.215,8,54.47540983606557,United Kingdom,55,0.3640059790732436,26557.215,0,Bronze
17278.0,33832.635,13,59.41304347826087,Germany,10,0.6617391304347827,33832.635,0,Bronze
17280.0,46044.89,9,54.1764705882353,United Kingdom,4,0.4505921052631579,46044.89,0,Silver
17281.0,34763.935,8,64.35593220338983,Spain,241,0.5010699588477366,34763.935,0,Bronze
17282.0,58259.939999999995,13,57.70388349514563,France,18,0.5621022727272728,58259.939999999995,1,Gold
17284.0,70713.53749999999,14,54.601851851851855,United Kingdom,70,0.7489630931458701,70713.53749999999,1,Gold
17285.0,47512.83,13,53.19711538461539,United Kingdom,5,0.55268156424581,47512.83,0,Silver
17286.0,13757.94,4,48.05882352941177,United Kingdom,30,0.1774927113702624,13757.94,0,Bronze
17287.0,58697.0525,9,65.27906976744185,United Kingdom,4,0.37375170532060026,58697.0525,1,Gold
17288.0,40950.6725,10,61.25675675675676,United Kingdom,18,0.4543283582089553,40950.6725,0,Silver
17289.0,78974.25749999999,16,62.91726618705036,United Kingdom,1,0.6755062413314841,78974.25749999999,1,Gold
17292.0,54654.345,16,55.59166666666667,United Kingdom,2,0.6850070323488046,54654.345,1,Gold
17294.0,75288.6675,14,60.00420168067227,United Kingdom,13,0.681856,75288.6675,1,Gold
17297.0,30409.725,8,59.776785714285715,United Kingdom,4,0.3667469879518072,30409.725,0,Bronze
17298.0,46978.3275,12,56.144329896907216,United Kingdom,19,0.6017792421746293,46978.3275,0,Silver
17302.0,47636.38,13,49.62149532710281,United Kingdom,40,0.571024531024531,47636.38,0,Silver
17303.0,45121.78,11,56.50625,United Kingdom,22,0.46962131837307153,45121.78,0,Silver
17305.0,24241.004999999997,4,56.270270270270274,USA,91,0.23148288973384032,24241.004999999997,0,Bronze
17306.0,39220.625,10,56.333333333333336,United Kingdom,5,0.455688622754491,39220.625,0,Silver
17307.0,32673.72,10,55.92613636363637,United Kingdom,150,0.5899224806201551,32673.72,0,Bronze
17308.0,42044.8275,11,54.23626373626374,United Kingdom,10,0.5958007117437722,42044.8275,0,Silver
17309.0,52436.585,10,56.03932584269663,United Kingdom,26,0.5842610364683302,52436.585,0,Gold
17313.0,8191.6449999999995,2,55.5,United Kingdom,462,0.24158730158730157,8191.6449999999995,0,Bronze
17315.0,42951.895,14,51.27272727272727,United Kingdom,19,0.638920539730135,42951.895,0,Silver
17316.0,53529.03,8,63.21333333333333,USA,3,0.3602366863905325,53529.03,1,Gold
17318.0,32188.7,9,51.796875,United Kingdom,25,0.4520792079207921,32188.7,0,Bronze
17319.0,58035.3975,12,56.48947368421052,France,3,0.6476595744680851,58035.3975,1,Gold
17320.0,62090.7025,14,58.40416666666667,United Kingdom,7,0.5845816186556927,62090.7025,1,Gold
17321.0,20102.91,6,58.03947368421053,United Kingdom,3,0.2508791208791209,20102.91,0,Bronze
17324.0,43331.8575,11,57.0609756097561,United Kingdom,11,0.4838728323699422,43331.8575,0,Silver
17327.0,60428.2625,13,52.90654205607477,United Kingdom,17,0.5621022727272728,60428.2625,1,Gold
17329.0,35367.6625,8,62.26724137931034,United Kingdom,5,0.3425035161744023,35367.6625,0,Silver
17331.0,54370.509999999995,11,67.62345679012346,United Kingdom,149,0.5733561643835616,54370.509999999995,1,Gold
17332.0,42251.31,12,59.52970297029703,United Kingdom,13,0.605771144278607,42251.31,0,Silver
17334.0,49202.237499999996,11,56.063291139240505,Germany,51,0.513558282208589,49202.237499999996,0,Gold
17336.0,32223.094999999998,10,47.575,United Kingdom,70,0.48240887480190175,32223.094999999998,0,Bronze
17337.0,46830.235,12,59.493975903614455,United Kingdom,83,0.5611059907834102,46830.235,0,Silver
17338.0,52643.3875,14,50.8177570093458,Netherlands,17,0.7819449541284405,52643.3875,0,Gold
17339.0,36597.847499999996,10,62.15625,United Kingdom,95,0.4793700787401575,36597.847499999996,0,Silver
17340.0,10569.24,4,54.26923076923077,United Kingdom,374,0.7755414012738854,10569.24,0,Bronze
17344.0,28128.114999999998,8,57.621212121212125,United Kingdom,75,0.42058721934369603,28128.114999999998,0,Bronze
17345.0,29313.96,9,57.03125,United Kingdom,206,0.5228244274809161,29313.96,0,Bronze
17346.0,26748.5925,7,60.6140350877193,United Kingdom,141,0.35751677852348995,26748.5925,0,Bronze
17353.0,44125.155,11,58.05978260869565,United Kingdom,36,0.5020089955022489,44125.155,0,Silver
17354.0,59822.682499999995,13,64.46788990825688,United Kingdom,85,0.6321405750798723,59822.682499999995,1,Gold
17355.0,47701.7075,12,61.473118279569896,United Kingdom,46,0.5476461769115443,47701.7075,0,Silver
17356.0,40895.235,12,48.87378640776699,United Kingdom,17,0.5123141654978962,40895.235,0,Silver
17357.0,56042.905,13,61.06372549019608,United Kingdom,67,0.6154276827371695,56042.905,1,Gold
17360.0,41501.38,10,52.65384615384615,United Kingdom,85,0.5732580037664784,41501.38,0,Silver
17361.0,34384.4,7,56.08620689655172,United Kingdom,25,0.31106569343065693,34384.4,0,Bronze
17362.0,63176.335,16,60.2557251908397,USA,1,0.6869393511988716,63176.335,1,Gold
17363.0,42726.454999999994,8,60.63709677419355,United Kingdom,40,0.3998686371100164,42726.454999999994,0,Silver
17368.0,68854.5125,17,55.70070422535211,United Kingdom,24,0.8175039494470774,68854.5125,1,Gold
17371.0,40961.585,9,56.776315789473685,United Kingdom,39,0.4764521739130435,40961.585,0,Silver
17372.0,45382.0175,12,54.34146341463415,United Kingdom,9,0.6047682119205298,45382.0175,0,Silver
17373.0,59530.265,14,61.44583333333333,United Kingdom,37,0.840552268244576,59530.265,1,Gold
17380.0,56300.604999999996,10,53.2375,United Kingdom,49,0.46191198786039456,56300.604999999996,1,Gold
17381.0,61239.244999999995,15,51.251773049645394,United Kingdom,19,0.6560344827586208,61239.244999999995,1,Gold
17382.0,17708.065,6,58.787234042553195,United Kingdom,73,0.6617391304347826,17708.065,0,Bronze
17384.0,47126.884999999995,14,52.09649122807018,United Kingdom,35,0.614063400576369,47126.884999999995,0,Silver
17385.0,50426.659999999996,13,56.13,United Kingdom,4,0.5435714285714286,50426.659999999996,0,Gold
17387.0,47035.9925,11,56.17901234567901,United Kingdom,41,0.5773103448275863,47035.9925,0,Silver
17389.0,37959.335,14,59.47826086956522,United Kingdom,36,0.6427752639517346,37959.335,0,Silver
17391.0,40302.612499999996,10,53.263440860215056,United Kingdom,60,1.0180602006688964,40302.612499999996,0,Silver
17392.0,35271.17,9,56.333333333333336,United Kingdom,16,0.3913714285714286,35271.17,0,Silver
17393.0,51999.6775,10,56.06470588235294,Germany,17,0.5637037037037037,51999.6775,0,Gold
17397.0,38335.85,10,55.94,United Kingdom,29,0.4981996726677578,38335.85,0,Silver
17398.0,46014.375,11,54.48765432098765,United Kingdom,28,0.5525412541254126,46014.375,0,Silver
17400.0,60354.42,16,57.94656488549618,United Kingdom,25,0.7481413210445469,60354.42,1,Gold
17401.0,40579.77,13,53.77619047619048,United Kingdom,123,0.668445945945946,40579.77,0,Silver
17402.0,28390.54,9,55.559701492537314,United Kingdom,55,0.4581270903010034,28390.54,0,Bronze
17403.0,70776.4625,14,63.671171171171174,United Kingdom,6,0.7126421404682275,70776.4625,1,Gold
17406.0,31577.962499999998,7,60.70909090909091,United Kingdom,76,0.3329375,31577.962499999998,0,Bronze
17407.0,62100.009999999995,10,64.52325581395348,Germany,21,0.5616236162361624,62100.009999999995,1,Gold
17411.0,35558.495,11,50.03488372093023,United Kingdom,12,0.8858201058201058,35558.495,0,Silver
17412.0,31847.239999999998,8,50.96212121212121,United Kingdom,4,0.3415427769985975,31847.239999999998,0,Bronze
17413.0,30079.325,7,51.28030303030303,United Kingdom,72,0.35751677852348995,30079.325,0,Bronze
17414.0,46624.59,12,51.910526315789475,United Kingdom,17,0.5654489164086688,46624.59,0,Silver
17415.0,25157.325,8,53.08730158730159,United Kingdom,8,0.3478857142857143,25157.325,0,Bronze
17416.0,38463.9225,12,57.642857142857146,United Kingdom,11,0.5130337078651686,38463.9225,0,Silver
17417.0,43872.22,9,59.77777777777778,Spain,28,0.4287323943661972,43872.22,0,Silver
17423.0,42172.025,14,53.53636363636364,United Kingdom,18,0.6974795417348609,42172.025,0,Silver
17424.0,35076.935,8,58.66417910447761,United Kingdom,21,0.39468395461912475,35076.935,0,Bronze
17425.0,35526.0175,8,53.373333333333335,United Kingdom,64,0.4419600725952813,35526.0175,0,Silver
17426.0,24906.97,9,56.776923076923076,United Kingdom,4,0.3958959537572254,24906.97,0,Bronze
17427.0,75959.7825,17,58.78716216216216,United Kingdom,6,0.8110971786833856,75959.7825,1,Gold
17428.0,51133.719999999994,11,61.392857142857146,United Kingdom,40,0.5366025641025641,51133.719999999994,0,Gold
17430.0,47424.705,10,57.29047619047619,United Kingdom,67,0.5293913043478261,47424.705,0,Silver
17431.0,23302.905,6,44.67307692307692,France,29,0.2620373027259684,23302.905,0,Bronze
17432.0,68312.315,17,57.28195488721804,Netherlands,12,0.8845811965811967,68312.315,1,Gold
17434.0,35377.8125,8,60.68840579710145,United Kingdom,14,0.37638330757341576,35377.8125,0,Silver
17435.0,84325.28749999999,15,55.64492753623188,United Kingdom,2,0.6394957983193278,84325.28749999999,1,Gold
17436.0,38174.534999999996,11,52.78823529411765,France,23,0.47495035460992907,38174.534999999996,0,Silver
17437.0,39421.409999999996,13,56.62019230769231,United Kingdom,14,0.610679012345679,39421.409999999996,0,Silver
17438.0,16246.175,7,46.96938775510204,United Kingdom,144,0.3648630136986301,16246.175,0,Bronze
17442.0,28616.515,7,56.86290322580645,United Kingdom,25,0.4384362139917696,28616.515,0,Bronze
17443.0,42750.462499999994,10,61.31764705882353,United Kingdom,31,0.5910679611650486,42750.462499999994,0,Silver
17446.0,38014.29,10,51.54761904761905,United Kingdom,79,0.5445438282647586,38014.29,0,Silver
17447.0,49186.549999999996,15,58.64782608695652,Spain,7,0.761,49186.549999999996,0,Gold
17448.0,29514.114999999998,8,58.5,United Kingdom,50,0.4774901960784314,29514.114999999998,0,Bronze
17449.0,55701.485,13,52.35858585858586,United Kingdom,16,0.6351845906902087,55701.485,1,Gold
17451.0,39617.8375,12,56.14705882352941,Germany,37,0.5270995670995671,39617.8375,0,Silver
17452.0,48818.28,11,56.01282051282051,United Kingdom,23,0.4683076923076923,48818.28,0,Silver
17454.0,34357.575,11,55.885714285714286,United Kingdom,32,0.5958007117437722,34357.575,0,Bronze
17455.0,16938.96,6,65.14102564102564,United Kingdom,71,0.28492979719188766,16938.96,0,Bronze
17456.0,36980.972499999996,10,54.38815789473684,United Kingdom,30,0.4330014224751067,36980.972499999996,0,Silver
17457.0,48725.572499999995,11,60.6219512195122,Belgium,17,0.5383279742765273,48725.572499999995,0,Silver
17458.0,47575.985,12,62.708333333333336,United Kingdom,11,0.5411555555555556,47575.985,0,Silver
17460.0,40391.365,11,53.677215189873415,Netherlands,92,0.5534545454545454,40391.365,0,Silver
17461.0,66738.895,14,51.44488188976378,United Kingdom,20,0.5985393258426966,66738.895,1,Gold
17463.0,40017.7625,9,53.0,United Kingdom,6,0.43143307086614174,40017.7625,0,Silver
17465.0,33614.77,12,56.082352941176474,United Kingdom,80,0.5663255813953488,33614.77,0,Bronze
17466.0,41572.972499999996,8,58.146153846153844,United Kingdom,2,0.39404530744336574,41572.972499999996,0,Silver
17467.0,49945.43,10,54.47126436781609,Spain,40,0.48548644338118024,49945.43,0,Gold
17468.0,34191.2075,8,54.63709677419355,United Kingdom,67,0.5559817351598174,34191.2075,0,Bronze
17469.0,43686.5475,10,52.54545454545455,United Kingdom,4,0.5657992565055763,43686.5475,0,Silver
17470.0,48575.85,12,58.71938775510204,United Kingdom,17,0.5166619519094767,48575.85,0,Silver
17471.0,38027.57,10,57.23529411764706,United Kingdom,4,0.4141496598639456,38027.57,0,Silver
17472.0,75960.97499999999,20,54.526490066225165,United Kingdom,29,0.8697142857142858,75960.97499999999,1,Gold
17473.0,37877.94,10,62.648148148148145,United Kingdom,30,0.5689719626168225,37877.94,0,Silver
17474.0,82499.3925,18,59.289655172413795,Belgium,11,1.043657142857143,82499.3925,1,Gold
17476.0,41665.1875,8,60.6484375,United Kingdom,54,0.4395667870036101,41665.1875,0,Silver
17479.0,66832.625,15,58.32330827067669,Belgium,78,0.693920972644377,66832.625,1,Gold
17480.0,27837.31,8,60.898305084745765,Spain,37,0.3841009463722398,27837.31,0,Bronze
17481.0,45592.729999999996,13,53.57692307692308,United Kingdom,6,0.5550070126227209,45592.729999999996,0,Silver
17482.0,23689.07,9,55.87301587301587,United Kingdom,6,0.4348571428571429,23689.07,0,Bronze
17485.0,48149.985,14,57.11711711711712,United Kingdom,159,0.7678558558558559,48149.985,0,Silver
17486.0,33179.3425,8,53.53521126760563,United Kingdom,49,0.3650974512743628,33179.3425,0,Bronze
17487.0,69404.9425,15,57.17741935483871,United Kingdom,2,0.6886877828054299,69404.9425,1,Gold
17488.0,35593.6425,9,54.44252873563219,United Kingdom,121,0.5278612716763006,35593.6425,0,Silver
17491.0,33068.415,8,56.654411764705884,United Kingdom,7,0.3405874125874126,33068.415,0,Bronze
17493.0,51430.465,10,57.265957446808514,United Kingdom,138,0.6161943319838057,51430.465,0,Gold
17494.0,63492.112499999996,16,58.7557251908397,United Kingdom,42,0.7027994227994228,63492.112499999996,1,Gold
17495.0,44785.325,9,60.660714285714285,United Kingdom,3,0.41825954198473286,44785.325,0,Silver
17497.0,44567.447499999995,10,50.134408602150536,United Kingdom,56,0.450962962962963,44567.447499999995,0,Silver
17499.0,35504.08,9,60.859154929577464,United Kingdom,26,0.4627702702702703,35504.08,0,Silver
17500.0,38717.759999999995,13,56.05670103092783,United Kingdom,28,0.5621022727272728,38717.759999999995,0,Silver
17502.0,47474.774999999994,15,55.20873786407767,United Kingdom,7,0.6377094972067039,47474.774999999994,0,Silver
17503.0,59047.549999999996,15,54.75819672131148,United Kingdom,44,0.6714705882352942,59047.549999999996,1,Gold
17505.0,44840.6175,11,55.52272727272727,United Kingdom,10,0.47293785310734465,44840.6175,0,Silver
17507.0,39829.635,9,57.26623376623377,United Kingdom,24,0.3880453257790369,39829.635,0,Silver
17508.0,18208.095,7,57.93181818181818,United Kingdom,136,0.5505943152454781,18208.095,0,Bronze
17509.0,64645.837499999994,12,57.46052631578947,United Kingdom,17,0.5807313195548489,64645.837499999994,1,Gold
17510.0,45339.182499999995,9,56.98701298701299,United Kingdom,10,0.38531645569620254,45339.182499999995,0,Silver
17511.0,42628.085,11,59.26966292134831,United Kingdom,13,0.4624861878453039,42628.085,0,Silver
17514.0,40847.61,9,57.84615384615385,United Kingdom,24,0.39193133047210305,40847.61,0,Silver
17515.0,28027.59,8,57.166666666666664,United Kingdom,10,0.3524167872648336,28027.59,0,Bronze
17516.0,23889.844999999998,7,48.0625,United Kingdom,22,0.5159322033898305,23889.844999999998,0,Bronze
17519.0,26781.017499999998,6,55.30952380952381,France,92,0.2926923076923077,26781.017499999998,0,Bronze
17523.0,35425.9925,9,61.64705882352941,United Kingdom,47,0.6476595744680851,35425.9925,0,Silver
17524.0,67972.3075,13,60.654205607476634,United Kingdom,54,1.0496551724137932,67972.3075,1,Gold
17526.0,21067.51,7,52.94117647058823,United Kingdom,14,0.44764705882352945,21067.51,0,Bronze
17527.0,35511.865,8,56.905797101449274,United Kingdom,37,0.35811764705882354,35511.865,0,Silver
17528.0,29564.844999999998,8,52.56896551724138,United Kingdom,171,0.4395667870036101,29564.844999999998,0,Bronze
17529.0,24131.965,8,52.642857142857146,United Kingdom,13,0.4586064030131827,24131.965,0,Bronze
17531.0,44346.665,13,53.39393939393939,Portugal,3,0.6606343906510852,44346.665,0,Silver
17532.0,51379.0,14,58.5,USA,19,0.6062019914651494,51379.0,0,Gold
17534.0,50773.1925,11,57.141304347826086,United Kingdom,26,0.5694557823129252,50773.1925,0,Gold
17535.0,48515.0525,10,63.264367816091955,United Kingdom,17,0.5031404958677685,48515.0525,0,Silver
17536.0,72763.3375,12,57.85648148148148,United Kingdom,79,0.5645749613601236,72763.3375,1,Gold
17538.0,38548.1425,11,52.94827586206897,Germany,69,0.5589983305509182,38548.1425,0,Silver
17540.0,60211.53,17,54.119565217391305,Germany,16,0.7278199718706049,60211.53,1,Gold
17542.0,50073.7475,9,54.120253164556964,United Kingdom,39,0.44115942028985505,50073.7475,0,Gold
17543.0,62192.67,12,60.08,United Kingdom,52,0.605771144278607,62192.67,1,Gold
17544.0,49034.5175,13,63.93564356435643,United Kingdom,37,0.6212244897959184,49034.5175,0,Gold
17545.0,70663.34,17,66.10330578512396,United Kingdom,34,0.7769969969969971,70663.34,1,Gold
17550.0,30002.175,7,64.87068965517241,United Kingdom,68,0.31802985074626866,30002.175,0,Bronze
17551.0,39905.235,12,56.44565217391305,United Kingdom,89,0.5645749613601236,39905.235,0,Silver
17554.0,23300.81,8,54.11864406779661,United Kingdom,62,0.48221782178217826,23300.81,0,Bronze
17555.0,31612.35,7,58.49193548387097,United Kingdom,32,0.44764705882352945,31612.35,0,Bronze
17557.0,27365.11,9,48.12903225806452,United Kingdom,38,0.4227777777777778,27365.11,0,Bronze
17558.0,29706.195,8,50.58461538461538,United Kingdom,31,0.3799063962558502,29706.195,0,Bronze
17560.0,49340.549999999996,13,60.69642857142857,United Kingdom,91,0.7480529300567109,49340.549999999996,0,Gold
17562.0,53475.29,13,52.85087719298246,United Kingdom,47,0.6540826446280992,53475.29,1,Gold
17563.0,30543.55,8,53.04385964912281,United Kingdom,19,0.4106576728499157,30543.55,0,Bronze
17564.0,43109.682499999995,15,51.43181818181818,Belgium,6,0.6949771689497717,43109.682499999995,0,Silver
17566.0,57282.515,14,56.553719008264466,United Kingdom,42,0.6185195936139333,57282.515,1,Gold
17568.0,32105.587499999998,7,51.05,United Kingdom,18,0.36054145516074454,32105.587499999998,0,Bronze
17569.0,38094.545,10,55.76973684210526,United Kingdom,2,0.4734059097978227,38094.545,0,Silver
17570.0,30681.995,7,59.05263157894737,Belgium,130,0.37057391304347825,30681.995,0,Bronze
17571.0,18877.415,4,55.19318181818182,United Kingdom,377,0.3508933717579251,18877.415,0,Bronze
17573.0,75964.9575,16,59.91153846153846,United Kingdom,2,0.6811748251748252,75964.9575,1,Gold
17577.0,61062.7075,14,61.95982142857143,United Kingdom,30,0.6929430894308943,61062.7075,1,Gold
17578.0,60081.235,16,56.95744680851064,United Kingdom,32,0.7017867435158502,60081.235,1,Gold
17579.0,30157.12,8,52.33783783783784,United Kingdom,20,0.34938307030129123,30157.12,0,Bronze
17582.0,76728.0625,13,61.69747899159664,United Kingdom,19,0.7580842911877396,76728.0625,1,Gold
17588.0,47260.3275,7,57.25694444444444,USA,8,0.3846209386281589,47260.3275,0,Silver
17589.0,32525.649999999998,9,56.02985074626866,United Kingdom,268,0.5994748358862144,32525.649999999998,0,Bronze
17590.0,39898.3675,9,60.82692307692308,United Kingdom,100,0.4596644295302013,39898.3675,0,Silver
17591.0,22702.425,8,60.724489795918366,United Kingdom,9,0.669010989010989,22702.425,0,Bronze
17592.0,20732.8,5,48.861702127659576,United Kingdom,165,0.3748768472906404,20732.8,0,Bronze
17594.0,35539.585,11,62.65822784810127,United Kingdom,3,0.4631258644536653,35539.585,0,Silver
17600.0,31748.8975,12,48.66831683168317,United Kingdom,5,0.5059279778393352,31748.8975,0,Bronze
17602.0,15524.14,6,58.34313725490196,United Kingdom,131,0.320421052631579,15524.14,0,Bronze
17603.0,68025.3,16,53.86259541984733,United Kingdom,58,0.7958169934640523,68025.3,1,Gold
17605.0,68427.15,15,63.392857142857146,United Kingdom,30,0.6532188841201717,68427.15,1,Gold
17607.0,52588.64,12,58.36842105263158,United Kingdom,7,0.5476461769115443,52588.64,0,Gold
17608.0,53188.5925,13,58.42718446601942,United Kingdom,89,0.6271315372424723,53188.5925,1,Gold
17609.0,33675.115,8,63.238461538461536,United Kingdom,108,0.39855973813420625,33675.115,0,Bronze
17610.0,59596.127499999995,15,54.68421052631579,United Kingdom,56,0.6754437869822485,59596.127499999995,1,Gold
17612.0,53988.365,13,58.41428571428571,United Kingdom,15,0.55268156424581,53988.365,1,Gold
17613.0,27799.655,7,53.86923076923077,United Kingdom,19,0.3258103975535169,27799.655,0,Bronze
17618.0,44857.755,14,56.6578947368421,United Kingdom,21,0.7055629139072848,44857.755,0,Silver
17620.0,80481.1225,20,56.31410256410256,United Kingdom,5,0.9602523659305995,80481.1225,1,Gold
17621.0,37755.1275,8,57.86923076923077,United Kingdom,10,0.3425035161744023,37755.1275,0,Silver
17622.0,50443.939999999995,11,54.175824175824175,United Kingdom,15,0.5012574850299402,50443.939999999995,0,Gold
17624.0,29042.2,10,54.401315789473685,United Kingdom,25,0.4392496392496392,29042.2,0,Bronze
17625.0,70671.3575,14,61.607142857142854,United Kingdom,29,0.6351117734724292,70671.3575,1,Gold
17626.0,51549.13,9,59.5472972972973,United Kingdom,93,0.44837970540098204,51549.13,0,Gold
17627.0,25263.335,8,49.756410256410255,United Kingdom,6,0.3340466392318244,25263.335,0,Bronze
17628.0,38802.9625,7,53.689655172413794,United Kingdom,11,0.6019209039548022,38802.9625,0,Silver
17629.0,28449.207499999997,7,49.30172413793103,United Kingdom,50,0.39605947955390336,28449.207499999997,0,Bronze
17630.0,58211.612499999996,14,57.785,USA,8,0.7596434937611409,58211.612499999996,1,Gold
17631.0,43309.775,11,61.52325581395349,United Kingdom,33,0.5646543001686342,43309.775,0,Silver
17632.0,43614.4975,9,60.734177215189874,United Kingdom,18,0.5063955637707949,43614.4975,0,Silver
17634.0,49956.6525,12,51.83157894736842,United Kingdom,136,0.7838626609442061,49956.6525,0,Gold
17635.0,48253.284999999996,15,56.40650406504065,United Kingdom,21,0.693920972644377,48253.284999999996,0,Silver
17636.0,52819.555,10,56.38953488372093,United Kingdom,1,0.4192837465564739,52819.555,1,Gold
17637.0,31752.66,9,54.303030303030305,United Kingdom,140,0.46830769230769237,31752.66,0,Bronze
17638.0,25592.48,6,58.96938775510204,United Kingdom,38,0.29082802547770703,25592.48,0,Bronze
17639.0,61564.5125,14,61.09345794392523,United Kingdom,12,0.592712100139082,61564.5125,1,Gold
17640.0,42178.5125,12,49.09405940594059,United Kingdom,52,0.672707182320442,42178.5125,0,Silver
17641.0,34139.21,9,52.723880597014926,United Kingdom,67,0.4273946957878315,34139.21,0,Bronze
17642.0,44740.267499999994,11,50.57142857142857,United Kingdom,10,0.6501747572815534,44740.267499999994,0,Silver
17644.0,69978.1025,18,56.545138888888886,United Kingdom,86,0.9162541806020068,69978.1025,1,Gold
17645.0,36480.435,11,51.107142857142854,United Kingdom,1,0.499016393442623,36480.435,0,Silver
17647.0,23811.09,6,63.30681818181818,Belgium,115,0.36528,23811.09,0,Bronze
17648.0,40296.715,9,58.3855421686747,United Kingdom,150,0.5139962476547844,40296.715,0,Silver
17649.0,43719.99,14,52.83,United Kingdom,36,0.7272354948805462,43719.99,0,Silver
17650.0,49037.83,11,56.08426966292135,United Kingdom,61,0.4945937961595273,49037.83,0,Gold
17651.0,37129.265,9,54.39041095890411,United Kingdom,153,0.4723448275862069,37129.265,0,Silver
17654.0,69947.93,18,57.25409836065574,United Kingdom,4,0.7663216783216784,69947.93,1,Gold
17658.0,65873.58,17,53.855633802816904,United Kingdom,25,0.7435057471264368,65873.58,1,Gold
17660.0,36725.225,11,59.47663551401869,United Kingdom,62,0.5175270479134467,36725.225,0,Silver
17661.0,47667.2325,16,52.819327731092436,United Kingdom,18,0.732390977443609,47667.2325,0,Silver
17662.0,43813.494999999995,10,62.41358024691358,United Kingdom,14,0.42454672245467223,43813.494999999995,0,Silver
17663.0,28929.675,7,57.693548387096776,United Kingdom,137,0.35993243243243245,28929.675,0,Bronze
17664.0,18191.9,7,52.854166666666664,United Kingdom,19,0.3156740740740741,18191.9,0,Bronze
17665.0,59858.61,14,57.10952380952381,United Kingdom,68,0.7678558558558559,59858.61,1,Gold
17667.0,42604.4075,10,55.22222222222222,Switzerland,105,0.4839427662957074,42604.4075,0,Silver
17668.0,55055.347499999996,14,60.25409836065574,United Kingdom,44,0.614063400576369,55055.347499999996,1,Gold
17671.0,61708.722499999996,12,63.887387387387385,United Kingdom,12,0.6180710659898477,61708.722499999996,1,Gold
17674.0,50643.75,10,57.89204545454545,United Kingdom,7,0.4287323943661972,50643.75,0,Gold
17675.0,55338.0475,11,55.62755102040816,United Kingdom,44,0.5843630017452007,55338.0475,1,Gold
17677.0,45822.585,9,66.24358974358974,United Kingdom,32,0.4425848142164782,45822.585,0,Silver
17678.0,32136.385,10,49.639240506329116,United Kingdom,14,0.4311614730878187,32136.385,0,Bronze
17682.0,41236.0,10,56.19736842105263,USA,50,0.4605143721633888,41236.0,0,Silver
17683.0,61353.4925,13,57.8034188034188,United Kingdom,12,0.5932833583208396,61353.4925,1,Gold
17685.0,21304.495,5,61.33673469387755,United Kingdom,67,0.2737410071942446,21304.495,0,Bronze
17687.0,64570.1475,14,59.72268907563025,United Kingdom,3,0.5878068965517241,64570.1475,1,Gold
17689.0,37876.479999999996,9,52.70779220779221,USA,11,0.3815598885793872,37876.479999999996,0,Silver
17690.0,37673.5075,8,61.95,United Kingdom,81,0.3841009463722398,37673.5075,0,Silver
17691.0,49265.784999999996,13,56.03191489361702,United Kingdom,7,0.5550070126227209,49265.784999999996,0,Gold
17692.0,63744.02,13,62.04017857142857,United Kingdom,12,0.5503755215577191,63744.02,1,Gold
17693.0,26948.55,7,52.410714285714285,United Kingdom,22,0.3194602698650675,26948.55,0,Bronze
17694.0,34764.365,8,52.52542372881356,United Kingdom,25,0.45688555347091936,34764.365,0,Bronze
17696.0,22125.7225,6,55.214285714285715,United Kingdom,336,0.4883422459893048,22125.7225,0,Bronze
17699.0,61748.222499999996,15,53.33606557377049,United Kingdom,47,0.665597667638484,61748.222499999996,1,Gold
17700.0,29996.51,9,49.93975903614458,United Kingdom,29,0.48488495575221247,29996.51,0,Bronze
17702.0,52348.46,11,58.86363636363637,Belgium,1,0.4631258644536653,52348.46,0,Gold
17704.0,36428.2,8,57.65217391304348,Ireland,139,0.46921001926782274,36428.2,0,Silver
17706.0,52291.704999999994,12,61.03030303030303,United Kingdom,110,0.590113085621971,52291.704999999994,0,Gold
17708.0,41561.15,8,60.38028169014085,Spain,37,0.3534397677793904,41561.15,0,Silver
17709.0,50918.5,12,56.23255813953488,United Kingdom,23,0.57075,50918.5,0,Gold
17712.0,43667.985,15,51.86915887850467,United Kingdom,38,0.6598265895953758,43667.985,0,Silver
17713.0,53954.41499999999,12,52.53409090909091,United Kingdom,53,0.7364516129032258,53954.41499999999,1,Gold
17714.0,46878.1025,12,58.80113636363637,Sweden,10,0.6139159663865547,46878.1025,0,Silver
17715.0,21085.43,8,64.37288135593221,United Kingdom,32,0.41841924398625435,21085.43,0,Bronze
17720.0,27877.8825,10,55.22222222222222,United Kingdom,4,0.42044198895027624,27877.8825,0,Bronze
17722.0,16098.65,5,58.0,United Kingdom,6,0.3308695652173913,16098.65,0,Bronze
17724.0,68702.265,16,55.166666666666664,Ireland,5,0.6644474761255116,68702.265,1,Gold
17728.0,19322.6275,6,52.71111111111111,United Kingdom,221,0.4327962085308057,19322.6275,0,Bronze
17729.0,31297.29,10,49.02564102564103,United Kingdom,2,0.6646288209606988,31297.29,0,Bronze
17731.0,38343.01,8,58.166666666666664,United Kingdom,69,0.41913941480206546,38343.01,0,Silver
17732.0,42551.0875,8,64.84166666666667,United Kingdom,98,0.383496062992126,42551.0875,0,Silver
17733.0,37915.68,13,57.25,United Kingdom,23,0.5669340974212035,37915.68,0,Silver
17734.0,47079.295,16,50.64876033057851,United Kingdom,39,0.8063576158940398,47079.295,0,Silver
17737.0,17830.7,6,63.270270270270274,United Kingdom,59,0.3261428571428571,17830.7,0,Bronze
17738.0,46085.74,11,54.56382978723404,United Kingdom,74,0.522371294851794,46085.74,0,Silver
17739.0,73297.70999999999,16,55.81481481481482,United Kingdom,7,0.6671780821917809,73297.70999999999,1,Gold
17740.0,42732.055,11,66.13529411764706,United Kingdom,32,0.48810495626822165,42732.055,0,Silver
17741.0,47001.705,13,58.97572815533981,United Kingdom,60,0.6069325153374233,47001.705,0,Silver
17742.0,21351.94,7,55.24074074074074,United Kingdom,52,0.6986229508196722,21351.94,0,Bronze
17743.0,34187.695,11,53.13333333333333,United Kingdom,2,0.45994505494505494,34187.695,0,Bronze
17744.0,49684.197499999995,12,58.02358490566038,United Kingdom,13,0.5108811188811189,49684.197499999995,0,Gold
17746.0,40802.825,12,55.48795180722892,United Kingdom,3,0.4983356070941337,40802.825,0,Silver
17747.0,45250.795,12,57.91747572815534,United Kingdom,37,0.5248275862068965,45250.795,0,Silver
17748.0,35671.295,6,57.73684210526316,United Kingdom,34,0.4498522167487685,35671.295,0,Silver
17749.0,44356.182499999995,9,58.25316455696203,United Kingdom,9,0.39081312410841657,44356.182499999995,0,Silver
17751.0,42210.64,10,56.86986301369863,United Kingdom,35,0.43361823361823365,42210.64,0,Silver
17752.0,64533.945,19,53.86577181208054,United Kingdom,49,0.9720336134453782,64533.945,1,Gold
17753.0,31203.825,7,63.878787878787875,United Kingdom,8,0.3253129770992367,31203.825,0,Bronze
17754.0,42197.8875,11,54.168539325842694,United Kingdom,50,0.4924117647058824,42197.8875,0,Silver
17756.0,51754.4075,10,54.82142857142857,United Kingdom,81,0.5090301003344482,51754.4075,0,Gold
17759.0,57263.0225,13,56.559322033898304,Germany,43,0.5702017291066283,57263.0225,1,Gold
17762.0,33726.520000000004,9,57.6985294117647,United Kingdom,39,0.39819767441860465,33726.520000000004,0,Bronze
17764.0,43753.6025,12,50.19266055045872,United Kingdom,32,0.57075,43753.6025,0,Silver
17766.0,71591.7075,15,55.236434108527135,United Kingdom,9,0.6665693430656934,71591.7075,1,Gold
17770.0,49634.04,10,53.327586206896555,United Kingdom,61,0.450962962962963,49634.04,0,Gold
17771.0,46840.22,12,58.489010989010985,Netherlands,18,0.5196017069701281,46840.22,0,Silver
17772.0,65445.95,15,54.53260869565217,United Kingdom,17,0.6744460856720828,65445.95,1,Gold
17774.0,80885.6925,14,61.19767441860465,Germany,38,0.6088,80885.6925,1,Gold
17775.0,35739.36,8,59.12903225806452,United Kingdom,92,0.38653968253968257,35739.36,0,Silver
17776.0,80219.8375,16,57.176923076923075,United Kingdom,12,0.7236849925705795,80219.8375,1,Gold
17777.0,43581.705,12,58.78333333333333,United Kingdom,2,0.5101675977653631,43581.705,0,Silver
17778.0,54611.017499999994,12,56.338541666666664,Germany,19,0.5196017069701281,54611.017499999994,1,Gold
17779.0,51727.075,10,61.22941176470588,United Kingdom,40,0.4563718140929536,51727.075,0,Gold
17780.0,32467.995,9,64.33561643835617,United Kingdom,7,0.5414229249011858,32467.995,0,Bronze
17782.0,53288.4225,11,55.88947368421053,United Kingdom,17,0.4683076923076923,53288.4225,1,Gold
17783.0,34927.72,9,58.25,United Kingdom,79,0.42606531881804044,34927.72,0,Bronze
17784.0,38043.215,9,56.166666666666664,United Kingdom,20,0.5891612903225807,38043.215,0,Silver
17787.0,61819.32,14,55.92982456140351,United Kingdom,15,0.6096709585121602,61819.32,1,Gold
17788.0,69357.755,18,57.24652777777778,United Kingdom,26,0.7794025604551921,69357.755,1,Gold
17789.0,52571.472499999996,14,55.9125,United Kingdom,21,0.6062019914651494,52571.472499999996,0,Gold
17790.0,41240.7,11,57.955555555555556,United Kingdom,24,0.47293785310734465,41240.7,0,Silver
17792.0,16440.795000000002,5,62.214285714285715,United Kingdom,186,0.29784735812133073,16440.795000000002,0,Bronze
17794.0,51864.7675,11,60.446236559139784,United Kingdom,35,0.47630156472261737,51864.7675,0,Gold
17797.0,29740.352499999997,6,60.57142857142857,United Kingdom,233,0.37503080082135526,29740.352499999997,0,Bronze
17798.0,52375.0325,16,51.28813559322034,France,14,0.672707182320442,52375.0325,0,Gold
17799.0,69181.8675,14,57.92,United Kingdom,37,0.6997701149425287,69181.8675,1,Gold
17800.0,26458.735,9,51.11363636363637,United Kingdom,59,0.6649514563106796,26458.735,0,Bronze
17801.0,52710.369999999995,12,57.27477477477478,United Kingdom,32,0.5270995670995671,52710.369999999995,1,Gold
17802.0,52428.835,14,51.33898305084746,United Kingdom,67,0.6418072289156627,52428.835,0,Gold
17803.0,57037.7475,13,63.711009174311926,United Kingdom,34,0.5637037037037037,57037.7475,1,Gold
17806.0,38848.409999999996,12,53.79213483146067,Ireland,36,0.6677879341864716,38848.409999999996,0,Silver
17807.0,40070.159999999996,11,61.222972972972975,United Kingdom,34,0.5713993174061434,40070.159999999996,0,Silver
17809.0,64086.0475,16,54.796875,United Kingdom,14,0.6821288515406163,64086.0475,1,Gold
17813.0,34483.14,10,62.32857142857143,United Kingdom,4,0.41698630136986303,34483.14,0,Bronze
17814.0,67968.385,12,54.986363636363635,United Kingdom,2,0.5460089686098655,67968.385,1,Gold
17815.0,24523.405,8,59.42857142857143,United Kingdom,63,0.3667469879518072,24523.405,0,Bronze
17816.0,34112.595,9,52.85,United Kingdom,1,0.41383685800604236,34112.595,0,Bronze
17817.0,52574.4525,10,59.93125,United Kingdom,47,0.5504520795660037,52574.4525,0,Gold
17818.0,39288.57,10,55.946666666666665,United Kingdom,22,0.4305516265912306,39288.57,0,Silver
17819.0,73689.235,13,60.31683168316832,United Kingdom,7,0.5413406292749658,73689.235,1,Gold
17820.0,51149.075,14,58.27669902912621,United Kingdom,5,0.6304142011834319,51149.075,0,Gold
17821.0,43527.015,10,59.828947368421055,United Kingdom,3,0.4152796725784447,43527.015,0,Silver
17823.0,36992.705,11,55.446236559139784,Germany,127,0.5608710217755445,36992.705,0,Silver
17824.0,67177.02,16,55.43984962406015,United Kingdom,53,0.8325470085470087,67177.02,1,Gold
17826.0,24254.04,10,46.69078947368421,United Kingdom,50,0.5203418803418804,24254.04,0,Bronze
17828.0,38855.542499999996,11,50.0919540229885,United Kingdom,22,0.47360678925035365,38855.542499999996,0,Silver
17830.0,37473.65,11,52.47115384615385,United Kingdom,67,0.6044043321299639,37473.65,0,Silver
17832.0,31534.11,9,63.43421052631579,United Kingdom,8,0.47895104895104895,31534.11,0,Bronze
17833.0,44486.487499999996,9,54.51948051948052,United Kingdom,18,0.41135135135135137,44486.487499999996,0,Silver
17834.0,40316.115,11,61.2183908045977,United Kingdom,4,0.4683076923076923,40316.115,0,Silver
17837.0,60856.805,12,62.23300970873787,United Kingdom,6,0.5816560509554141,60856.805,1,Gold
17841.0,64118.932499999995,11,61.33,USA,24,0.7216379310344828,64118.932499999995,1,Gold
17844.0,66022.45999999999,14,55.16535433070866,USA,14,0.7950746268656717,66022.45999999999,1,Gold
17846.0,56158.222499999996,14,57.914414414414416,United Kingdom,20,0.5943654114365411,56158.222499999996,1,Gold
17847.0,30689.449999999997,7,60.02,United Kingdom,42,0.44207468879668055,30689.449999999997,0,Bronze
17848.0,18784.085,7,53.52127659574468,Portugal,147,0.36548885077186966,18784.085,0,Bronze
17849.0,38576.494999999995,8,56.39041095890411,United Kingdom,10,0.6276288659793815,38576.494999999995,0,Silver
17850.0,41327.56,12,54.421052631578945,USA,4,0.5073333333333333,41327.56,0,Silver
17853.0,63349.935,16,58.3728813559322,United Kingdom,44,0.7868174474959613,63349.935,1,Gold
17854.0,90598.12,18,59.316326530612244,United Kingdom,16,0.774992927864215,90598.12,1,Gold
17855.0,15222.0675,3,57.44827586206897,Germany,12,0.3296750902527076,15222.0675,0,Bronze
17856.0,31223.13,9,56.205882352941174,Netherlands,3,0.4341679873217116,31223.13,0,Bronze
17861.0,69997.3575,14,61.721739130434784,United Kingdom,2,0.5902493074792244,69997.3575,1,Gold
17862.0,35461.13,10,58.91860465116279,United Kingdom,4,0.5474820143884892,35461.13,0,Silver
17864.0,18252.945,6,54.27272727272727,United Kingdom,263,0.39964989059080963,18252.945,0,Bronze
17866.0,40133.28,8,58.23529411764706,United Kingdom,16,0.46208728652751424,40133.28,0,Silver
17867.0,36004.655,8,57.852112676056336,United Kingdom,140,0.4784282907662083,36004.655,0,Silver
17868.0,44857.752499999995,10,61.69767441860465,United Kingdom,5,0.4152796725784447,44857.752499999995,0,Silver
17869.0,29926.04,8,49.02205882352941,United Kingdom,19,0.46740882917466414,29926.04,0,Bronze
17871.0,47626.885,12,59.62755102040816,United Kingdom,11,0.5144788732394366,47626.885,0,Silver
17872.0,58493.674999999996,12,52.03913043478261,United Kingdom,3,0.5835143769968052,58493.674999999996,1,Gold
17873.0,26555.68,7,64.87234042553192,United Kingdom,128,0.3617657045840408,26555.68,0,Bronze
17876.0,26102.605,7,50.03125,United Kingdom,86,0.3339811912225706,26102.605,0,Bronze
17877.0,38007.215,13,52.72857142857143,Germany,34,0.7882868525896415,38007.215,0,Silver
17878.0,36358.167499999996,7,51.3,United Kingdom,3,0.29430939226519337,36358.167499999996,0,Silver
17879.0,58120.7775,14,61.23831775700935,United Kingdom,6,0.5902493074792244,58120.7775,1,Gold
17880.0,49065.0475,10,55.377906976744185,United Kingdom,190,0.6394957983193278,49065.0475,0,Gold
17881.0,51530.96,12,63.32967032967033,United Kingdom,27,0.7051737451737452,51530.96,0,Gold
17884.0,61960.4575,16,57.951219512195124,United Kingdom,26,0.6918181818181819,61960.4575,1,Gold
17885.0,47742.4975,12,58.60795454545455,Germany,67,0.5645749613601236,47742.4975,0,Silver
17888.0,26810.275,9,56.580882352941174,United Kingdom,163,0.7325133689839572,26810.275,0,Bronze
17890.0,53155.3425,12,58.77777777777778,United Kingdom,10,0.751604938271605,53155.3425,1,Gold
17891.0,24378.945,7,50.35294117647059,United Kingdom,81,0.3334585289514867,24378.945,0,Bronze
17892.0,10105.304999999998,3,52.333333333333336,United Kingdom,44,0.38209205020920506,10105.304999999998,0,Bronze
17895.0,38127.185,10,59.396341463414636,United Kingdom,11,0.42752808988764046,38127.185,0,Silver
17896.0,14231.615,5,47.0875,United Kingdom,35,0.2524046434494196,14231.615,0,Bronze
17897.0,22593.489999999998,9,55.904411764705884,United Kingdom,48,0.6184198645598195,22593.489999999998,0,Bronze
17898.0,22614.565,9,48.8955223880597,United Kingdom,23,0.4221263482280431,22614.565,0,Bronze
17901.0,42005.752499999995,11,55.60493827160494,United Kingdom,67,0.5348881789137381,42005.752499999995,0,Silver
17903.0,57607.8275,14,58.63775510204081,United Kingdom,15,0.614063400576369,57607.8275,1,Gold
17904.0,42725.557499999995,9,64.5,United Kingdom,26,0.7042673521850901,42725.557499999995,0,Silver
17905.0,30139.102499999997,7,54.25454545454546,Spain,513,0.9729680365296804,30139.102499999997,0,Bronze
17908.0,58796.19,14,58.899253731343286,United Kingdom,13,0.7138358458961475,58796.19,1,Gold
17909.0,71921.77249999999,16,59.476351351351354,United Kingdom,19,0.6908368794326241,71921.77249999999,1,Gold
17911.0,27352.595,7,54.71212121212121,United Kingdom,17,0.41214700193423603,27352.595,0,Bronze
17912.0,23353.0625,6,56.67391304347826,United Kingdom,73,0.35326885880077374,23353.0625,0,Bronze
17915.0,72124.8325,15,58.064655172413794,United Kingdom,20,0.6636627906976744,72124.8325,1,Gold
17917.0,72293.05249999999,14,60.450413223140494,United Kingdom,6,0.6360597014925373,72293.05249999999,1,Gold
17918.0,37224.0575,8,53.1865671641791,United Kingdom,51,0.5192324093816632,37224.0575,0,Silver
17919.0,49827.7825,12,58.995049504950494,United Kingdom,35,0.5551367781155016,49827.7825,0,Gold
17920.0,38145.244999999995,7,62.18181818181818,United Kingdom,55,0.6267058823529412,38145.244999999995,0,Silver
17922.0,43315.1925,11,58.03333333333333,United Kingdom,9,0.5507236842105263,43315.1925,0,Silver
17923.0,35823.765,10,48.4375,Germany,154,0.9395061728395062,35823.765,0,Silver
17924.0,26687.532499999998,8,62.35245901639344,United Kingdom,11,0.34106442577030815,26687.532499999998,0,Bronze
17929.0,28056.1975,6,60.06603773584906,United Kingdom,46,0.2926923076923077,28056.1975,0,Bronze
17930.0,29642.36,12,54.066265060240966,United Kingdom,2,0.5998029556650246,29642.36,0,Bronze
17936.0,27415.907499999998,8,56.32258064516129,United Kingdom,5,0.33869262865090405,27415.907499999998,0,Bronze
17937.0,33776.064999999995,10,55.526315789473685,United Kingdom,193,0.6421940928270042,33776.064999999995,0,Bronze
17939.0,36520.77,10,63.26923076923077,United Kingdom,22,0.42573426573426576,36520.77,0,Silver
17940.0,44175.229999999996,9,64.64473684210526,United Kingdom,6,0.3864033850493653,44175.229999999996,0,Silver
17941.0,45447.3825,9,62.99230769230769,United Kingdom,24,0.49810909090909095,45447.3825,0,Silver
17943.0,31436.484999999997,11,54.925,United Kingdom,9,0.5833449477351916,31436.484999999997,0,Bronze
17945.0,30151.87,8,69.125,Germany,46,0.3793146417445483,30151.87,0,Bronze
17947.0,27962.76,7,50.95192307692308,United Kingdom,53,0.3166121842496285,27962.76,0,Bronze
17948.0,53335.455,11,61.83888888888889,Netherlands,24,0.47293785310734465,53335.455,1,Gold
17952.0,45955.685,12,61.86813186813187,Germany,67,0.5551367781155016,45955.685,0,Silver
17955.0,61756.4375,13,61.871428571428574,United Kingdom,3,0.6551655629139073,61756.4375,1,Gold
17957.0,54372.494999999995,12,63.984042553191486,United Kingdom,31,0.8264253393665159,54372.494999999995,1,Gold
17959.0,41244.917499999996,9,64.87704918032787,United Kingdom,22,0.3958959537572254,41244.917499999996,0,Silver
17960.0,61547.13,12,71.0,USA,80,0.6814925373134328,61547.13,1,Gold
17961.0,55593.6525,12,56.881443298969074,United Kingdom,13,0.5672049689440993,55593.6525,1,Gold
17962.0,23679.675,8,52.425,Germany,70,0.4949593495934959,23679.675,0,Bronze
17963.0,35350.385,8,54.87313432835821,Spain,54,0.36184249628528975,35350.385,0,Silver
17965.0,34764.88,11,53.12068965517241,United Kingdom,38,0.5264779874213836,34764.88,0,Bronze
17966.0,39435.8425,7,54.7890625,United Kingdom,209,0.7529328621908128,39435.8425,0,Silver
17967.0,61821.615,14,59.01937984496124,Portugal,32,0.6476595744680852,61821.615,1,Gold
17968.0,44358.6775,12,60.45263157894737,United Kingdom,9,0.5052282157676349,44358.6775,0,Silver
17969.0,18845.035,8,52.080357142857146,United Kingdom,30,0.36730015082956263,18845.035,0,Bronze
17971.0,29035.735,8,60.44736842105263,United Kingdom,283,0.5375717439293598,29035.735,0,Bronze
17972.0,18868.135,6,57.427083333333336,United Kingdom,32,0.26662773722627736,18868.135,0,Bronze
17973.0,52232.2825,11,54.876543209876544,United Kingdom,20,0.5383279742765273,52232.2825,0,Gold
17974.0,26554.079999999998,6,58.83620689655172,United Kingdom,54,0.3525868725868726,26554.079999999998,0,Bronze
17975.0,56118.475,13,57.891666666666666,Germany,8,0.8010526315789475,56118.475,1,Gold
17976.0,74567.89,15,59.766129032258064,United Kingdom,16,0.6636627906976744,74567.89,1,Gold
17979.0,46102.829999999994,10,54.46153846153846,United Kingdom,38,0.43735632183908046,46102.829999999994,0,Silver
17980.0,43142.9425,7,64.2421875,United Kingdom,75,0.33241809672386896,43142.9425,0,Silver
17981.0,26920.355,8,45.330882352941174,United Kingdom,27,0.3645508982035928,26920.355,0,Bronze
17984.0,25635.1125,7,54.07142857142857,United Kingdom,7,0.4194488188976378,25635.1125,0,Bronze
17986.0,36712.7625,8,58.43333333333333,United Kingdom,240,0.49096774193548387,36712.7625,0,Silver
17987.0,34493.0675,10,53.06410256410256,United Kingdom,67,0.6476595744680852,34493.0675,0,Bronze
17988.0,25478.14,6,60.03260869565217,United Kingdom,30,0.3394795539033458,25478.14,0,Bronze
17989.0,68649.19,17,58.359375,United Kingdom,41,0.7565497076023392,68649.19,1,Gold
17990.0,63155.149999999994,14,61.554455445544555,France,16,0.7032343234323433,63155.149999999994,1,Gold
17991.0,55917.8725,13,61.32673267326733,United Kingdom,53,0.579385065885798,55917.8725,1,Gold
17993.0,44355.43,15,51.75,United Kingdom,36,0.6685212298682285,44355.43,0,Silver
17994.0,18565.0025,5,55.306451612903224,United Kingdom,27,0.4424418604651163,18565.0025,0,Bronze
17996.0,73082.3,18,58.46830985915493,USA,57,0.8105325443786983,73082.3,1,Gold
17997.0,45008.7575,12,51.96534653465346,United Kingdom,10,0.5173937677053825,45008.7575,0,Silver
17998.0,51469.3175,14,61.44,United Kingdom,11,0.589432918395574,51469.3175,0,Gold
17999.0,85157.89,15,57.849624060150376,United Kingdom,7,0.8518656716417911,85157.89,1,Gold
18000.0,59879.6,14,57.22767857142857,United Kingdom,20,0.6002253521126761,59879.6,1,Gold
18001.0,30286.052499999998,5,67.24285714285715,United Kingdom,32,0.2152758132956153,30286.052499999998,0,Bronze
18002.0,30667.62,8,59.95890410958904,United Kingdom,17,0.37349693251533744,30667.62,0,Bronze
18004.0,43944.85,13,55.192708333333336,United Kingdom,29,0.5802346041055719,43944.85,0,Silver
18006.0,54131.407499999994,16,56.18,France,11,0.7682018927444796,54131.407499999994,1,Gold
18008.0,40724.3725,13,60.42696629213483,United Kingdom,7,0.6764444444444445,40724.3725,0,Silver
18009.0,39442.31,10,57.33125,United Kingdom,34,0.43361823361823365,39442.31,0,Silver
18010.0,58722.145,15,60.7593984962406,United Kingdom,14,0.6421940928270042,58722.145,1,Gold
18012.0,34797.409999999996,8,53.875,Spain,9,0.34106442577030815,34797.409999999996,0,Bronze
18013.0,41993.1975,11,56.51190476190476,United Kingdom,9,0.5627563025210084,41993.1975,0,Silver
18015.0,38840.52,11,57.51851851851852,United Kingdom,68,0.5289731437598736,38840.52,0,Silver
18016.0,41021.4375,10,56.333333333333336,United Kingdom,26,0.4476470588235294,41021.4375,0,Silver
18017.0,49778.115,11,58.94444444444444,United Kingdom,9,0.545342019543974,49778.115,0,Gold
18018.0,30079.195,8,59.08064516129032,United Kingdom,41,0.34988505747126436,30079.195,0,Bronze
18019.0,39770.9525,10,53.032467532467535,United Kingdom,12,0.4816455696202532,39770.9525,0,Silver
18021.0,33229.42,10,58.705882352941174,United Kingdom,22,0.44179970972423804,33229.42,0,Bronze
18022.0,73899.5125,13,63.54128440366973,United Kingdom,46,0.5810866372980911,73899.5125,1,Gold
18023.0,26993.719999999998,5,64.34146341463415,United Kingdom,41,0.25032894736842104,26993.719999999998,0,Bronze
18024.0,50777.18,13,51.9954954954955,United Kingdom,6,0.9333018867924529,50777.18,0,Gold
18025.0,36353.9225,8,59.5,United Kingdom,13,0.35811764705882354,36353.9225,0,Silver
18029.0,58472.799999999996,12,65.12048192771084,United Kingdom,50,0.5698595943837753,58472.799999999996,1,Gold
18030.0,25728.36,8,61.59230769230769,United Kingdom,26,0.34988505747126436,25728.36,0,Bronze
18031.0,26095.754999999997,9,49.46031746031746,United Kingdom,74,0.44330097087378645,26095.754999999997,0,Bronze
18032.0,32413.34,6,64.83870967741936,United Kingdom,59,0.43693779904306224,32413.34,0,Bronze
18034.0,25796.21,8,64.70149253731343,United Kingdom,56,0.3661954887218045,25796.21,0,Bronze
18035.0,27323.44,8,59.46610169491525,United Kingdom,10,0.48317460317460315,27323.44,0,Bronze
18039.0,55484.7775,11,70.90384615384616,United Kingdom,18,0.46700139470013946,55484.7775,1,Gold
18042.0,63050.932499999995,13,55.87837837837838,United Kingdom,8,0.5605099150141644,63050.932499999995,1,Gold
18044.0,45598.7725,11,53.205128205128204,United Kingdom,1,0.47293785310734465,45598.7725,0,Silver
18045.0,53844.3725,11,56.63265306122449,Germany,45,0.4859796806966618,53844.3725,1,Gold
18046.0,49933.947499999995,11,55.49431818181818,United Kingdom,27,0.5151384615384615,49933.947499999995,0,Gold
18053.0,62519.85999999999,16,55.313559322033896,Switzerland,23,0.6908368794326241,62519.85999999999,1,Gold
18054.0,22737.782499999998,5,60.30232558139535,Germany,63,0.3676328502415459,22737.782499999998,0,Bronze
18058.0,43117.545,11,55.875,United Kingdom,24,0.545342019543974,43117.545,0,Silver
18059.0,15838.65,5,55.91111111111111,United Kingdom,20,0.22251461988304094,15838.65,0,Bronze
18061.0,47856.08,10,55.44318181818182,United Kingdom,31,0.4516320474777448,47856.08,0,Silver
18062.0,36343.695,13,52.99444444444445,United Kingdom,21,0.6695769881556684,36343.695,0,Silver
18065.0,76598.33,19,57.923312883435585,United Kingdom,35,0.8262285714285714,76598.33,1,Gold
18066.0,30593.684999999998,12,57.06547619047619,United Kingdom,35,0.5356011730205279,30593.684999999998,0,Bronze
18067.0,26989.77,9,55.0859375,Belgium,206,0.6128859060402685,26989.77,0,Bronze
18070.0,41604.575,9,51.60493827160494,United Kingdom,2,0.4107346326836582,41604.575,0,Silver
18071.0,18603.809999999998,6,48.08510638297872,United Kingdom,91,0.3602366863905325,18603.809999999998,0,Bronze
18073.0,63530.735,15,56.21848739495798,United Kingdom,33,0.681492537313433,63530.735,1,Gold
18074.0,37523.97,11,52.58433734939759,United Kingdom,3,0.5665651438240271,37523.97,0,Silver
18075.0,37390.96,10,56.42857142857143,United Kingdom,26,0.5534545454545455,37390.96,0,Silver
18076.0,67569.1675,18,55.493506493506494,United Kingdom,14,0.7684712482468443,67569.1675,1,Gold
18077.0,18838.105,5,55.44117647058823,United Kingdom,55,0.5809160305343511,18838.105,0,Bronze
18078.0,30288.11,8,53.32575757575758,United Kingdom,27,0.37178625954198474,30288.11,0,Bronze
18079.0,81418.4,18,57.40972222222222,Portugal,43,0.9962181818181819,81418.4,1,Gold
18081.0,25680.145,7,56.56730769230769,United Kingdom,18,0.3048354792560801,25680.145,0,Bronze
18082.0,44610.27,11,56.64473684210526,United Kingdom,23,0.4702808988764045,44610.27,0,Silver
18084.0,63260.39,13,59.33,United Kingdom,34,1.0961772853185596,63260.39,1,Gold
18095.0,57045.52,15,55.83984375,United Kingdom,6,0.6855855855855857,57045.52,1,Gold
18096.0,35714.67,12,52.364197530864196,United Kingdom,37,0.7771914893617021,35714.67,0,Silver
18098.0,46726.4625,10,55.14736842105263,United Kingdom,65,0.47786499215070644,46726.4625,0,Silver
18099.0,50719.0475,12,61.73076923076923,United Kingdom,33,0.5233237822349571,50719.0475,0,Gold
18100.0,25277.9875,10,49.90909090909091,United Kingdom,14,0.5575091575091575,25277.9875,0,Bronze
18101.0,50734.2025,15,53.929752066115704,United Kingdom,3,0.6467422096317281,50734.2025,0,Gold
18103.0,28571.219999999998,7,54.92857142857143,United Kingdom,4,0.4074187380497132,28571.219999999998,0,Bronze
18104.0,32609.364999999998,8,55.35344827586207,United Kingdom,94,0.4141496598639456,32609.364999999998,0,Bronze
18105.0,41009.9825,11,59.22222222222222,United Kingdom,12,0.535744,41009.9825,0,Silver
18106.0,33491.93,10,50.605555555555554,United Kingdom,24,0.43177304964539004,33491.93,0,Bronze
18107.0,23373.024999999998,6,57.13725490196079,United Kingdom,105,0.39193133047210305,23373.024999999998,0,Bronze
18108.0,28741.0975,6,71.625,United Kingdom,26,0.45096296296296295,28741.0975,0,Bronze
18109.0,52941.0,13,58.86363636363637,United Kingdom,4,0.6372302737520129,52941.0,1,Gold
18113.0,26746.655,7,55.61666666666667,United Kingdom,12,0.5548958333333334,26746.655,0,Bronze
18114.0,41612.29,15,54.86082474226804,Netherlands,16,0.6341666666666667,41612.29,0,Silver
18115.0,43113.06,7,59.654545454545456,Germany,67,0.32236006051437216,43113.06,0,Silver
18116.0,27898.775,7,58.46268656716418,United Kingdom,168,0.3938632162661738,27898.775,0,Bronze
18117.0,73737.985,14,55.94961240310077,Belgium,68,0.6546236559139785,73737.985,1,Gold
18119.0,25417.234999999997,6,56.69298245614035,United Kingdom,51,0.3028855721393035,25417.234999999997,0,Bronze
18122.0,31781.9675,5,68.82291666666667,United Kingdom,175,0.3676328502415459,31781.9675,0,Bronze
18125.0,76792.51,16,56.221804511278194,United Kingdom,6,0.8103826955074874,76792.51,1,Gold
18127.0,45434.119999999995,13,52.351063829787236,United Kingdom,5,0.5968627450980393,45434.119999999995,0,Silver
18128.0,32551.42,7,63.69,United Kingdom,35,0.5477634961439589,32551.42,0,Bronze
18129.0,49187.7425,10,62.51948051948052,United Kingdom,28,0.4443795620437956,49187.7425,0,Gold
18131.0,74688.9425,18,59.1013986013986,United Kingdom,8,0.7805128205128206,74688.9425,1,Gold
18133.0,53609.755,14,65.69583333333334,United Kingdom,4,0.7373010380622838,53609.755,1,Gold
18134.0,38190.204999999994,8,57.16428571428571,United Kingdom,71,0.5663255813953488,38190.204999999994,0,Silver
18136.0,56108.869999999995,11,63.324742268041234,United Kingdom,37,0.5426904376012965,56108.869999999995,1,Gold
18139.0,56910.2325,13,51.495098039215684,United Kingdom,9,0.5637037037037037,56910.2325,1,Gold
18140.0,13291.185,5,50.54838709677419,United Kingdom,119,0.3547785547785548,13291.185,0,Bronze
18143.0,50541.84,13,51.7319587628866,United Kingdom,88,0.6271315372424723,50541.84,0,Gold
18144.0,50385.005,13,54.24519230769231,United Kingdom,41,0.6595333333333333,50385.005,0,Gold
18145.0,42439.555,13,55.99009900990099,United Kingdom,5,0.6606343906510852,42439.555,0,Silver
18146.0,51471.3525,14,57.80508474576271,United Kingdom,10,0.592712100139082,51471.3525,0,Gold
18149.0,33460.005,10,49.00675675675676,United Kingdom,116,0.5124579124579125,33460.005,0,Bronze
18150.0,62118.509999999995,18,56.37591240875913,United Kingdom,2,0.7526373626373627,62118.509999999995,1,Gold
18151.0,62809.125,12,55.12385321100918,United Kingdom,17,0.5255827338129496,62809.125,1,Gold
18153.0,38940.415,10,57.48809523809524,United Kingdom,165,0.5330998248686515,38940.415,0,Silver
18154.0,23932.71,8,51.94,Switzerland,38,0.45096296296296295,23932.71,0,Bronze
18155.0,57469.8825,11,59.896039603960396,United Kingdom,10,0.5151384615384615,57469.8825,1,Gold
18156.0,66551.02,12,58.78512396694215,United Kingdom,12,0.5024484181568089,66551.02,1,Gold
18158.0,48353.502499999995,10,57.765060240963855,United Kingdom,14,0.4227777777777778,48353.502499999995,0,Silver
18160.0,36886.525,12,60.358024691358025,United Kingdom,20,0.5255827338129496,36886.525,0,Silver
18164.0,28935.28,6,57.425,United Kingdom,101,0.292224,28935.28,0,Bronze
18165.0,58715.6725,15,61.52212389380531,United Kingdom,24,0.6532188841201717,58715.6725,1,Gold
18168.0,20789.265,7,54.59615384615385,United Kingdom,13,0.5313715710723191,20789.265,0,Bronze
18170.0,26266.855,7,61.44736842105263,United Kingdom,1,0.41135135135135137,26266.855,0,Bronze
18172.0,51387.284999999996,12,56.80808080808081,United Kingdom,8,0.5611059907834102,51387.284999999996,0,Gold
18173.0,59526.435,14,59.17619047619048,United Kingdom,3,0.7198648648648649,59526.435,1,Gold
18174.0,53914.9975,11,63.9390243902439,Netherlands,21,0.47360678925035365,53914.9975,1,Gold
18176.0,40624.2,10,56.42,United Kingdom,83,0.737046004842615,40624.2,0,Silver
18177.0,29339.565,9,51.25714285714286,United Kingdom,62,0.42408668730650156,29339.565,0,Bronze
18179.0,14027.705,4,57.13461538461539,United Kingdom,44,0.336353591160221,14027.705,0,Bronze
18180.0,34169.825,8,64.31343283582089,United Kingdom,12,0.3391643454038998,34169.825,0,Bronze
18181.0,43367.979999999996,14,53.295918367346935,United Kingdom,3,0.6775198728139904,43367.979999999996,0,Silver
18183.0,42803.73,9,63.24390243902439,United Kingdom,44,0.3976197387518142,42803.73,0,Silver
18185.0,29200.105,9,51.84426229508197,United Kingdom,15,0.39362068965517244,29200.105,0,Bronze
18187.0,56387.1375,14,51.771028037383175,United Kingdom,14,0.6044822695035461,56387.1375,1,Gold
18189.0,31374.39,11,56.125,United Kingdom,3,0.4657023643949931,31374.39,0,Bronze
18192.0,40749.455,10,53.056179775280896,United Kingdom,13,0.4917609046849758,40749.455,0,Silver
18195.0,34700.3375,8,59.68852459016394,United Kingdom,4,0.5689719626168225,34700.3375,0,Bronze
18198.0,59518.84,13,56.34513274336283,United Kingdom,25,0.7595393474088292,59518.84,1,Gold
18200.0,46347.15,10,57.14673913043478,United Kingdom,3,0.4152796725784447,46347.15,0,Silver
18201.0,40391.125,11,51.70987654320987,United Kingdom,6,0.4852753623188406,40391.125,0,Silver
18202.0,37293.69,9,52.098684210526315,United Kingdom,113,0.5403550295857988,37293.69,0,Silver
18204.0,45581.244999999995,14,52.88383838383838,United Kingdom,89,0.6617391304347826,45581.244999999995,0,Silver
18206.0,42692.84,10,61.19767441860465,United Kingdom,54,0.4543283582089553,42692.84,0,Silver
18207.0,31020.344999999998,9,52.12337662337662,United Kingdom,10,0.3858591549295775,31020.344999999998,0,Bronze
18208.0,40113.939999999995,11,54.42261904761905,United Kingdom,9,0.4624861878453039,40113.939999999995,0,Silver
18209.0,58523.78,14,51.43089430894309,United Kingdom,12,0.6149494949494949,58523.78,1,Gold
18210.0,30295.27,10,53.97945205479452,United Kingdom,171,0.6997701149425287,30295.27,0,Bronze
18211.0,73056.65999999999,15,55.18333333333333,United Kingdom,4,0.6254794520547946,73056.65999999999,1,Gold
18213.0,43307.8825,12,55.066326530612244,United Kingdom,59,0.6128859060402685,43307.8825,0,Silver
18214.0,47168.1575,13,53.48019801980198,United Kingdom,33,0.5760116448326056,47168.1575,0,Silver
18216.0,18640.93,8,61.29661016949152,United Kingdom,29,0.3602366863905325,18640.93,0,Bronze
18218.0,49331.354999999996,13,61.59,United Kingdom,8,0.7053832442067737,49331.354999999996,0,Gold
18219.0,50342.465,12,65.58653846153847,United Kingdom,16,0.5240746054519368,50342.465,0,Gold
18220.0,38152.4075,12,57.53488372093023,United Kingdom,5,0.6088,38152.4075,0,Silver
18221.0,30727.3675,7,65.1,Germany,95,0.4278714859437751,30727.3675,0,Bronze
18222.0,48594.325,10,60.804597701149426,United Kingdom,4,0.4305516265912306,48594.325,0,Silver
18223.0,26224.475,6,54.41860465116279,United Kingdom,242,0.5278612716763006,26224.475,0,Bronze
18224.0,33872.49,8,58.28813559322034,United Kingdom,79,0.4038474295190713,33872.49,0,Bronze
18226.0,35252.735,11,60.84117647058824,United Kingdom,33,0.5281388012618297,35252.735,0,Silver
18227.0,35453.667499999996,9,51.871212121212125,Spain,160,0.499016393442623,35453.667499999996,0,Silver
18229.0,55402.5725,15,62.68421052631579,United Kingdom,2,0.6220708446866485,55402.5725,1,Gold
18230.0,56592.84,14,52.74031007751938,United Kingdom,21,0.6044822695035461,56592.84,1,Gold
18231.0,38177.395,10,53.270270270270274,United Kingdom,21,0.7264916467780429,38177.395,0,Silver
18234.0,44126.28,14,50.90952380952381,United Kingdom,28,0.6221313868613139,44126.28,0,Silver
18235.0,21244.895,6,56.166666666666664,United Kingdom,11,0.27423423423423426,21244.895,0,Bronze
18241.0,27588.485,8,51.55084745762712,United Kingdom,29,0.4302473498233216,27588.485,0,Bronze
18242.0,59543.38,14,52.47435897435897,United Kingdom,19,0.592712100139082,59543.38,1,Gold
18243.0,59708.59,17,59.01459854014598,United Kingdom,37,0.7712071535022356,59708.59,1,Gold
18245.0,34146.215,10,55.640449438202246,United Kingdom,116,0.7534653465346535,34146.215,0,Bronze
18247.0,56550.3175,12,54.92631578947368,Germany,26,0.7409330628803247,56550.3175,1,Gold
18249.0,50171.642499999994,10,54.64383561643836,United Kingdom,252,0.6449152542372881,50171.642499999994,0,Gold
18250.0,30684.155,9,63.71917808219178,United Kingdom,21,0.6831920199501247,30684.155,0,Bronze
18251.0,52942.954999999994,13,51.691964285714285,United Kingdom,1,0.5458206896551724,52942.954999999994,1,Gold
18252.0,28799.16,8,56.903225806451616,United Kingdom,38,0.3488825214899714,28799.16,0,Bronze
18253.0,14749.91,4,64.35714285714286,United Kingdom,3,1.1170642201834864,14749.91,0,Bronze
18255.0,48915.6375,13,58.324742268041234,United Kingdom,38,0.579385065885798,48915.6375,0,Silver
18256.0,51611.72,11,62.08620689655172,France,100,0.5298101265822784,51611.72,0,Gold
18257.0,19024.025,8,58.285714285714285,United Kingdom,9,0.33728531855955685,19024.025,0,Bronze
18258.0,39816.955,10,49.75352112676056,United Kingdom,54,0.6918181818181819,39816.955,0,Silver
18259.0,18861.765,6,77.28205128205128,United Kingdom,45,0.3674849094567405,18861.765,0,Bronze
18263.0,30492.23,9,59.266129032258064,Germany,49,0.40646884272997036,30492.23,0,Bronze
18266.0,27879.5425,8,50.3046875,United Kingdom,40,0.36292101341281674,27879.5425,0,Bronze
18268.0,36992.1825,10,61.5,United Kingdom,1,0.42044198895027624,36992.1825,0,Silver
18269.0,60272.11,12,63.144329896907216,United Kingdom,19,0.5460089686098655,60272.11,1,Gold
18270.0,10786.654999999999,3,50.93103448275862,United Kingdom,462,0.3459090909090909,10786.654999999999,0,Bronze
18274.0,48448.45,14,55.64912280701754,United Kingdom,1,0.580599455040872,48448.45,0,Silver
18275.0,33190.37,9,61.84756097560975,United Kingdom,5,0.3815598885793872,33190.37,0,Bronze
18277.0,42132.417499999996,10,59.71917808219178,Switzerland,17,0.43177304964539004,42132.417499999996,0,Silver
18278.0,28329.302499999998,8,48.50714285714286,USA,4,0.5756973995271868,28329.302499999998,0,Bronze
18279.0,35349.335,10,61.68023255813954,United Kingdom,54,0.46261398176291796,35349.335,0,Silver
18283.0,43482.0225,11,56.18235294117647,United Kingdom,37,0.5409369951534734,43482.0225,0,Silver
18286.0,33264.097499999996,7,50.95614035087719,United Kingdom,10,0.3436774193548387,33264.097499999996,0,Bronze
18288.0,33253.86,10,51.35820895522388,United Kingdom,57,0.4633181126331811,33253.86,0,Bronze
18291.0,44836.34,9,56.68421052631579,United Kingdom,11,0.39081312410841657,44836.34,0,Silver
18292.0,32233.394999999997,9,58.14655172413793,United Kingdom,1,0.38423562412342216,32233.394999999997,0,Bronze
18298.0,38694.765,13,57.82142857142857,United Kingdom,76,0.7341743970315399,38694.765,0,Silver
18299.0,29128.245,7,65.51886792452831,United Kingdom,184,0.6418072289156627,29128.245,0,Bronze
18300.0,46747.58,10,52.75301204819277,United Kingdom,49,0.44179970972423804,46747.58,0,Silver
18301.0,26524.524999999998,9,52.89344262295082,Germany,10,0.5063955637707949,26524.524999999998,0,Bronze
18302.0,101289.7925,17,59.8343949044586,Netherlands,7,0.7288450704225353,101289.7925,1,Gold
18303.0,86098.36499999999,18,58.279310344827586,United Kingdom,8,0.7631197771587744,86098.36499999999,1,Gold
18305.0,50036.5125,11,52.52906976744186,United Kingdom,3,0.45931412894375856,50036.5125,0,Gold
18306.0,59457.7425,18,53.7956204379562,Netherlands,14,0.8823188405797101,59457.7425,1,Gold
18308.0,24102.735,5,62.319148936170215,United Kingdom,31,0.30318725099601596,24102.735,0,Bronze
18309.0,36333.99,6,68.58163265306122,United Kingdom,99,0.8866019417475729,36333.99,0,Silver
18311.0,49554.895,14,50.92727272727273,Germany,31,0.6221313868613139,49554.895,0,Gold
18312.0,21319.25,6,58.61764705882353,United Kingdom,189,0.34722433460076046,21319.25,0,Bronze
18313.0,19649.582499999997,5,58.416666666666664,Spain,17,0.21867816091954023,19649.582499999997,0,Bronze
18314.0,46939.53,14,53.55,United Kingdom,3,0.5968627450980393,46939.53,0,Silver
18315.0,60404.369999999995,16,54.491150442477874,United Kingdom,5,0.7458499234303215,60404.369999999995,1,Gold
18317.0,26852.7,7,55.642857142857146,United Kingdom,209,0.5159322033898305,26852.7,0,Bronze
18318.0,41446.5025,10,58.4277108433735,United Kingdom,7,0.4305516265912306,41446.5025,0,Silver
18319.0,53197.284999999996,12,62.402061855670105,United Kingdom,24,0.5920259319286871,53197.284999999996,1,Gold
18320.0,51226.0,11,54.85,United Kingdom,32,0.6578388998035364,51226.0,0,Gold
18325.0,26150.68,8,57.61538461538461,United Kingdom,36,0.35654465592972184,26150.68,0,Bronze
18327.0,26318.62,8,56.12698412698413,United Kingdom,47,0.4577443609022556,26318.62,0,Bronze
18329.0,40276.685,10,57.848101265822784,United Kingdom,38,0.4605143721633888,40276.685,0,Silver
18330.0,40607.104999999996,8,68.25,United Kingdom,14,0.6308808290155441,40607.104999999996,0,Silver
18331.0,39081.685,10,57.570422535211264,United Kingdom,1,0.47047913446676976,39081.685,0,Silver
18333.0,30275.442499999997,6,59.80769230769231,United Kingdom,67,0.4831746031746032,30275.442499999997,0,Bronze
18334.0,34662.9575,10,57.92063492063492,United Kingdom,19,0.4239554317548747,34662.9575,0,Bronze
18335.0,30304.844999999998,11,49.74691358024691,United Kingdom,3,0.4561852861035423,30304.844999999998,0,Bronze
18336.0,33579.15,10,53.0,France,31,0.45981873111782484,33579.15,0,Bronze
18337.0,40927.8875,12,54.36363636363637,Netherlands,5,0.5031404958677687,40927.8875,0,Silver
18340.0,49681.3525,14,57.15384615384615,United Kingdom,63,0.6764444444444445,49681.3525,0,Gold
18341.0,54812.7875,11,62.81372549019608,Spain,37,0.555290215588723,54812.7875,1,Gold
18343.0,36303.75,10,52.24666666666667,United Kingdom,28,0.42994350282485877,36303.75,0,Silver
18345.0,30752.335,6,57.455357142857146,United Kingdom,1,0.24781546811397556,30752.335,0,Bronze
18346.0,74235.16,15,58.31111111111111,United Kingdom,30,0.6897280966767372,74235.16,1,Gold
18349.0,30928.7425,6,59.35294117647059,United Kingdom,97,0.31114139693356047,30928.7425,0,Bronze
18350.0,96145.5725,18,59.26331360946745,United Kingdom,7,0.755751724137931,96145.5725,1,Gold
18351.0,41223.8125,8,56.782051282051285,United Kingdom,24,0.36292101341281674,41223.8125,0,Silver
18352.0,65343.822499999995,12,58.691588785046726,United Kingdom,4,0.5233237822349571,65343.822499999995,1,Gold
18353.0,33415.5675,6,57.62264150943396,France,4,0.30138613861386143,33415.5675,0,Bronze
18354.0,11350.775,5,52.2625,United Kingdom,16,0.21588652482269502,11350.775,0,Bronze
18355.0,34774.175,9,58.263888888888886,United Kingdom,8,0.37735537190082646,34774.175,0,Bronze
18357.0,32815.2,7,58.20967741935484,United Kingdom,31,0.44024793388429756,32815.2,0,Bronze
18358.0,65029.1325,12,58.29347826086956,United Kingdom,80,0.5798095238095239,65029.1325,1,Gold
18362.0,23833.395,6,61.5,United Kingdom,60,0.3198598949211909,23833.395,0,Bronze
18363.0,61255.5525,14,54.476190476190474,United Kingdom,13,0.6002253521126761,61255.5525,1,Gold
18365.0,31664.5375,8,52.25833333333333,United Kingdom,13,0.33775312066574203,31664.5375,0,Bronze
18366.0,63551.865,12,55.648148148148145,United Kingdom,37,0.5395568685376662,63551.865,1,Gold
18369.0,25715.76,11,55.935064935064936,United Kingdom,52,0.520746500777605,25715.76,0,Bronze
18373.0,26238.934999999998,6,56.64423076923077,Portugal,200,0.4400963855421687,26238.934999999998,0,Bronze
18374.0,35827.71,8,62.3728813559322,United Kingdom,8,0.34444130127298445,35827.71,0,Silver
18376.0,38992.9425,11,51.40229885057471,Switzerland,11,0.5694557823129252,38992.9425,0,Silver
18377.0,33344.865,10,56.94615384615385,United Kingdom,70,0.4570570570570571,33344.865,0,Bronze
18380.0,40822.46,9,57.38666666666666,Portugal,20,0.3902564102564103,40822.46,0,Silver
18385.0,26468.485,6,66.27659574468085,United Kingdom,123,0.5073333333333333,26468.485,0,Bronze
18390.0,53565.5,13,55.81308411214953,USA,9,0.5581382228490832,53565.5,1,Gold
18393.0,31886.89,10,55.178082191780824,United Kingdom,347,1.1890625,31886.89,0,Bronze
18396.0,28930.44,6,55.431372549019606,United Kingdom,331,0.4671099744245525,28930.44,0,Bronze
18397.0,42444.689999999995,8,57.176923076923075,United Kingdom,77,0.37121951219512195,42444.689999999995,0,Silver
18398.0,87884.31499999999,16,56.63671875,United Kingdom,14,0.6957714285714286,87884.31499999999,1,Gold
18401.0,30598.975,6,49.294642857142854,United Kingdom,34,0.44546341463414635,30598.975,0,Bronze
18402.0,22941.655,9,47.559701492537314,United Kingdom,74,0.41383685800604236,22941.655,0,Bronze
18403.0,63350.509999999995,20,52.5,USA,17,0.8722063037249285,63350.509999999995,1,Gold
18404.0,33759.215,10,59.3013698630137,United Kingdom,60,0.4529761904761905,33759.215,0,Bronze
18406.0,52085.322499999995,13,54.79816513761468,United Kingdom,8,0.5473305670816044,52085.322499999995,0,Gold
18407.0,31797.19,13,47.76923076923077,United Kingdom,29,0.7789763779527559,31797.19,0,Bronze
18408.0,37345.935,11,55.48019801980198,United Kingdom,1,0.47630156472261737,37345.935,0,Silver
18410.0,35978.972499999996,8,60.54761904761905,United Kingdom,83,0.4784282907662083,35978.972499999996,0,Silver
18412.0,48134.615,12,52.14150943396226,Switzerland,6,0.6067774086378738,48134.615,0,Silver
18413.0,50380.27,10,54.2,Portugal,4,0.46902927580893683,50380.27,0,Gold
18415.0,37506.07,6,53.905660377358494,United Kingdom,24,0.33450549450549455,37506.07,0,Silver
18416.0,23162.445,7,67.22321428571429,United Kingdom,13,0.6088,23162.445,0,Bronze
18417.0,39714.57,12,50.967032967032964,United Kingdom,19,0.5559817351598173,39714.57,0,Silver
18419.0,32503.372499999998,10,58.25694444444444,United Kingdom,216,0.59453125,32503.372499999998,0,Bronze
18421.0,45413.655,8,56.863013698630134,United Kingdom,43,0.3586450662739323,45413.655,0,Silver
18422.0,36255.255,12,50.623711340206185,United Kingdom,43,0.7469938650306749,36255.255,0,Silver
18423.0,31926.079999999998,8,54.4921875,Spain,31,0.3478857142857143,31926.079999999998,0,Bronze
18424.0,24131.559999999998,7,55.525,United Kingdom,65,0.44858947368421054,24131.559999999998,0,Bronze
18425.0,55668.88,12,56.12244897959184,United Kingdom,77,0.5734379905808477,55668.88,1,Gold
18426.0,40485.174999999996,10,54.42613636363637,Switzerland,2,0.5239242685025818,40485.174999999996,0,Silver
18428.0,42608.8775,12,61.32446808510638,United Kingdom,18,0.5240746054519368,42608.8775,0,Silver
18429.0,45222.909999999996,9,61.353658536585364,United Kingdom,56,0.4022907488986784,45222.909999999996,0,Silver
18430.0,35722.185,10,51.342465753424655,Germany,68,0.5445438282647586,35722.185,0,Silver
18432.0,26819.315,9,55.927536231884055,United Kingdom,19,0.38423562412342216,26819.315,0,Bronze
18433.0,25313.995,7,59.644067796610166,United Kingdom,252,0.4457740585774059,25313.995,0,Bronze
18434.0,39017.7475,9,62.105633802816904,United Kingdom,30,0.5361252446183953,39017.7475,0,Silver
18436.0,33636.965,11,59.14942528735632,United Kingdom,93,0.5675254237288136,33636.965,0,Bronze
18438.0,26448.184999999998,7,56.839285714285715,France,210,0.4105587668593449,26448.184999999998,0,Bronze
18440.0,54414.5,13,51.13716814159292,United Kingdom,12,0.5458206896551724,54414.5,1,Gold
18441.0,45671.7825,10,58.88095238095238,United Kingdom,26,0.43547925608011445,45671.7825,0,Silver
18442.0,57652.729999999996,15,52.54761904761905,United Kingdom,22,0.7673949579831933,57652.729999999996,1,Gold
18444.0,44003.0125,12,54.61052631578947,United Kingdom,10,0.6047682119205298,44003.0125,0,Silver
18445.0,47170.405,9,58.83552631578947,United Kingdom,15,0.3794459833795014,47170.405,0,Silver
18446.0,77722.47499999999,17,60.2875,United Kingdom,4,0.8483278688524591,77722.47499999999,1,Gold
18448.0,35912.7725,11,51.592592592592595,United Kingdom,27,0.6819551934826884,35912.7725,0,Silver
18454.0,39309.4775,9,59.33582089552239,United Kingdom,24,0.3847752808988764,39309.4775,0,Silver
18455.0,38139.612499999996,8,58.96376811594203,United Kingdom,35,0.35970457902511077,38139.612499999996,0,Silver
18456.0,59593.829999999994,14,58.57936507936508,United Kingdom,76,0.6556307692307692,59593.829999999994,1,Gold
18457.0,29100.545,8,55.679245283018865,United Kingdom,24,0.4476470588235294,29100.545,0,Bronze
18460.0,35787.534999999996,9,51.75694444444444,United Kingdom,58,0.5188636363636363,35787.534999999996,0,Silver
18462.0,47140.965,12,52.71649484536083,United Kingdom,1,0.6802234636871509,47140.965,0,Silver
18463.0,37218.6175,8,57.18382352941177,Portugal,9,0.5305446623093681,37218.6175,0,Silver
18466.0,27095.922499999997,5,61.91304347826087,United Kingdom,138,0.2557983193277311,27095.922499999997,0,Bronze
18469.0,20979.975,6,56.826530612244895,United Kingdom,223,0.6233447098976109,20979.975,0,Bronze
18470.0,61926.9425,10,60.57471264367816,Portugal,257,0.6560344827586208,61926.9425,1,Gold
18472.0,35108.21,10,61.419117647058826,United Kingdom,22,0.5564899451553931,35108.21,0,Bronze
18473.0,27706.015,7,55.61538461538461,United Kingdom,5,0.34703583061889254,27706.015,0,Bronze
18475.0,62636.53,13,56.13865546218487,United Kingdom,11,0.579385065885798,62636.53,1,Gold
18478.0,74833.75499999999,14,58.53703703703704,Germany,26,0.6546236559139785,74833.75499999999,1,Gold
18480.0,40055.025,11,54.026595744680854,United Kingdom,14,0.547124183006536,40055.025,0,Silver
18481.0,6995.295,3,62.61904761904762,United Kingdom,164,0.2529639889196676,6995.295,0,Bronze
18483.0,44183.445,11,62.53086419753087,United Kingdom,134,0.5773103448275863,44183.445,0,Silver
18485.0,46146.59,12,53.26136363636363,United Kingdom,24,0.5144788732394366,46146.59,0,Silver
18486.0,51847.795,13,62.69230769230769,United Kingdom,33,0.6846366782006921,51847.795,0,Gold
18488.0,41518.2875,12,55.417582417582416,United Kingdom,8,0.5173937677053825,41518.2875,0,Silver
18492.0,47943.182499999995,14,57.66842105263158,France,20,0.6088,47943.182499999995,0,Silver
18494.0,17484.325,5,53.353658536585364,United Kingdom,59,0.35981087470449175,17484.325,0,Bronze
18496.0,47948.479999999996,10,56.0375,United Kingdom,4,0.42812939521800286,47948.479999999996,0,Silver
18497.0,44686.045,9,57.8051948051948,United Kingdom,155,0.5866381156316917,44686.045,0,Silver
18498.0,44264.97,10,57.80722891566265,United Kingdom,34,0.44179970972423804,44264.97,0,Silver
18499.0,30105.289999999997,6,65.57291666666667,United Kingdom,19,0.2876220472440945,30105.289999999997,0,Bronze
18500.0,43251.7425,9,57.037974683544306,United Kingdom,8,0.5791966173361522,43251.7425,0,Silver
18502.0,80000.37999999999,19,61.66556291390729,United Kingdom,20,0.8369898697539798,80000.37999999999,1,Gold
18504.0,76754.36499999999,14,62.776,United Kingdom,29,0.6230409356725146,76754.36499999999,1,Gold
18505.0,16351.13,5,45.714285714285715,United Kingdom,6,0.21497175141242938,16351.13,0,Bronze
18506.0,22426.82,7,49.34905660377358,United Kingdom,17,0.4523991507430998,22426.82,0,Bronze
18509.0,30307.3275,9,54.85606060606061,United Kingdom,11,0.48747330960854096,30307.3275,0,Bronze
18512.0,26189.32,8,53.9765625,United Kingdom,10,0.39790849673202616,26189.32,0,Bronze
18513.0,52087.8575,12,59.704081632653065,United Kingdom,1,0.4983356070941337,52087.8575,0,Gold
18514.0,32932.33,7,65.80357142857143,Belgium,138,0.36611683848797255,32932.33,0,Bronze
18517.0,49597.165,14,56.005208333333336,United Kingdom,12,0.6044822695035461,49597.165,0,Gold
18518.0,48646.5,14,54.495327102803735,United Kingdom,9,0.6360597014925373,48646.5,0,Silver
18520.0,28301.8,9,58.261538461538464,United Kingdom,6,0.48834224598930487,28301.8,0,Bronze
18521.0,37060.782499999994,9,53.29710144927536,United Kingdom,14,0.48747330960854096,37060.782499999994,0,Silver
18526.0,62530.642499999994,13,58.46153846153846,United Kingdom,82,0.6444951140065147,62530.642499999994,1,Gold
18529.0,59893.235,17,54.874015748031496,United Kingdom,9,0.7510595065312047,59893.235,1,Gold
18530.0,8781.235,3,57.30555555555556,United Kingdom,304,0.2955339805825243,8781.235,0,Bronze
18531.0,44732.5775,11,53.79113924050633,United Kingdom,53,0.5035187969924811,44732.5775,0,Silver
18535.0,77199.95999999999,16,60.30681818181818,France,3,0.6773852573018081,77199.95999999999,1,Gold
18538.0,48481.134999999995,10,58.50657894736842,United Kingdom,10,0.4192837465564739,48481.134999999995,0,Silver
18540.0,46621.22,13,58.52040816326531,United Kingdom,32,0.5743396226415094,46621.22,0,Silver
18542.0,41096.337499999994,12,56.12359550561798,Spain,52,0.5363876651982379,41096.337499999994,0,Silver
18543.0,60618.52,15,64.33018867924528,USA,5,0.8197486535008978,60618.52,1,Gold
18544.0,60285.8325,16,52.45238095238095,United Kingdom,19,0.68985835694051,60285.8325,1,Gold
18545.0,26105.545,8,53.40769230769231,United Kingdom,34,0.37349693251533744,26105.545,0,Bronze
18547.0,42036.6225,12,54.755,United Kingdom,40,0.6802234636871509,42036.6225,0,Silver
18549.0,35399.439999999995,7,65.78947368421052,United Kingdom,51,0.3194602698650675,35399.439999999995,0,Silver
18551.0,35509.3325,7,64.99090909090908,United Kingdom,25,0.39902621722846443,35509.3325,0,Silver
18552.0,27021.41,9,53.166666666666664,United Kingdom,223,0.5556997971602434,27021.41,0,Bronze
18553.0,20018.247499999998,7,50.61764705882353,United Kingdom,47,0.3185052316890882,20018.247499999998,0,Bronze
18555.0,44968.53,13,54.7979797979798,United Kingdom,4,0.5613049645390071,44968.53,0,Silver
18557.0,61853.915,16,56.91025641025641,Netherlands,3,0.6947788873038516,61853.915,1,Gold
18560.0,35932.17,11,64.79120879120879,United Kingdom,28,0.5306497622820919,35932.17,0,Silver
18563.0,32926.729999999996,7,62.12698412698413,United Kingdom,15,0.5097607655502393,32926.729999999996,0,Bronze
18564.0,52491.2175,15,61.47663551401869,United Kingdom,15,0.6476595744680851,52491.2175,0,Gold
18566.0,36942.92,9,57.44285714285714,France,14,0.38531645569620254,36942.92,0,Silver
18567.0,56563.645,13,56.87391304347826,United Kingdom,10,0.55268156424581,56563.645,1,Gold
18571.0,64034.409999999996,12,61.01030927835052,United Kingdom,12,0.5411555555555556,64034.409999999996,1,Gold
18574.0,39983.325,12,54.649484536082475,United Kingdom,9,0.5017582417582418,39983.325,0,Silver
18576.0,48007.0925,14,55.972477064220186,USA,12,0.592712100139082,48007.0925,0,Silver
18581.0,45901.252499999995,11,64.10625,United Kingdom,8,0.5340350877192983,45901.252499999995,0,Silver
18582.0,45695.0775,12,58.01111111111111,United Kingdom,45,0.5348169838945828,45695.0775,0,Silver
18584.0,44888.145,9,60.87179487179487,United Kingdom,98,0.5446520874751491,44888.145,0,Silver
18585.0,67693.1975,14,57.1747572815534,United Kingdom,9,0.761,67693.1975,1,Gold
18586.0,73585.89749999999,14,55.412213740458014,Switzerland,4,0.6257856093979441,73585.89749999999,1,Gold
18587.0,53705.975,9,59.24025974025974,United Kingdom,5,0.3858591549295775,53705.975,1,Gold
18592.0,79042.86499999999,18,57.408496732026144,United Kingdom,6,0.8521306376360809,79042.86499999999,1,Gold
18595.0,20202.27,7,63.07843137254902,Switzerland,3,0.30747474747474746,20202.27,0,Bronze
18598.0,15140.43,6,54.11904761904762,Netherlands,217,0.5551367781155016,15140.43,0,Bronze
18599.0,56660.8425,15,65.5,United Kingdom,4,0.7522240527182867,56660.8425,1,Gold
18600.0,33786.667499999996,9,59.4296875,United Kingdom,22,0.48063157894736847,33786.667499999996,0,Bronze
18603.0,30259.895,11,51.00657894736842,United Kingdom,31,0.48810495626822165,30259.895,0,Bronze
18604.0,43625.47,10,60.35625,United Kingdom,119,0.5056478405315615,43625.47,0,Silver
18605.0,33175.76,9,59.45783132530121,United Kingdom,10,0.5017582417582418,33175.76,0,Bronze
18606.0,25352.325,7,54.93269230769231,United Kingdom,47,0.39679702048417137,25352.325,0,Bronze
18607.0,53217.597499999996,11,60.57692307692308,United Kingdom,2,0.47360678925035365,53217.597499999996,1,Gold
18608.0,94570.545,19,59.355345911949684,United Kingdom,18,0.9687772194304859,94570.545,1,Gold
18609.0,28760.024999999998,7,51.064516129032256,United Kingdom,215,0.5697326203208556,28760.024999999998,0,Bronze
18612.0,45829.924999999996,10,57.333333333333336,United Kingdom,22,0.4424418604651163,45829.924999999996,0,Silver
18613.0,52160.685,12,57.272222222222226,United Kingdom,21,0.6254794520547945,52160.685,0,Gold
18619.0,38293.0,10,52.454081632653065,United Kingdom,54,0.4570570570570571,38293.0,0,Silver
18620.0,31125.77,10,52.67948717948718,United Kingdom,199,0.6462845010615711,31125.77,0,Bronze
18621.0,68083.9025,19,58.12676056338028,United Kingdom,8,0.8215340909090909,68083.9025,1,Gold
18622.0,32735.867499999997,7,61.1875,United Kingdom,97,0.46933920704845816,32735.867499999997,0,Bronze
18623.0,61584.04,16,49.268115942028984,United Kingdom,16,0.6783286908077996,61584.04,1,Gold
18626.0,26154.7975,7,65.50892857142857,Portugal,31,0.3725174825174825,26154.7975,0,Bronze
18627.0,60842.47,18,56.8277027027027,Germany,12,0.7588919667590028,60842.47,1,Gold
18628.0,66849.3475,16,60.97154471544715,United Kingdom,3,0.7048335745296672,66849.3475,1,Gold
18629.0,59731.965,14,58.02049180327869,United Kingdom,3,0.580599455040872,59731.965,1,Gold
18634.0,30589.977499999997,5,62.226190476190474,France,2,0.3345054945054945,30589.977499999997,0,Bronze
18635.0,39259.3575,9,56.77272727272727,United Kingdom,5,0.44115942028985505,39259.3575,0,Silver
18636.0,37322.08,11,58.44210526315789,Netherlands,69,0.5823304347826087,37322.08,0,Silver
18638.0,29064.454999999998,9,58.36666666666667,United Kingdom,126,0.4691095890410959,29064.454999999998,0,Bronze
18641.0,31529.524999999998,10,48.970238095238095,United Kingdom,181,0.6394957983193278,31529.524999999998,0,Bronze
18642.0,31040.5,10,52.8876404494382,United Kingdom,21,0.4311614730878187,31040.5,0,Bronze
18643.0,49483.5375,14,49.78947368421053,United Kingdom,9,0.638920539730135,49483.5375,0,Gold
18644.0,36022.65,9,55.71153846153846,United Kingdom,31,0.3880453257790369,36022.65,0,Silver
18647.0,43009.3425,10,60.11797752808989,United Kingdom,7,0.471937984496124,43009.3425,0,Silver
18651.0,48496.847499999996,14,54.3177570093458,United Kingdom,52,0.6427752639517346,48496.847499999996,0,Silver
18654.0,55123.409999999996,15,55.208333333333336,United Kingdom,6,0.635933147632312,55123.409999999996,1,Gold
18656.0,43591.9975,8,56.395833333333336,United Kingdom,22,0.39404530744336574,43591.9975,0,Silver
18657.0,34105.39,6,56.02777777777778,USA,8,0.2831627906976744,34105.39,0,Bronze
18658.0,30091.2025,8,54.284615384615385,Germany,174,0.44115942028985505,30091.2025,0,Bronze
18659.0,52476.829999999994,10,55.243589743589745,United Kingdom,14,0.42994350282485877,52476.829999999994,0,Gold
18660.0,38873.7975,13,60.55,United Kingdom,81,0.6032317073170732,38873.7975,0,Silver
18664.0,74020.075,18,56.70783132530121,United Kingdom,68,0.8301818181818182,74020.075,1,Gold
18670.0,35591.6975,9,55.22463768115942,Belgium,27,0.40111273792093705,35591.6975,0,Silver
18671.0,43808.125,13,62.1123595505618,United Kingdom,16,0.5519107391910739,43808.125,0,Silver
18672.0,26269.63,9,53.97727272727273,United Kingdom,81,0.4234312210200928,26269.63,0,Bronze
18673.0,18742.3175,4,66.05882352941177,Belgium,370,0.34988505747126436,18742.3175,0,Bronze
18678.0,58277.3175,13,63.810679611650485,United Kingdom,26,0.5581382228490832,58277.3175,1,Gold
18679.0,41257.775,11,52.5,United Kingdom,16,0.6833469387755102,41257.775,0,Silver
18680.0,69910.1225,12,66.385,United Kingdom,56,0.5492932330827067,69910.1225,1,Gold
18681.0,49081.307499999995,14,57.77884615384615,United Kingdom,5,0.700921052631579,49081.307499999995,0,Gold
18682.0,38537.3425,10,58.644578313253014,United Kingdom,35,0.6546236559139785,38537.3425,0,Silver
18686.0,33647.744999999995,7,60.368852459016395,United Kingdom,24,0.44115942028985505,33647.744999999995,0,Bronze
18687.0,22147.765,5,51.625,United Kingdom,95,0.35560747663551406,22147.765,0,Bronze
18688.0,17394.1475,4,65.3030303030303,United Kingdom,40,0.26072805139186295,17394.1475,0,Bronze
18689.0,46285.9225,10,58.24691358024691,United Kingdom,14,0.4251396648044693,46285.9225,0,Silver
18690.0,51349.0775,10,59.24444444444445,United Kingdom,10,0.5359154929577464,51349.0775,0,Gold
18691.0,45188.784999999996,10,58.05113636363637,United Kingdom,7,0.4411594202898551,45188.784999999996,0,Silver
18693.0,13432.404999999999,6,52.361111111111114,United Kingdom,70,0.3869491525423729,13432.404999999999,0,Bronze
18696.0,43727.7125,11,54.068627450980394,United Kingdom,37,0.5665651438240271,43727.7125,0,Silver
18699.0,29084.28,10,53.68518518518518,United Kingdom,31,0.52573402417962,29084.28,0,Bronze
18703.0,46008.659999999996,9,62.482142857142854,United Kingdom,3,0.3869491525423729,46008.659999999996,0,Silver
18706.0,49377.447499999995,10,52.90659340659341,United Kingdom,32,0.46261398176291796,49377.447499999995,0,Gold
18707.0,31122.43,9,55.50666666666667,United Kingdom,3,0.4376357827476039,31122.43,0,Bronze
18708.0,42199.1425,12,51.77272727272727,United Kingdom,65,0.5698595943837753,42199.1425,0,Silver
18709.0,30537.124999999996,8,54.114754098360656,United Kingdom,28,0.46921001926782274,30537.124999999996,0,Bronze
18710.0,52730.377499999995,15,61.53478260869565,United Kingdom,31,0.6665693430656934,52730.377499999995,1,Gold
18711.0,44169.752499999995,11,52.564935064935064,United Kingdom,10,0.5637037037037037,44169.752499999995,0,Silver
18712.0,19280.595,7,58.1063829787234,United Kingdom,3,0.28990476190476194,19280.595,0,Bronze
18713.0,36682.035,8,48.992753623188406,United Kingdom,28,0.4072240802675586,36682.035,0,Silver
18714.0,44735.15,14,56.364583333333336,United Kingdom,33,0.6053409090909091,44735.15,0,Silver
18716.0,50110.75,13,57.44144144144144,United Kingdom,11,0.6508552631578948,50110.75,0,Gold
18717.0,29305.3075,6,57.490566037735846,Netherlands,17,0.2543732590529248,29305.3075,0,Bronze
18719.0,23931.22,7,50.535714285714285,Portugal,6,0.4066412213740458,23931.22,0,Bronze
18723.0,40476.854999999996,10,49.31111111111111,France,25,0.46473282442748093,40476.854999999996,0,Silver
18725.0,26028.555,5,52.635416666666664,United Kingdom,253,0.33304157549234137,26028.555,0,Bronze
18727.0,50017.415,11,52.44607843137255,United Kingdom,28,0.4845730824891462,50017.415,0,Gold
18728.0,27335.73,11,48.87777777777778,United Kingdom,2,0.5081031866464341,27335.73,0,Bronze
18729.0,59032.7975,14,60.36725663716814,United Kingdom,4,0.8896868475991649,59032.7975,1,Gold
18730.0,23464.524999999998,7,51.09574468085106,United Kingdom,14,0.30791907514450867,23464.524999999998,0,Bronze
18731.0,36552.909999999996,11,51.364197530864196,United Kingdom,42,0.4902489019033675,36552.909999999996,0,Silver
18732.0,23598.824999999997,6,47.861702127659576,United Kingdom,4,0.427728337236534,23598.824999999997,0,Bronze
18733.0,32207.42,9,59.82608695652174,United Kingdom,10,0.41383685800604236,32207.42,0,Bronze
18735.0,30981.5975,9,55.68115942028985,United Kingdom,11,0.43007849293563577,30981.5975,0,Bronze
18736.0,43527.3125,8,64.28571428571429,United Kingdom,15,0.531703056768559,43527.3125,0,Silver
18739.0,59238.87,12,57.82380952380952,United Kingdom,82,0.5602453987730062,59238.87,1,Gold
18740.0,65826.4675,14,55.80357142857143,United Kingdom,25,0.6829487179487179,65826.4675,1,Gold
18742.0,29223.295,8,54.75409836065574,United Kingdom,10,0.47655577299412916,29223.295,0,Bronze
18743.0,24677.055,7,50.77358490566038,United Kingdom,50,0.41698630136986303,24677.055,0,Bronze
18744.0,60798.085,11,55.26470588235294,United Kingdom,12,0.6166482504604052,60798.085,1,Gold
18746.0,56741.9625,14,62.38383838383838,United Kingdom,12,0.5985393258426966,56741.9625,1,Gold
18749.0,33238.8225,9,60.8,United Kingdom,8,0.7738983050847458,33238.8225,0,Bronze
18751.0,17945.31,6,46.27272727272727,United Kingdom,27,0.31708333333333333,17945.31,0,Bronze
18756.0,44733.645,11,55.99431818181818,United Kingdom,2,0.46184827586206895,44733.645,0,Silver
18757.0,48738.49,11,56.83644859813084,Belgium,12,0.499016393442623,48738.49,0,Silver
18758.0,54220.347499999996,11,56.81318681318681,Germany,11,0.4683076923076923,54220.347499999996,1,Gold
18761.0,42116.845,8,61.45522388059702,United Kingdom,10,0.5270995670995672,42116.845,0,Silver
18762.0,46404.4075,10,65.35483870967742,United Kingdom,24,0.4998357963875205,46404.4075,0,Silver
18763.0,37012.655,9,49.732394366197184,United Kingdom,183,1.0222388059701493,37012.655,0,Silver
18765.0,49917.745,12,63.39655172413793,United Kingdom,21,0.5144788732394366,49917.745,0,Gold
18766.0,33893.155,9,46.1375,United Kingdom,25,0.3858591549295775,33893.155,0,Bronze
18768.0,67242.7825,15,59.0,United Kingdom,51,0.6714705882352942,67242.7825,1,Gold
18771.0,45278.4375,11,61.523529411764706,Spain,158,0.5936879432624114,45278.4375,0,Silver
18775.0,70537.7375,14,57.604166666666664,United Kingdom,38,0.7398611111111111,70537.7375,1,Gold
18776.0,50240.985,10,60.80681818181818,United Kingdom,21,0.43735632183908046,50240.985,0,Gold
18778.0,44178.515,12,53.5959595959596,Switzerland,1,0.5340350877192983,44178.515,0,Silver
18779.0,35859.075,10,55.668539325842694,United Kingdom,137,0.6100200400801603,35859.075,0,Silver
18781.0,32625.3775,8,49.816901408450704,France,17,0.4333096085409253,32625.3775,0,Bronze
18783.0,37856.667499999996,13,56.96987951807229,United Kingdom,2,0.5398635743519782,37856.667499999996,0,Silver
18785.0,50981.5625,11,56.441489361702125,United Kingdom,7,0.4838728323699422,50981.5625,0,Gold
18788.0,51147.9675,12,50.285714285714285,United Kingdom,27,0.5340350877192983,51147.9675,0,Gold
18789.0,52394.1225,14,56.9030612244898,United Kingdom,7,0.6019209039548022,52394.1225,0,Gold
18790.0,20632.91,7,60.30701754385965,United Kingdom,18,0.3009604519774011,20632.91,0,Bronze
18792.0,32412.649999999998,9,48.397260273972606,United Kingdom,25,0.39305595408895266,32412.649999999998,0,Bronze
18795.0,36945.2325,8,62.660377358490564,United Kingdom,197,0.5062785862785862,36945.2325,0,Silver
18796.0,52518.962499999994,13,53.379629629629626,United Kingdom,7,0.5542296918767508,52518.962499999994,0,Gold
18797.0,38762.46,10,52.50574712643678,United Kingdom,14,0.46830769230769237,38762.46,0,Silver
18799.0,58703.7675,19,53.303030303030305,United Kingdom,29,0.8262285714285714,58703.7675,1,Gold
18800.0,30385.71,9,50.26470588235294,United Kingdom,20,0.43903846153846154,30385.71,0,Bronze
18803.0,42928.159999999996,9,55.71518987341772,United Kingdom,3,0.38970128022759604,42928.159999999996,0,Silver
18809.0,53895.8025,13,57.8348623853211,United Kingdom,7,0.723436928702011,53895.8025,1,Gold
18810.0,45599.365,11,54.19021739130435,United Kingdom,5,0.5637037037037037,45599.365,0,Silver
18812.0,34465.46,11,59.68421052631579,United Kingdom,86,0.518328173374613,34465.46,0,Bronze
18813.0,35744.715,10,55.63235294117647,United Kingdom,146,0.5176870748299319,35744.715,0,Silver
18814.0,24503.56,5,56.513888888888886,United Kingdom,38,0.3466970387243736,24503.56,0,Bronze
18815.0,52897.667499999996,13,52.85263157894737,United Kingdom,14,0.6718505942275044,52897.667499999996,1,Gold
18817.0,28271.359999999997,8,53.70161290322581,Germany,80,0.3966123778501629,28271.359999999997,0,Bronze
18820.0,41158.525,12,59.17894736842105,United Kingdom,21,0.5115966386554622,41158.525,0,Silver
18822.0,66550.325,12,60.533018867924525,United Kingdom,95,0.5788906497622821,66550.325,1,Gold
18823.0,34583.7825,9,55.279411764705884,United Kingdom,15,0.7266843501326261,34583.7825,0,Bronze
18824.0,44484.5825,12,59.07692307692308,United Kingdom,111,0.6776994434137291,44484.5825,0,Silver
18826.0,49814.99,9,62.082352941176474,United Kingdom,55,0.4781151832460734,49814.99,0,Gold
18827.0,23770.985,13,50.94230769230769,United Kingdom,1,0.9699019607843138,23770.985,0,Bronze
18829.0,65783.68,14,57.93055555555556,United Kingdom,2,0.6556307692307692,65783.68,1,Gold
18830.0,27516.015,8,58.19565217391305,United Kingdom,3,0.43253996447602133,27516.015,0,Bronze
18832.0,48853.8725,9,55.29012345679013,United Kingdom,152,0.4857446808510638,48853.8725,0,Silver
18833.0,75479.1275,17,54.693661971830984,United Kingdom,13,0.7413753581661892,75479.1275,1,Gold
18834.0,39045.28,9,56.33529411764706,United Kingdom,68,0.5435714285714286,39045.28,0,Silver
18835.0,58525.407499999994,13,55.94090909090909,United Kingdom,115,0.6455464926590538,58525.407499999994,1,Gold
18836.0,75403.9225,18,55.71153846153846,United Kingdom,9,0.8034017595307918,75403.9225,1,Gold
18839.0,23565.555,6,49.604651162790695,United Kingdom,20,0.4058666666666667,23565.555,0,Bronze
18840.0,37927.7175,11,58.09659090909091,United Kingdom,119,0.547124183006536,37927.7175,0,Silver
18841.0,49342.822499999995,14,47.39090909090909,United Kingdom,6,0.599381153305204,49342.822499999995,0,Gold
18842.0,45497.112499999996,11,54.47422680412371,Germany,52,0.7644748858447489,45497.112499999996,0,Silver
18843.0,58255.005,12,54.63181818181818,United Kingdom,239,0.7409330628803247,58255.005,1,Gold
18845.0,45879.8725,7,56.93636363636364,United Kingdom,11,0.3313841368584759,45879.8725,0,Silver
18846.0,54645.1325,6,60.33050847457627,United Kingdom,14,0.27423423423423426,54645.1325,1,Gold
18847.0,47938.27,13,53.49047619047619,Germany,35,0.5726772793053546,47938.27,0,Silver
18848.0,28844.2875,9,57.892405063291136,United Kingdom,33,0.4619898819561552,28844.2875,0,Bronze
18849.0,42415.465,8,60.21666666666667,United Kingdom,19,0.4294885361552028,42415.465,0,Silver
18854.0,68772.1875,12,57.32272727272727,France,49,0.8801927710843374,68772.1875,1,Gold
18856.0,36310.335,9,47.416666666666664,United Kingdom,18,0.5319611650485437,36310.335,0,Silver
18857.0,31675.535,11,53.99333333333333,United Kingdom,16,0.4683076923076923,31675.535,0,Bronze
18860.0,85082.3125,15,63.403225806451616,United Kingdom,1,0.6315352697095437,85082.3125,1,Gold
18861.0,44022.965,11,62.1,United Kingdom,26,0.5289731437598736,44022.965,0,Silver
18862.0,70697.5725,17,55.265306122448976,United Kingdom,23,0.7278199718706049,70697.5725,1,Gold
18863.0,23775.885,3,57.90625,United Kingdom,347,0.285375,23775.885,0,Bronze
18865.0,18466.075,6,48.9054054054054,United Kingdom,15,0.48965147453083113,18466.075,0,Bronze
18866.0,24013.1125,6,53.45192307692308,United Kingdom,16,0.3028855721393035,24013.1125,0,Bronze
18867.0,39496.8525,10,53.806666666666665,United Kingdom,35,0.4570570570570571,39496.8525,0,Silver
18868.0,43316.1225,8,65.76760563380282,United Kingdom,2,0.3396373779637378,43316.1225,0,Silver
18869.0,24902.385,6,58.170731707317074,United Kingdom,25,0.25760225669957687,24902.385,0,Bronze
18870.0,39874.0825,11,52.648809523809526,United Kingdom,14,0.47227080394922427,39874.0825,0,Silver
18872.0,70737.405,16,56.24809160305343,United Kingdom,16,0.6987661406025825,70737.405,1,Gold
18873.0,22188.585,6,47.5188679245283,United Kingdom,342,0.9086567164179105,22188.585,0,Bronze
18875.0,25487.665,9,51.028169014084504,Netherlands,35,0.4280625,25487.665,0,Bronze
18876.0,54069.47,12,56.6958762886598,United Kingdom,75,0.6511229946524065,54069.47,1,Gold
18879.0,50296.167499999996,10,59.712765957446805,United Kingdom,87,0.475625,50296.167499999996,0,Gold
18881.0,35672.925,9,60.59493670886076,United Kingdom,34,0.45432835820895523,35672.925,0,Silver
18884.0,50023.765,12,58.71808510638298,United Kingdom,12,0.5137552742616034,50023.765,0,Gold
18885.0,56131.10249999999,8,68.23809523809524,United Kingdom,41,0.37009118541033437,56131.10249999999,1,Gold
18886.0,37593.0225,11,56.34375,United Kingdom,8,0.5589983305509182,37593.0225,0,Silver
18888.0,48668.8575,11,54.855670103092784,United Kingdom,11,0.5803119584055461,48668.8575,0,Silver
18889.0,23401.925,7,58.611111111111114,United Kingdom,85,0.34423263327948306,23401.925,0,Bronze
18892.0,20495.52,6,65.48,United Kingdom,46,0.324404973357016,20495.52,0,Bronze
18897.0,35768.385,7,53.9375,United Kingdom,144,0.36548885077186966,35768.385,0,Silver
18901.0,46277.2575,10,53.0,United Kingdom,35,0.4386167146974064,46277.2575,0,Silver
18903.0,45061.845,11,56.994791666666664,United Kingdom,5,0.47227080394922427,45061.845,0,Silver
18904.0,56523.265,11,62.083333333333336,United Kingdom,5,0.46962131837307153,56523.265,1,Gold
18905.0,75041.22499999999,17,61.33582089552239,United Kingdom,8,0.8741216216216217,75041.22499999999,1,Gold
18906.0,31859.105,9,53.213235294117645,United Kingdom,22,0.39475504322766575,31859.105,0,Bronze
18907.0,44854.2475,12,57.715,United Kingdom,177,0.6534525939177103,44854.2475,0,Silver
18909.0,38822.315,8,65.5958904109589,United Kingdom,24,0.3667469879518072,38822.315,0,Silver
18913.0,46123.195,8,66.29166666666667,Germany,50,0.46473282442748093,46123.195,0,Silver
18915.0,61851.0625,16,51.518248175182485,United Kingdom,1,0.6745706371191137,61851.0625,1,Gold
18917.0,17715.3275,5,63.03658536585366,United Kingdom,16,0.46121212121212124,17715.3275,0,Bronze
18921.0,41647.6925,10,59.03658536585366,Spain,20,0.4305516265912306,41647.6925,0,Silver
18922.0,49091.43,10,53.68452380952381,United Kingdom,13,0.7424390243902439,49091.43,0,Gold
18923.0,35299.932499999995,6,54.69230769230769,United Kingdom,131,0.38450526315789474,35299.932499999995,0,Silver
18924.0,36130.15,10,60.80263157894737,United Kingdom,14,0.43547925608011445,36130.15,0,Silver
18925.0,31673.9525,5,60.31944444444444,United Kingdom,261,0.3572769953051643,31673.9525,0,Bronze
18927.0,20910.76,7,59.89423076923077,United Kingdom,1,0.3902564102564103,20910.76,0,Bronze
18929.0,35040.06,10,50.870370370370374,United Kingdom,13,0.4293370944992948,35040.06,0,Bronze
18934.0,31436.535,10,48.74324324324324,United Kingdom,6,0.5056478405315615,31436.535,0,Bronze
18935.0,34928.885,11,53.76288659793814,France,32,0.5340350877192983,34928.885,0,Bronze
18936.0,58775.6075,14,53.609243697478995,United Kingdom,53,0.7623613595706619,58775.6075,1,Gold
18937.0,37300.085,11,55.47282608695652,United Kingdom,11,0.4605777166437414,37300.085,0,Silver
18938.0,32866.7975,9,59.20454545454545,United Kingdom,29,0.39362068965517244,32866.7975,0,Bronze
18939.0,43367.6875,12,51.608695652173914,United Kingdom,81,0.5672049689440993,43367.6875,0,Silver
18943.0,41372.877499999995,13,48.086363636363636,United Kingdom,19,0.571024531024531,41372.877499999995,0,Silver
18944.0,38813.64,10,52.84375,Germany,72,0.4957654723127036,38813.64,0,Silver
18945.0,45410.549999999996,11,58.30769230769231,United Kingdom,7,0.475625,45410.549999999996,0,Silver
18946.0,36806.579999999994,8,52.008620689655174,United Kingdom,10,0.3401117318435754,36806.579999999994,0,Silver
18952.0,16601.7,6,61.92045454545455,United Kingdom,223,0.4307547169811321,16601.7,0,Bronze
18953.0,52922.295,14,55.703125,France,7,0.6466767830045523,52922.295,1,Gold
18958.0,64920.11,18,59.02892561983471,United Kingdom,105,0.9749466192170819,64920.11,1,Gold
18959.0,62078.299999999996,14,57.94583333333333,United Kingdom,33,0.6096709585121602,62078.299999999996,1,Gold
18961.0,41940.51,11,61.116883116883116,Germany,21,0.6630495049504951,41940.51,0,Silver
18962.0,30886.98,11,51.34567901234568,United Kingdom,3,0.6489147286821705,30886.98,0,Bronze
18964.0,37704.67,8,59.15,Spain,245,0.5811933174224344,37704.67,0,Silver
18965.0,71943.9475,15,60.28455284552845,United Kingdom,7,0.6271978021978022,71943.9475,1,Gold
18966.0,43068.792499999996,10,49.77906976744186,United Kingdom,2,0.42219140083217754,43068.792499999996,0,Silver
18970.0,32755.38,12,53.76086956521739,United Kingdom,52,0.5517824773413897,32755.38,0,Bronze
18971.0,43743.775,12,57.197916666666664,United Kingdom,11,0.5052282157676349,43743.775,0,Silver
18975.0,84862.66,20,59.92011834319526,United Kingdom,3,0.8351165980795611,84862.66,1,Gold
18976.0,27113.399999999998,9,53.30434782608695,Spain,29,0.4017008797653959,27113.399999999998,0,Bronze
18977.0,33695.14,7,54.325,United Kingdom,91,0.4766890380313199,33695.14,0,Bronze
18979.0,68879.00499999999,16,57.345588235294116,Netherlands,22,0.6947788873038516,68879.00499999999,1,Gold
18980.0,40840.095,10,56.81481481481482,United Kingdom,15,0.42812939521800286,40840.095,0,Silver
18982.0,31334.46,7,57.416666666666664,United Kingdom,20,0.30353276353276354,31334.46,0,Bronze
18984.0,60696.835,13,60.10176991150443,United Kingdom,14,0.5534545454545455,60696.835,1,Gold
18985.0,60784.115,14,58.99180327868852,Switzerland,6,0.592712100139082,60784.115,1,Gold
18986.0,34431.0775,8,53.01538461538462,United Kingdom,24,0.34444130127298445,34431.0775,0,Bronze
18988.0,48121.18749999999,8,58.80508474576271,United Kingdom,1,0.3805,48121.18749999999,0,Silver
18991.0,42216.115,9,56.27777777777778,United Kingdom,3,0.416986301369863,42216.115,0,Silver
18994.0,49916.465,11,61.11363636363637,United Kingdom,28,0.47227080394922427,49916.465,0,Gold
18998.0,32666.325,10,58.088235294117645,United Kingdom,18,0.5922178988326848,32666.325,0,Bronze
19001.0,52105.39,11,61.71686746987952,United Kingdom,35,0.49679525222551935,52105.39,0,Gold
19002.0,25232.4475,8,65.76315789473684,United Kingdom,8,0.3586450662739323,25232.4475,0,Bronze
19004.0,28185.6325,8,59.76851851851852,United Kingdom,97,0.39404530744336574,28185.6325,0,Bronze
19005.0,56137.3425,13,60.825688073394495,Spain,9,0.7314602587800371,56137.3425,1,Gold
19006.0,76210.97499999999,15,61.558035714285715,United Kingdom,8,0.6315352697095437,76210.97499999999,1,Gold
19008.0,47653.44,12,55.39784946236559,United Kingdom,9,0.5188636363636364,47653.44,0,Silver
19009.0,73877.4625,11,61.302083333333336,United Kingdom,10,0.4945937961595273,73877.4625,1,Gold
19010.0,54068.165,14,57.86086956521739,United Kingdom,20,0.6427752639517346,54068.165,1,Gold
19011.0,33248.5,12,58.15432098765432,United Kingdom,6,0.5611059907834102,33248.5,0,Bronze
19013.0,60329.6525,13,61.84134615384615,United Kingdom,12,0.6251500789889415,60329.6525,1,Gold
19014.0,22196.12,6,54.706896551724135,France,60,0.2926923076923077,22196.12,0,Bronze
19017.0,31862.059999999998,8,58.54225352112676,United Kingdom,7,0.344929178470255,31862.059999999998,0,Bronze
19018.0,33265.415,10,49.82142857142857,United Kingdom,11,0.4311614730878187,33265.415,0,Bronze
19020.0,56653.505,15,58.09349593495935,Netherlands,38,0.7156739811912226,56653.505,1,Gold
19021.0,50626.8525,10,56.0959595959596,United Kingdom,87,0.48860353130016054,50626.8525,0,Gold
19022.0,38843.225,11,45.37244897959184,United Kingdom,5,0.4866860465116279,38843.225,0,Silver
19023.0,19817.4925,5,55.66216216216216,Netherlands,105,0.5992125984251968,19817.4925,0,Bronze
19024.0,37059.93,9,56.21604938271605,United Kingdom,128,0.4723448275862069,37059.93,0,Silver
19025.0,43103.94,11,46.84239130434783,United Kingdom,8,0.5979285714285714,43103.94,0,Silver
19026.0,49772.905,14,55.67821782178218,Netherlands,73,0.6418072289156627,49772.905,0,Gold
19027.0,72217.895,15,58.172413793103445,United Kingdom,12,0.6430985915492958,72217.895,1,Gold
19029.0,33785.354999999996,11,52.97093023255814,USA,13,0.5884710017574694,33785.354999999996,0,Bronze
19030.0,64926.5475,14,59.925925925925924,United Kingdom,36,0.6617391304347826,64926.5475,1,Gold
19032.0,42148.28,12,59.73626373626374,United Kingdom,51,0.5559817351598173,42148.28,0,Silver
19033.0,53869.1775,14,55.8,United Kingdom,22,1.0445098039215688,53869.1775,1,Gold
19034.0,31528.945,7,58.88392857142857,United Kingdom,183,0.9470222222222223,31528.945,0,Bronze
19037.0,47873.085,11,54.76237623762376,United Kingdom,52,0.6918181818181819,47873.085,0,Silver
19038.0,38038.0175,12,58.208333333333336,United Kingdom,20,0.5173937677053825,38038.0175,0,Silver
19039.0,52547.055,14,57.361111111111114,United Kingdom,19,0.6341666666666667,52547.055,0,Gold
19042.0,48972.024999999994,11,54.88947368421053,United Kingdom,70,0.6282176360225141,48972.024999999994,0,Gold
19044.0,22855.52,6,55.857142857142854,United Kingdom,76,0.2827244582043344,22855.52,0,Bronze
19046.0,43871.28,10,55.876543209876544,United Kingdom,10,0.6015810276679843,43871.28,0,Silver
19048.0,16729.524999999998,6,43.78260869565217,United Kingdom,40,0.26241379310344826,16729.524999999998,0,Bronze
19049.0,29471.535,10,55.49285714285714,United Kingdom,21,0.440520984081042,29471.535,0,Bronze
19050.0,46418.0275,12,61.48765432098765,United Kingdom,36,0.5286251808972504,46418.0275,0,Silver
19053.0,49559.869999999995,13,59.463541666666664,United Kingdom,32,0.5702017291066283,49559.869999999995,0,Gold
19056.0,25312.03,9,50.631147540983605,Spain,36,0.39819767441860465,25312.03,0,Bronze
19057.0,36329.409999999996,11,53.723684210526315,United Kingdom,38,0.4866860465116279,36329.409999999996,0,Silver
19058.0,22376.045,7,57.29090909090909,United Kingdom,38,0.32187311178247735,22376.045,0,Bronze
19059.0,34787.222499999996,8,60.36363636363637,Spain,151,0.4294885361552028,34787.222499999996,0,Bronze
19060.0,54191.41499999999,14,54.620370370370374,United Kingdom,12,0.6360597014925373,54191.41499999999,1,Gold
19061.0,55769.67,15,58.75,United Kingdom,7,0.6394957983193278,55769.67,1,Gold
19062.0,20813.329999999998,10,52.62676056338028,United Kingdom,26,0.4287323943661972,20813.329999999998,0,Bronze
19064.0,55653.712499999994,15,55.61440677966102,France,18,0.9113772455089821,55653.712499999994,1,Gold
19065.0,24745.915,8,46.3359375,Belgium,22,0.34106442577030815,24745.915,0,Bronze
19068.0,48942.13,13,55.51904761904762,United Kingdom,16,0.5565682137834037,48942.13,0,Gold
19072.0,50629.2625,13,49.93939393939394,United Kingdom,11,0.5941741741741743,50629.2625,0,Gold
19073.0,35115.9825,9,61.28395061728395,Germany,1,0.5139962476547844,35115.9825,0,Bronze
19074.0,29262.164999999997,8,53.233870967741936,United Kingdom,51,0.4534823091247673,29262.164999999997,0,Bronze
19076.0,51550.5125,11,51.479166666666664,United Kingdom,54,0.4960592592592593,51550.5125,0,Gold
19078.0,37155.104999999996,8,58.35294117647059,United Kingdom,16,0.35446870451237267,37155.104999999996,0,Silver
19080.0,56704.627499999995,13,58.15909090909091,United Kingdom,11,0.5503755215577191,56704.627499999995,1,Gold
19081.0,41808.955,10,54.40853658536585,United Kingdom,13,0.4348571428571429,41808.955,0,Silver
19085.0,45446.22,10,55.96078431372549,USA,32,0.47711598746081507,45446.22,0,Silver
19086.0,27680.879999999997,7,49.644067796610166,USA,7,0.2955339805825243,27680.879999999997,0,Bronze
19087.0,59517.947499999995,13,60.872549019607845,United Kingdom,16,0.5613049645390071,59517.947499999995,1,Gold
19091.0,18509.125,5,53.464285714285715,United Kingdom,98,0.24828711256117453,18509.125,0,Bronze
19093.0,59980.52,13,55.41489361702128,United Kingdom,30,0.5906268656716418,59980.52,1,Gold
19094.0,20386.805,7,50.95918367346939,United Kingdom,13,0.3083646888567294,20386.805,0,Bronze
19095.0,45135.9025,9,64.61029411764706,United Kingdom,51,0.5198481973434536,45135.9025,0,Silver
19097.0,22468.095,4,56.13157894736842,United Kingdom,96,0.19638709677419355,22468.095,0,Bronze
19098.0,24266.649999999998,4,54.73076923076923,United Kingdom,19,0.17595375722543352,24266.649999999998,0,Bronze
19099.0,40466.2175,10,57.21604938271605,United Kingdom,19,0.4570570570570571,40466.2175,0,Silver
19100.0,37911.655,8,55.82539682539682,France,59,0.7058550724637682,37911.655,0,Silver
19101.0,40901.24,12,52.68617021276596,United Kingdom,1,0.5059279778393352,40901.24,0,Silver
19102.0,39751.04,10,50.67333333333333,United Kingdom,16,0.4386167146974064,39751.04,0,Silver
19103.0,48812.534999999996,11,57.04651162790697,United Kingdom,115,0.5507236842105263,48812.534999999996,0,Silver
19105.0,53028.46,11,56.96875,United Kingdom,1,0.525651491365777,53028.46,1,Gold
19108.0,19908.995,5,54.880434782608695,United Kingdom,10,0.24430176565008027,19908.995,0,Bronze
19109.0,47361.759999999995,10,53.227777777777774,United Kingdom,68,0.6997701149425287,47361.759999999995,0,Silver
19110.0,63295.13,14,59.18627450980392,United Kingdom,106,0.7079069767441861,63295.13,1,Gold
19112.0,62564.829999999994,14,55.81304347826087,United Kingdom,39,0.6149494949494949,62564.829999999994,1,Gold
19113.0,41722.4375,9,54.68023255813954,United Kingdom,178,0.49362162162162165,41722.4375,0,Silver
19114.0,68946.8225,15,57.825581395348834,United Kingdom,13,0.6970992366412214,68946.8225,1,Gold
19115.0,35346.182499999995,10,61.388888888888886,United Kingdom,50,0.45500747384155454,35346.182499999995,0,Silver
19116.0,53245.555,16,57.47727272727273,United Kingdom,196,0.9259315589353613,53245.555,1,Gold
19117.0,30243.6475,9,53.6875,United Kingdom,16,0.3964688856729378,30243.6475,0,Bronze
19118.0,11542.945,5,47.779411764705884,United Kingdom,39,0.8848837209302326,11542.945,0,Bronze
19119.0,29573.684999999998,11,53.11494252873563,United Kingdom,133,0.5618120805369128,29573.684999999998,0,Bronze
19120.0,40661.6075,10,59.598591549295776,United Kingdom,17,0.4251396648044693,40661.6075,0,Silver
19122.0,53915.3825,13,57.47959183673469,United Kingdom,2,0.6846366782006921,53915.3825,1,Gold
19123.0,46118.36,12,65.48936170212765,United Kingdom,5,1.0775221238938053,46118.36,0,Silver
19125.0,33644.299999999996,11,55.45,United Kingdom,2,0.5409369951534734,33644.299999999996,0,Bronze
19126.0,35354.99,7,58.26027397260274,United Kingdom,31,0.3982803738317757,35354.99,0,Silver
19127.0,61526.67,14,53.29527559055118,United Kingdom,5,0.5878068965517241,61526.67,1,Gold
19128.0,32088.055,8,53.10769230769231,United Kingdom,14,0.4949593495934959,32088.055,0,Bronze
19131.0,34484.525,9,53.80281690140845,Netherlands,12,0.4831746031746032,34484.525,0,Bronze
19132.0,38195.095,10,51.53846153846154,United Kingdom,8,0.41813186813186815,38195.095,0,Silver
19133.0,48146.7,12,58.84134615384615,United Kingdom,39,0.5419584569732938,48146.7,0,Silver
19136.0,46114.755,12,58.629411764705885,United Kingdom,34,0.8866019417475729,46114.755,0,Silver
19137.0,52870.8175,10,58.191489361702125,Belgium,32,0.4456808199121523,52870.8175,1,Gold
19138.0,40881.4925,9,54.25714285714286,Germany,6,0.38531645569620254,40881.4925,0,Silver
19140.0,44438.5275,9,59.526666666666664,Germany,10,0.4619898819561552,44438.5275,0,Silver
19141.0,55444.375,14,54.13725490196079,France,45,0.6322848664688427,55444.375,1,Gold
19143.0,47266.3525,11,58.69101123595506,United Kingdom,68,0.618927911275416,47266.3525,0,Silver
19144.0,36144.517499999994,9,56.611111111111114,United Kingdom,170,0.6297931034482759,36144.517499999994,0,Silver
19145.0,41404.415,12,53.86842105263158,United Kingdom,22,0.8301818181818182,41404.415,0,Silver
19146.0,36678.39,8,54.072463768115945,France,56,0.36292101341281674,36678.39,0,Silver
19147.0,55385.542499999996,13,65.05729166666667,United Kingdom,59,0.6088,55385.542499999996,1,Gold
19148.0,54725.7425,11,60.62359550561798,United Kingdom,32,0.5340350877192983,54725.7425,1,Gold
19149.0,66159.19499999999,13,57.5462962962963,United Kingdom,19,0.7494696969696969,66159.19499999999,1,Gold
19151.0,43012.275,10,56.666666666666664,United Kingdom,21,0.4392496392496392,43012.275,0,Silver
19152.0,41172.53,11,54.23717948717949,United Kingdom,65,0.5864098073555166,41172.53,0,Silver
19154.0,25567.704999999998,8,57.784615384615385,United Kingdom,22,0.34444130127298445,25567.704999999998,0,Bronze
19155.0,28329.02,9,46.90845070422535,United Kingdom,59,0.4273946957878315,28329.02,0,Bronze
19156.0,21889.505,7,49.083333333333336,United Kingdom,26,0.30614942528735634,21889.505,0,Bronze
19159.0,33734.955,10,55.036144578313255,United Kingdom,65,0.5248275862068965,33734.955,0,Bronze
19160.0,78677.915,17,54.15172413793103,United Kingdom,7,0.7852503793626707,78677.915,1,Gold
19161.0,25486.39,6,60.52884615384615,United Kingdom,315,0.4566,25486.39,0,Bronze
19163.0,42059.875,10,53.321917808219176,United Kingdom,45,0.45500747384155454,42059.875,0,Silver
19164.0,44272.9775,9,56.25657894736842,United Kingdom,11,0.5198481973434536,44272.9775,0,Silver
19165.0,34146.765,11,50.505494505494504,United Kingdom,12,0.6990396659707725,34146.765,0,Bronze
19166.0,38348.9025,10,52.20945945945946,United Kingdom,45,0.5616236162361624,38348.9025,0,Silver
19167.0,48643.5775,13,53.91573033707865,United Kingdom,32,0.5853846153846154,48643.5775,0,Silver
19170.0,33663.4275,8,51.40151515151515,United Kingdom,6,0.6180710659898477,33663.4275,0,Bronze
19171.0,35791.3425,9,57.070422535211264,United Kingdom,21,0.4675085324232082,35791.3425,0,Silver
19172.0,32199.554999999997,6,54.029411764705884,United Kingdom,13,0.3660120240480962,32199.554999999997,0,Bronze
19173.0,56999.112499999996,14,61.765957446808514,United Kingdom,1,0.5829822161422709,56999.112499999996,1,Gold
19175.0,59160.159999999996,14,53.94090909090909,France,6,0.592712100139082,59160.159999999996,1,Gold
19176.0,20077.44,6,54.25,United Kingdom,154,0.4095067264573991,20077.44,0,Bronze
19178.0,54560.36,15,60.39754098360656,United Kingdom,8,0.6332871012482663,54560.36,1,Gold
19180.0,26531.524999999998,11,50.36470588235294,United Kingdom,31,0.48109195402298854,26531.524999999998,0,Bronze
19185.0,63787.2025,12,61.086363636363636,United Kingdom,15,0.6128859060402685,63787.2025,1,Gold
19186.0,38668.96,10,52.98148148148148,United Kingdom,74,0.47636932707355245,38668.96,0,Silver
19187.0,8032.82,5,47.11538461538461,France,24,0.7079069767441861,8032.82,0,Bronze
19188.0,32265.475,10,52.47560975609756,Switzerland,98,0.5899224806201551,32265.475,0,Bronze
19189.0,20539.515,9,55.439189189189186,United Kingdom,7,0.3836974789915967,20539.515,0,Bronze
19191.0,38085.545,6,57.52777777777778,United Kingdom,9,0.3181881533101046,38085.545,0,Silver
19192.0,66207.7225,13,54.900862068965516,United Kingdom,28,0.6497865353037766,66207.7225,1,Gold
19193.0,28291.82,7,54.45614035087719,Switzerland,53,0.49096774193548387,28291.82,0,Bronze
19195.0,38467.5075,11,57.88461538461539,United Kingdom,4,0.6833469387755102,38467.5075,0,Silver
19196.0,59764.1475,11,57.81122448979592,United Kingdom,25,0.5589983305509182,59764.1475,1,Gold
19200.0,23972.364999999998,9,51.35606060606061,Spain,7,0.3880453257790369,23972.364999999998,0,Bronze
19201.0,45458.84,9,52.5,Spain,94,0.44187096774193546,45458.84,0,Silver
19202.0,37931.0175,6,58.11666666666667,United Kingdom,14,0.2543732590529248,37931.0175,0,Silver
19204.0,27818.665,7,51.21311475409836,United Kingdom,112,0.3902564102564103,27818.665,0,Bronze
19208.0,18673.829999999998,4,63.38461538461539,United Kingdom,9,0.17394285714285715,18673.829999999998,0,Bronze
19209.0,25375.165,7,52.233870967741936,United Kingdom,32,0.5935376044568246,25375.165,0,Bronze
19218.0,44532.8275,11,53.47674418604651,United Kingdom,32,0.482478386167147,44532.8275,0,Silver
19219.0,49605.1,13,52.580357142857146,United Kingdom,41,0.5888690476190477,49605.1,0,Gold
19220.0,26348.1625,8,55.704918032786885,United Kingdom,15,0.3623809523809524,26348.1625,0,Bronze
19221.0,34684.24,8,61.09090909090909,United Kingdom,165,0.43485714285714283,34684.24,0,Bronze
19222.0,32999.619999999995,7,55.00833333333333,United Kingdom,14,0.2951246537396122,32999.619999999995,0,Bronze
19225.0,43542.0625,8,64.06153846153846,United Kingdom,4,0.368411497730711,43542.0625,0,Silver
19228.0,74084.50499999999,18,57.767716535433074,Belgium,26,0.7805128205128206,74084.50499999999,1,Gold
19230.0,67382.515,16,54.58203125,United Kingdom,16,0.6792747559274755,67382.515,1,Gold
19234.0,43565.377499999995,13,50.630208333333336,United Kingdom,111,0.6341666666666667,43565.377499999995,0,Silver
19235.0,43821.14,8,59.01538461538462,United Kingdom,65,0.3921417069243156,43821.14,0,Silver
19236.0,29924.045,9,56.128571428571426,United Kingdom,90,0.5468263473053893,29924.045,0,Bronze
19237.0,52939.865,13,57.89473684210526,United Kingdom,183,0.7155877034358048,52939.865,1,Gold
19238.0,33578.3325,7,59.945454545454545,United Kingdom,64,0.6918181818181818,33578.3325,0,Bronze
19239.0,59893.9375,15,54.929906542056074,United Kingdom,121,0.9492723492723493,59893.9375,1,Gold
19240.0,42809.2775,11,52.40909090909091,United Kingdom,47,0.5050377073906486,42809.2775,0,Silver
19242.0,49968.424999999996,11,55.160714285714285,France,70,0.7216379310344828,49968.424999999996,0,Gold
19243.0,24265.77,7,51.901785714285715,Ireland,15,0.2992696629213483,24265.77,0,Bronze
19244.0,63942.674999999996,14,58.36206896551724,United Kingdom,8,0.6313481481481482,63942.674999999996,1,Gold
19245.0,46970.7525,15,53.05,United Kingdom,22,0.7686868686868688,46970.7525,0,Silver
19246.0,52966.299999999996,14,49.482608695652175,United Kingdom,28,0.6775198728139904,52966.299999999996,1,Gold
19252.0,70412.97499999999,10,60.584210526315786,United Kingdom,23,0.4450292397660819,70412.97499999999,1,Gold
19254.0,27514.305,11,48.07831325301205,United Kingdom,7,0.47160563380281695,27514.305,0,Bronze
19255.0,39000.2,10,59.86538461538461,United Kingdom,15,0.4831746031746032,39000.2,0,Silver
19256.0,33148.534999999996,9,53.74285714285714,United Kingdom,3,0.3880453257790369,33148.534999999996,0,Bronze
19258.0,64629.765,16,53.656716417910445,United Kingdom,10,0.6928022759601707,64629.765,1,Gold
19259.0,61578.765,17,54.77622377622377,United Kingdom,61,0.7805128205128206,61578.765,1,Gold
19260.0,36961.447499999995,8,56.42424242424242,United Kingdom,56,0.41135135135135137,36961.447499999995,0,Silver
19261.0,36340.765,8,53.3,United Kingdom,3,0.48801603206412825,36340.765,0,Silver
19264.0,43119.61,11,57.71578947368421,United Kingdom,49,0.4902489019033675,43119.61,0,Silver
19266.0,28137.155,9,60.1,Spain,31,0.5568292682926829,28137.155,0,Bronze
19267.0,59768.555,12,59.103092783505154,United Kingdom,14,0.550950226244344,59768.555,1,Gold
19268.0,43924.21,13,63.26111111111111,United Kingdom,28,0.5702017291066283,43924.21,0,Silver
19271.0,31727.305,9,58.78169014084507,United Kingdom,23,0.48402826855123676,31727.305,0,Bronze
19274.0,27184.105,8,56.79838709677419,United Kingdom,39,0.47655577299412916,27184.105,0,Bronze
19275.0,63303.295,15,56.13135593220339,United Kingdom,30,0.681492537313433,63303.295,1,Gold
19277.0,31102.715,11,57.01234567901235,United Kingdom,5,0.7263340563991323,31102.715,0,Bronze
19278.0,24549.859999999997,8,50.25833333333333,United Kingdom,27,0.34938307030129123,24549.859999999997,0,Bronze
19279.0,62147.2625,13,50.63265306122449,United Kingdom,1,0.5589265536723164,62147.2625,1,Gold
19281.0,58621.837499999994,14,57.06837606837607,Netherlands,28,0.6322848664688427,58621.837499999994,1,Gold
19282.0,33449.125,5,51.96590909090909,United Kingdom,13,0.39947506561679796,33449.125,0,Bronze
19284.0,32692.844999999998,8,63.59166666666667,United Kingdom,80,0.43485714285714283,32692.844999999998,0,Bronze
19285.0,38909.89,11,66.56172839506173,United Kingdom,17,0.48881751824817515,38909.89,0,Silver
19286.0,43495.685,13,61.40526315789474,France,1,0.5391280653950954,43495.685,0,Silver
19288.0,53655.642499999994,11,66.44705882352942,United Kingdom,14,0.5104268292682926,53655.642499999994,1,Gold
19289.0,7639.305,5,47.0,United Kingdom,1,0.24828711256117453,7639.305,0,Bronze
19290.0,45485.104999999996,12,60.555045871559635,United Kingdom,12,0.5137552742616034,45485.104999999996,0,Silver
19291.0,53216.825,13,55.907407407407405,Belgium,35,0.5661230329041488,53216.825,1,Gold
19293.0,19832.64,6,62.5875,United Kingdom,124,0.3505566218809981,19832.64,0,Bronze
19294.0,51753.7175,19,56.6063829787234,United Kingdom,58,0.8684084084084085,51753.7175,0,Gold
19295.0,41609.4,11,54.208333333333336,United Kingdom,4,0.4580574555403557,41609.4,0,Silver
19296.0,17790.54,5,53.983333333333334,United Kingdom,235,0.370316301703163,17790.54,0,Bronze
19298.0,48575.5,10,50.005376344086024,United Kingdom,47,0.537809187279152,48575.5,0,Silver
19299.0,20796.3,8,54.28225806451613,United Kingdom,3,0.531703056768559,20796.3,0,Bronze
19300.0,58531.3675,15,54.87109375,United Kingdom,36,0.6541547277936963,58531.3675,1,Gold
19301.0,27677.55,6,53.86363636363637,Belgium,16,0.2572394366197183,27677.55,0,Bronze
19302.0,30124.1825,8,53.6,France,4,0.37121951219512195,30124.1825,0,Bronze
19303.0,25421.83,7,57.61818181818182,United Kingdom,4,0.3718673647469459,25421.83,0,Bronze
19304.0,56330.494999999995,11,59.470588235294116,United Kingdom,18,0.5374638844301766,56330.494999999995,1,Gold
19305.0,46578.415,12,55.41752577319588,United Kingdom,15,0.5435714285714286,46578.415,0,Silver
19306.0,69737.39,14,60.88333333333333,United Kingdom,8,0.6070655270655271,69737.39,1,Gold
19307.0,14580.28,6,42.94444444444444,United Kingdom,1,0.25760225669957687,14580.28,0,Bronze
19308.0,48490.369999999995,12,60.364197530864196,United Kingdom,2,0.6363763066202092,48490.369999999995,0,Silver
19310.0,47082.335,11,55.470588235294116,United Kingdom,20,0.5803119584055461,47082.335,0,Silver
19311.0,25930.885,8,47.08181818181818,Austria,1,0.33358904109589044,25930.885,0,Bronze
19312.0,72179.9525,16,54.11450381679389,United Kingdom,200,0.9457087378640777,72179.9525,1,Gold
19313.0,42046.5,12,55.463855421686745,United Kingdom,46,0.5998029556650246,42046.5,0,Silver
19315.0,45766.9975,10,69.03623188405797,United Kingdom,3,0.5090301003344482,45766.9975,0,Silver
19316.0,53002.479999999996,13,57.475,France,34,0.6695769881556684,53002.479999999996,1,Gold
19317.0,31017.239999999998,13,55.505102040816325,United Kingdom,21,0.9311058823529411,31017.239999999998,0,Bronze
19318.0,55226.215,12,60.84020618556701,United Kingdom,23,0.5255827338129496,55226.215,1,Gold
19321.0,32629.95,8,55.22222222222222,United Kingdom,33,0.3966123778501629,32629.95,0,Bronze
19322.0,57784.072499999995,15,58.94957983193277,United Kingdom,16,0.7293929712460064,57784.072499999995,1,Gold
19325.0,65401.25,17,55.22592592592593,United Kingdom,1,0.7278199718706049,65401.25,1,Gold
19326.0,37041.345,9,59.063291139240505,Spain,48,0.5719415448851775,37041.345,0,Silver
19327.0,46303.82,11,59.566265060240966,United Kingdom,41,0.48953216374269004,46303.82,0,Silver
19329.0,48072.755,10,54.78977272727273,United Kingdom,200,0.5809160305343511,48072.755,0,Silver
19331.0,63405.4375,18,56.61538461538461,United Kingdom,12,0.9629525483304043,63405.4375,1,Gold
19332.0,53137.292499999996,13,58.601851851851855,United Kingdom,30,0.5693812949640288,53137.292499999996,1,Gold
19335.0,51515.8425,8,66.39333333333333,United Kingdom,23,0.6134005037783375,51515.8425,0,Gold
19338.0,17743.0,5,64.25,United Kingdom,69,0.2370716510903427,17743.0,0,Bronze
19339.0,55211.542499999996,9,65.36619718309859,United Kingdom,42,0.617027027027027,55211.542499999996,1,Gold
19342.0,31327.515,10,56.61643835616438,United Kingdom,18,0.5293913043478261,31327.515,0,Bronze
19343.0,21081.5975,5,65.34210526315789,Switzerland,134,0.26106346483704973,21081.5975,0,Bronze
19345.0,56722.229999999996,14,55.432432432432435,United Kingdom,2,0.6360597014925373,56722.229999999996,1,Gold
19346.0,27833.844999999998,8,55.45161290322581,United Kingdom,18,0.39088282504012845,27833.844999999998,0,Bronze
19347.0,33472.9525,9,62.58450704225352,United Kingdom,58,0.48063157894736847,33472.9525,0,Bronze
19349.0,20551.274999999998,8,54.78030303030303,United Kingdom,5,0.37872472783825817,20551.274999999998,0,Bronze
19350.0,25295.62,6,64.91836734693878,United Kingdom,34,0.30138613861386143,25295.62,0,Bronze
19351.0,9431.015,3,54.458333333333336,Poland,126,0.20114537444933922,9431.015,0,Bronze
19353.0,74577.77249999999,15,62.55384615384615,Belgium,24,0.7791808873720137,74577.77249999999,1,Gold
19357.0,50687.3025,13,61.96666666666667,United Kingdom,30,0.58279823269514,50687.3025,0,Gold
19359.0,38484.465,12,61.91826923076923,Spain,132,0.6118592964824121,38484.465,0,Silver
19361.0,21714.725,6,51.0,United Kingdom,404,0.5779746835443038,21714.725,0,Bronze
19362.0,33851.7275,8,56.423611111111114,United Kingdom,3,0.6027722772277228,33851.7275,0,Bronze
19363.0,54681.7475,12,63.473118279569896,United Kingdom,158,0.7872413793103449,54681.7475,1,Gold
19365.0,36499.1575,8,61.55223880597015,United Kingdom,24,0.4038474295190713,36499.1575,0,Silver
19366.0,29720.76,13,52.75,United Kingdom,41,0.5879940564635958,29720.76,0,Bronze
19368.0,16175.9025,5,52.159574468085104,Switzerland,50,0.35231481481481486,16175.9025,0,Bronze
19370.0,45406.8275,11,55.07692307692308,United Kingdom,35,0.5444552845528455,45406.8275,0,Silver
19371.0,33191.695,8,56.109375,United Kingdom,178,0.6783286908077996,33191.695,0,Bronze
19372.0,48292.1075,8,62.71739130434783,United Kingdom,54,0.36564564564564567,48292.1075,0,Silver
19373.0,85092.70749999999,16,53.17,United Kingdom,1,0.8440901213171578,85092.70749999999,1,Gold
19377.0,40281.825,13,51.471698113207545,United Kingdom,1,0.5406010928961749,40281.825,0,Silver
19381.0,21946.26,6,50.35,United Kingdom,32,0.3836974789915967,21946.26,0,Bronze
19384.0,44186.502499999995,11,52.69444444444444,United Kingdom,13,0.47227080394922427,44186.502499999995,0,Silver
19387.0,26116.774999999998,8,57.39655172413793,United Kingdom,19,0.3529275362318841,26116.774999999998,0,Bronze
19388.0,11923.1975,3,59.595238095238095,Germany,168,0.1651356238698011,11923.1975,0,Bronze
19389.0,24517.145,9,46.559701492537314,United Kingdom,73,0.44618892508143326,24517.145,0,Bronze
19391.0,48726.3175,8,60.861111111111114,United Kingdom,52,0.3602366863905325,48726.3175,0,Silver
19392.0,42610.68,12,52.80612244897959,USA,7,0.5825837320574163,42610.68,0,Silver
19393.0,21764.045000000002,8,53.6764705882353,United Kingdom,13,0.4127457627118644,21764.045000000002,0,Bronze
19394.0,73779.6125,19,59.64802631578947,United Kingdom,16,0.8145915492957747,73779.6125,1,Gold
19395.0,31116.969999999998,9,50.24324324324324,United Kingdom,2,0.7505753424657535,31116.969999999998,0,Bronze
19396.0,40617.945,12,56.201149425287355,United Kingdom,24,0.5278612716763006,40617.945,0,Silver
19401.0,65953.495,19,51.54545454545455,United Kingdom,30,0.8966821705426357,65953.495,1,Gold
19402.0,49615.8775,12,56.15346534653465,United Kingdom,20,0.5395568685376662,49615.8775,0,Gold
19404.0,11546.14,5,50.5,United Kingdom,82,0.34202247191011237,11546.14,0,Bronze
19406.0,35278.6225,10,54.66197183098591,United Kingdom,67,0.5922178988326848,35278.6225,0,Silver
19407.0,31442.32,7,54.886792452830186,United Kingdom,250,0.44207468879668055,31442.32,0,Bronze
19408.0,72334.525,15,57.824,United Kingdom,144,0.7845360824742269,72334.525,1,Gold
19410.0,44149.815,13,66.25728155339806,United Kingdom,15,0.5637037037037037,44149.815,0,Silver
19411.0,55402.7075,14,55.59803921568628,United Kingdom,19,0.7848250460405157,55402.7075,1,Gold
19412.0,83641.9,19,56.67434210526316,United Kingdom,10,0.8100280112044819,83641.9,1,Gold
19413.0,34933.0025,6,64.76190476190476,United Kingdom,167,0.5159322033898305,34933.0025,0,Bronze
19414.0,37913.36,9,53.04477611940298,United Kingdom,34,0.5299032882011606,37913.36,0,Silver
19415.0,61226.729999999996,13,55.82432432432432,United Kingdom,12,0.5511420612813371,61226.729999999996,1,Gold
19416.0,72883.0275,19,57.363013698630134,United Kingdom,2,0.808895104895105,72883.0275,1,Gold
19417.0,47181.5775,10,63.8,United Kingdom,33,0.4443795620437956,47181.5775,0,Silver
19419.0,33294.6075,7,57.186440677966104,Belgium,58,0.3303565891472868,33294.6075,0,Bronze
19422.0,27186.0825,8,61.5462962962963,United Kingdom,28,0.35811764705882354,27186.0825,0,Bronze
19423.0,62552.4125,11,60.605555555555554,United Kingdom,54,0.5035187969924811,62552.4125,1,Gold
19426.0,37472.9625,9,56.635714285714286,United Kingdom,6,0.3836974789915967,37472.9625,0,Silver
19427.0,55962.32,15,63.23684210526316,United Kingdom,73,0.7046296296296296,55962.32,1,Gold
19428.0,50334.5275,13,58.728155339805824,United Kingdom,4,0.5565682137834037,50334.5275,0,Gold
19430.0,53886.715,10,61.83720930232558,United Kingdom,13,0.5081803005008347,53886.715,1,Gold
19431.0,49006.307499999995,16,53.18076923076923,United Kingdom,6,0.7574494556765163,49006.307499999995,0,Gold
19433.0,39893.11,10,56.677215189873415,United Kingdom,115,0.4941558441558442,39893.11,0,Silver
19436.0,84584.065,15,58.31954887218045,United Kingdom,8,0.73056,84584.065,1,Gold
19439.0,38612.9575,9,55.22,United Kingdom,55,0.4107346326836582,38612.9575,0,Silver
19440.0,28153.075,8,58.09375,United Kingdom,40,0.35190751445086704,28153.075,0,Bronze
19442.0,32519.96,11,59.201149425287355,United Kingdom,73,0.5127718223583461,32519.96,0,Bronze
19445.0,20570.535,6,53.808510638297875,United Kingdom,52,0.5534545454545454,20570.535,0,Bronze
19447.0,20267.655,6,49.73275862068966,United Kingdom,118,0.29843137254901964,20267.655,0,Bronze
19448.0,29616.82,9,52.02777777777778,United Kingdom,7,0.40889552238805976,29616.82,0,Bronze
19452.0,49078.53,11,53.74742268041237,United Kingdom,14,0.4631258644536653,49078.53,0,Gold
19454.0,32360.41,9,59.28735632183908,United Kingdom,218,0.5299032882011606,32360.41,0,Bronze
19455.0,45423.5225,10,57.651685393258425,United Kingdom,5,0.42219140083217754,45423.5225,0,Silver
19456.0,42412.034999999996,13,57.305263157894736,United Kingdom,16,0.5669340974212035,42412.034999999996,0,Silver
19457.0,74738.455,20,52.89329268292683,United Kingdom,6,0.8397241379310345,74738.455,1,Gold
19462.0,20120.125,7,56.46153846153846,United Kingdom,20,0.3436774193548387,20120.125,0,Bronze
19463.0,29949.469999999998,9,50.361111111111114,United Kingdom,15,0.3836974789915967,29949.469999999998,0,Bronze
19467.0,33867.314999999995,6,59.955357142857146,United Kingdom,73,0.31220512820512825,33867.314999999995,0,Bronze
19469.0,27296.219999999998,6,56.73148148148148,United Kingdom,89,0.2809846153846154,27296.219999999998,0,Bronze
19470.0,34379.06,10,52.79333333333334,United Kingdom,1,0.42752808988764046,34379.06,0,Bronze
19471.0,55117.54,14,61.6125,United Kingdom,5,0.8952941176470589,55117.54,1,Gold
19473.0,14219.96,2,49.421052631578945,United Kingdom,182,0.2536666666666667,14219.96,0,Bronze
19474.0,54650.07,14,57.21120689655172,Belgium,9,0.7529328621908128,54650.07,1,Gold
19475.0,43320.0875,12,52.50526315789474,United Kingdom,97,0.575244094488189,43320.0875,0,Silver
19476.0,17323.575,5,55.44285714285714,United Kingdom,30,0.6394957983193278,17323.575,0,Bronze
19477.0,45210.935,12,62.896039603960396,United Kingdom,1,0.8045814977973569,45210.935,0,Silver
19479.0,53079.9425,13,57.63978494623656,Germany,21,0.55268156424581,53079.9425,1,Gold
19481.0,35913.2175,10,54.857142857142854,United Kingdom,100,0.48088467614533964,35913.2175,0,Silver
19482.0,35036.805,9,60.03333333333333,United Kingdom,69,0.4163525835866262,35036.805,0,Bronze
19483.0,60370.92,14,59.11504424778761,United Kingdom,54,0.6743037974683544,60370.92,1,Gold
19484.0,32028.837499999998,9,44.08955223880597,United Kingdom,12,0.4348571428571429,32028.837499999998,0,Bronze
19485.0,59508.1075,15,62.15686274509804,United Kingdom,18,0.6541547277936963,59508.1075,1,Gold
19488.0,19199.7,6,61.357142857142854,United Kingdom,10,0.2519172413793103,19199.7,0,Bronze
19490.0,32032.41,11,52.233333333333334,United Kingdom,23,0.5979285714285714,32032.41,0,Bronze
19492.0,51749.625,9,58.576470588235296,Spain,39,0.5045303867403315,51749.625,0,Gold
19496.0,47516.96,12,58.03804347826087,United Kingdom,27,0.5863242375601927,47516.96,0,Silver
19497.0,39309.097499999996,8,63.5703125,Netherlands,14,0.5825837320574163,39309.097499999996,0,Silver
19499.0,52714.38,12,57.69072164948454,United Kingdom,5,0.5716431924882629,52714.38,1,Gold
19500.0,50050.56,13,56.708695652173915,United Kingdom,52,0.5879940564635958,50050.56,0,Gold
19503.0,11055.74,4,62.689655172413794,United Kingdom,379,0.48126482213438737,11055.74,0,Bronze
19505.0,21239.78,5,55.351063829787236,United Kingdom,353,0.7046296296296297,21239.78,0,Bronze
19506.0,53600.197499999995,10,59.48717948717949,United Kingdom,14,0.4293370944992948,53600.197499999995,1,Gold
19508.0,54775.417499999996,14,57.25,United Kingdom,24,0.6194186046511628,54775.417499999996,1,Gold
19511.0,69668.95999999999,19,53.99068322981366,United Kingdom,19,0.8297847919655666,69668.95999999999,1,Gold
19512.0,23075.25,6,63.888888888888886,United Kingdom,127,0.2989198036006547,23075.25,0,Bronze
19518.0,55787.284999999996,14,58.9537037037037,United Kingdom,7,0.5943654114365411,55787.284999999996,1,Gold
19519.0,63742.21,13,56.79,United Kingdom,2,0.5391280653950954,63742.21,1,Gold
19521.0,27290.114999999998,8,48.833333333333336,Netherlands,12,0.3706544901065449,27290.114999999998,0,Bronze
19522.0,55667.39,13,57.257009345794394,Germany,90,0.6434471544715448,55667.39,1,Gold
19523.0,40629.1,9,61.19135802469136,United Kingdom,18,0.3891477272727273,40629.1,0,Silver
19524.0,49876.555,12,55.712765957446805,United Kingdom,9,0.5087465181058496,49876.555,0,Gold
19526.0,56872.307499999995,16,55.9954954954955,United Kingdom,88,0.9276952380952382,56872.307499999995,1,Gold
19527.0,28813.635,10,41.232394366197184,United Kingdom,10,0.4633181126331811,28813.635,0,Bronze
19528.0,75170.64,15,59.688,United Kingdom,11,0.6458274398868459,75170.64,1,Gold
19535.0,52662.7425,12,56.75480769230769,United Kingdom,15,0.5052282157676349,52662.7425,1,Gold
19537.0,43472.305,9,56.63333333333333,United Kingdom,22,0.7024615384615385,43472.305,0,Silver
19538.0,55265.395,12,51.52061855670103,United Kingdom,7,0.5137552742616034,55265.395,1,Gold
19539.0,65816.36499999999,14,59.05833333333333,United Kingdom,26,0.6019209039548022,65816.36499999999,1,Gold
19541.0,53650.9375,13,58.03125,United Kingdom,3,0.5376630434782609,53650.9375,1,Gold
19544.0,62215.585,17,55.93840579710145,United Kingdom,17,0.7488856729377714,62215.585,1,Gold
19546.0,60655.795,15,51.98039215686274,United Kingdom,6,0.7872413793103448,60655.795,1,Gold
19548.0,30899.824999999997,10,63.096774193548384,United Kingdom,28,0.4450292397660819,30899.824999999997,0,Bronze
19549.0,36206.3975,11,54.90340909090909,United Kingdom,3,0.46962131837307153,36206.3975,0,Silver
19550.0,53224.807499999995,10,59.01282051282051,United Kingdom,1,0.5048092868988392,53224.807499999995,1,Gold
19551.0,44598.775,13,50.6,United Kingdom,54,1.084164383561644,44598.775,0,Silver
19553.0,32509.902499999997,8,50.473684210526315,United Kingdom,65,0.3661954887218045,32509.902499999997,0,Bronze
19554.0,32756.954999999998,10,52.88414634146341,United Kingdom,39,0.5230240549828179,32756.954999999998,0,Bronze
19557.0,40390.89,12,55.37,Netherlands,23,0.6118592964824121,40390.89,0,Silver
19558.0,67890.3,15,62.88429752066116,United Kingdom,84,0.8227027027027027,67890.3,1,Gold
19560.0,49346.78,12,54.671171171171174,Ireland,5,0.550950226244344,49346.78,0,Gold
19561.0,56492.2875,12,58.19101123595506,United Kingdom,26,0.5517824773413897,56492.2875,1,Gold
19562.0,54858.759999999995,15,53.0,United Kingdom,1,0.635933147632312,54858.759999999995,1,Gold
19564.0,52431.775,17,58.45867768595041,USA,10,0.7227374301675978,52431.775,0,Gold
19565.0,44382.049999999996,11,60.45180722891566,United Kingdom,6,0.518328173374613,44382.049999999996,0,Silver
19566.0,43938.775,15,52.320388349514566,France,15,0.7805128205128207,43938.775,0,Silver
19567.0,44459.86,10,63.53370786516854,United Kingdom,70,0.4878205128205128,44459.86,0,Silver
19568.0,57751.5925,12,54.52717391304348,United Kingdom,4,0.5998029556650246,57751.5925,1,Gold
19569.0,53833.354999999996,13,57.89393939393939,United Kingdom,146,0.683454231433506,53833.354999999996,1,Gold
19572.0,9471.06,3,44.416666666666664,United Kingdom,169,0.2827244582043344,9471.06,0,Bronze
19573.0,53985.64,14,56.49528301886792,United Kingdom,15,0.6418072289156627,53985.64,1,Gold
19576.0,32255.965,8,52.6551724137931,United Kingdom,87,0.37638330757341576,32255.965,0,Bronze
19577.0,47199.665,12,61.76288659793814,United Kingdom,130,0.7106614785992218,47199.665,0,Silver
19581.0,8774.185,3,49.875,United Kingdom,279,0.2964935064935065,8774.185,0,Bronze
19582.0,48368.534999999996,14,53.43617021276596,France,10,0.6027722772277229,48368.534999999996,0,Silver
19584.0,40433.5825,10,60.797872340425535,United Kingdom,23,0.43988439306358385,40433.5825,0,Silver
19585.0,84744.47249999999,20,54.8375,United Kingdom,16,1.0180602006688964,84744.47249999999,1,Gold
19586.0,31056.665,9,50.01282051282051,United Kingdom,96,0.48063157894736847,31056.665,0,Bronze
19587.0,64639.54749999999,12,61.77319587628866,United Kingdom,9,0.5761514195583597,64639.54749999999,1,Gold
19589.0,80144.5625,12,65.70325203252033,United Kingdom,77,0.6751940850277265,80144.5625,1,Gold
19590.0,46472.345,12,56.6,United Kingdom,15,0.5052282157676349,46472.345,0,Silver
19592.0,51294.2275,13,54.92307692307692,United Kingdom,14,0.5653142857142858,51294.2275,0,Gold
19593.0,36744.37,9,54.85333333333333,United Kingdom,47,0.4831746031746032,36744.37,0,Silver
19594.0,22603.3625,5,59.225,United Kingdom,49,0.42160664819944604,22603.3625,0,Bronze
19595.0,38334.06,8,61.75396825396825,United Kingdom,72,0.38229199372056516,38334.06,0,Silver
19596.0,79043.5275,19,58.97019867549669,France,9,0.90937106918239,79043.5275,1,Gold
19597.0,37571.869999999995,11,54.92,France,96,0.546231647634584,37571.869999999995,0,Silver
19598.0,37675.9125,11,54.64942528735632,United Kingdom,8,0.539194847020934,37675.9125,0,Silver
19600.0,41014.305,10,57.26829268292683,United Kingdom,107,0.4878205128205128,41014.305,0,Silver
19601.0,35983.877499999995,9,53.853846153846156,Netherlands,24,0.3891477272727273,35983.877499999995,0,Silver
19603.0,33848.855,9,60.024193548387096,United Kingdom,9,0.39193133047210305,33848.855,0,Bronze
19604.0,51731.2,12,53.20614035087719,United Kingdom,7,0.5059279778393352,51731.2,0,Gold
19605.0,27951.6175,7,55.88461538461539,United Kingdom,71,0.38323741007194245,27951.6175,0,Bronze
19606.0,73159.155,17,54.58450704225352,Spain,19,0.868255033557047,73159.155,1,Gold
19609.0,51532.5625,12,58.779411764705884,United Kingdom,178,0.6789591078066916,51532.5625,0,Gold
19610.0,19834.245,6,43.95652173913044,France,373,1.5094214876033059,19834.245,0,Bronze
19611.0,50516.445,11,56.73,France,15,0.4852753623188406,50516.445,0,Gold
19612.0,82103.305,14,56.196296296296296,United Kingdom,59,0.6437462235649547,82103.305,1,Gold
19613.0,66178.485,12,57.333333333333336,United Kingdom,83,0.5619692307692308,66178.485,1,Gold
19618.0,78960.95,18,60.99013157894737,United Kingdom,15,0.771718309859155,78960.95,1,Gold
19619.0,61282.93,15,52.308,United Kingdom,42,0.6825112107623318,61282.93,1,Gold
19620.0,25693.392499999998,8,55.15384615384615,United Kingdom,9,0.4949593495934959,25693.392499999998,0,Bronze
19621.0,35818.67,9,56.24657534246575,United Kingdom,3,0.37839779005524865,35818.67,0,Silver
19623.0,42347.2825,15,55.54090909090909,United Kingdom,4,0.8439926062846581,42347.2825,0,Silver
19624.0,66472.8575,12,67.5,United Kingdom,106,0.6653551912568307,66472.8575,1,Gold
19626.0,24334.765,8,55.1031746031746,United Kingdom,80,0.510524109014675,24334.765,0,Bronze
19627.0,37049.025,10,54.25308641975309,United Kingdom,15,0.42752808988764046,37049.025,0,Silver
19629.0,72357.5125,13,63.80833333333333,United Kingdom,6,0.7314602587800371,72357.5125,1,Gold
19633.0,67138.8875,13,55.64150943396226,USA,124,0.7091756272401434,67138.8875,1,Gold
19634.0,51464.659999999996,12,58.27319587628866,Germany,38,0.5468263473053893,51464.659999999996,0,Gold
19635.0,33982.22,11,57.20786516853933,United Kingdom,13,0.4644105409153953,33982.22,0,Bronze
19636.0,35747.065,10,58.34939759036145,United Kingdom,52,0.46121212121212124,35747.065,0,Silver
19637.0,69023.39,13,59.01293103448276,United Kingdom,4,0.5950676691729323,69023.39,1,Gold
19638.0,48956.4825,13,56.529126213592235,Germany,5,0.7091756272401434,48956.4825,0,Gold
19639.0,46886.752499999995,11,54.590425531914896,United Kingdom,9,0.45994505494505494,46886.752499999995,0,Silver
19641.0,15058.315,5,51.077777777777776,United Kingdom,8,0.21286713286713288,15058.315,0,Bronze
19644.0,71735.03749999999,18,62.36038961038961,United Kingdom,6,0.7738983050847458,71735.03749999999,1,Gold
19645.0,35576.7425,11,50.96,United Kingdom,10,0.46184827586206895,35576.7425,0,Silver
19648.0,39754.924999999996,11,60.118811881188115,United Kingdom,57,0.50050822122571,39754.924999999996,0,Silver
19649.0,60696.79,12,62.195238095238096,United Kingdom,38,0.5435714285714286,60696.79,1,Gold
19650.0,48433.6225,14,56.65596330275229,United Kingdom,1,0.578236092265943,48433.6225,0,Silver
19654.0,39421.25,14,56.134020618556704,United Kingdom,32,0.6221313868613139,39421.25,0,Silver
19655.0,12290.55,5,54.28333333333333,United Kingdom,108,0.46830769230769237,12290.55,0,Bronze
19658.0,34341.89,9,52.68852459016394,United Kingdom,41,0.4034756995581738,34341.89,0,Bronze
19659.0,57530.78,11,64.42307692307692,United Kingdom,57,0.5823304347826087,57530.78,1,Gold
19661.0,16520.71,7,53.25,Switzerland,72,0.44115942028985505,16520.71,0,Bronze
19664.0,22185.7,7,59.0,United Kingdom,33,0.3106122448979592,22185.7,0,Bronze
19674.0,36192.245,9,47.107594936708864,United Kingdom,91,0.4643389830508475,36192.245,0,Silver
19678.0,50995.125,11,55.179245283018865,Germany,117,0.7279130434782609,50995.125,0,Gold
19679.0,37782.975,12,54.18888888888889,United Kingdom,3,0.5137552742616034,37782.975,0,Silver
19682.0,39158.7175,10,57.45569620253165,United Kingdom,155,0.5968627450980393,39158.7175,0,Silver
19683.0,46552.2675,11,59.69047619047619,United Kingdom,4,0.4657023643949931,46552.2675,0,Silver
19684.0,32199.114999999998,12,52.611111111111114,USA,7,0.5551367781155016,32199.114999999998,0,Bronze
19686.0,53283.9475,13,56.58080808080808,United Kingdom,10,0.5959638554216867,53283.9475,1,Gold
19687.0,41773.35999999999,8,59.73684210526316,United Kingdom,18,0.37696594427244584,41773.35999999999,0,Silver
19688.0,32041.0775,8,60.06140350877193,Portugal,74,0.37349693251533744,32041.0775,0,Bronze
19689.0,73678.7625,15,57.11068702290076,United Kingdom,80,0.8848837209302325,73678.7625,1,Gold
19692.0,35638.68,11,50.25555555555555,United Kingdom,5,0.5306497622820919,35638.68,0,Silver
19693.0,45206.439999999995,10,56.30769230769231,United Kingdom,19,0.42692847124824684,45206.439999999995,0,Silver
19694.0,28627.39,7,60.388888888888886,Portugal,43,0.4592241379310345,28627.39,0,Bronze
19695.0,20806.9,6,61.47727272727273,United Kingdom,4,0.38209205020920506,20806.9,0,Bronze
19696.0,41724.784999999996,11,56.62658227848101,United Kingdom,13,0.6132600732600733,41724.784999999996,0,Silver
19697.0,34389.659999999996,10,54.105633802816904,United Kingdom,39,0.44373177842565603,34389.659999999996,0,Bronze
19698.0,62220.645,13,58.46,USA,27,0.6183125,62220.645,1,Gold
19699.0,31503.247499999998,9,54.92028985507246,United Kingdom,103,0.6061061946902655,31503.247499999998,0,Bronze
19701.0,56406.0125,13,58.74747474747475,United Kingdom,40,0.5726772793053546,56406.0125,1,Gold
19705.0,39223.21,12,56.1968085106383,United Kingdom,6,0.5024484181568089,39223.21,0,Silver
19707.0,32624.769999999997,9,47.2,United Kingdom,28,0.4234312210200928,32624.769999999997,0,Bronze
19708.0,11974.64,6,64.4342105263158,United Kingdom,166,0.3369741697416974,11974.64,0,Bronze
19709.0,24176.215,6,56.319148936170215,United Kingdom,16,0.2609142857142857,24176.215,0,Bronze
19710.0,42059.195,14,49.615,United Kingdom,3,0.6721766561514196,42059.195,0,Silver
19711.0,51635.149999999994,13,56.86842105263158,United Kingdom,92,0.7962173038229378,51635.149999999994,0,Gold
19712.0,23075.81,10,52.65,United Kingdom,6,0.4227777777777778,23075.81,0,Bronze
19713.0,40274.155,13,56.2,United Kingdom,71,0.6023135464231354,40274.155,0,Silver
19714.0,30594.265,9,61.75,Netherlands,17,0.3815598885793872,30594.265,0,Bronze
19715.0,33646.6375,10,56.04347826086956,Germany,10,0.7765306122448979,33646.6375,0,Bronze
19716.0,31203.895,12,52.32386363636363,United Kingdom,14,0.5263400576368876,31203.895,0,Bronze
19720.0,21938.809999999998,9,63.36363636363637,United Kingdom,147,0.46591836734693876,21938.809999999998,0,Bronze
19721.0,61306.85999999999,13,57.04245283018868,United Kingdom,11,0.5637037037037037,61306.85999999999,1,Gold
19724.0,29922.14,9,54.816901408450704,United Kingdom,5,0.5361252446183953,29922.14,0,Bronze
19725.0,49513.5,13,52.91284403669725,United Kingdom,5,0.5573521126760564,49513.5,0,Gold
19727.0,32176.805,9,60.371428571428574,United Kingdom,3,0.8034017595307918,32176.805,0,Bronze
19730.0,15102.619999999999,6,51.107142857142854,United Kingdom,28,1.3941984732824426,15102.619999999999,0,Bronze
19731.0,33476.145,7,62.23529411764706,United Kingdom,88,0.467280701754386,33476.145,0,Bronze
19732.0,39954.869999999995,11,51.80120481927711,United Kingdom,4,0.4644105409153953,39954.869999999995,0,Silver
19734.0,64543.83,15,54.50406504065041,United Kingdom,4,0.6220708446866485,64543.83,1,Gold
19736.0,41659.159999999996,11,55.264367816091955,United Kingdom,22,0.6805691056910569,41659.159999999996,0,Silver
19737.0,39395.045,9,62.83098591549296,USA,17,0.4857446808510638,39395.045,0,Silver
19738.0,36707.3575,9,63.416666666666664,United Kingdom,18,0.3836974789915967,36707.3575,0,Silver
19739.0,49814.18,11,62.88235294117647,United Kingdom,64,0.5027627627627628,49814.18,0,Gold
19740.0,31106.6125,6,63.53409090909091,United Kingdom,27,0.2568776371308017,31106.6125,0,Bronze
19741.0,29002.62,11,53.892405063291136,United Kingdom,22,0.7644748858447489,29002.62,0,Bronze
19742.0,74610.4175,16,57.744,United Kingdom,9,0.6755062413314841,74610.4175,1,Gold
19743.0,15008.55,5,48.266666666666666,United Kingdom,6,0.22956259426847664,15008.55,0,Bronze
19745.0,31189.77,10,48.92666666666667,Finland,67,0.46830769230769237,31189.77,0,Bronze
19746.0,41589.58,10,57.083333333333336,United Kingdom,21,0.48471337579617835,41589.58,0,Silver
19747.0,38746.9525,10,55.69753086419753,United Kingdom,32,0.440520984081042,38746.9525,0,Silver
19750.0,17177.6925,4,71.45454545454545,United Kingdom,88,0.3623809523809524,17177.6925,0,Bronze
19752.0,16984.655,7,58.07692307692308,United Kingdom,15,0.3629982964224872,16984.655,0,Bronze
19753.0,38693.42,10,57.03370786516854,United Kingdom,70,0.5474820143884892,38693.42,0,Silver
19754.0,44169.8225,10,63.443820224719104,United Kingdom,3,0.4543283582089553,44169.8225,0,Silver
19756.0,62022.799999999996,16,51.738461538461536,United Kingdom,23,0.6947788873038516,62022.799999999996,1,Gold
19758.0,77419.69249999999,15,55.4236641221374,United Kingdom,8,0.6350486787204451,77419.69249999999,1,Gold
19759.0,34687.065,10,57.3,United Kingdom,14,0.42994350282485877,34687.065,0,Bronze
19760.0,52838.604999999996,10,57.8021978021978,United Kingdom,47,0.567910447761194,52838.604999999996,1,Gold
19761.0,23913.755,8,56.440677966101696,United Kingdom,1,0.33177111716621255,23913.755,0,Bronze
19762.0,40579.735,10,57.76282051282051,United Kingdom,13,0.455688622754491,40579.735,0,Silver
19763.0,50243.722499999996,12,54.0,United Kingdom,58,0.5427637444279346,50243.722499999996,0,Gold
19764.0,25413.844999999998,7,47.76923076923077,United Kingdom,4,0.47456570155902006,25413.844999999998,0,Bronze
19766.0,34563.0,10,61.445945945945944,United Kingdom,39,0.43672883787661404,34563.0,0,Bronze
19767.0,69125.6875,15,55.65151515151515,Netherlands,9,0.7213270142180095,69125.6875,1,Gold
19768.0,43232.47,11,56.98275862068966,United Kingdom,39,0.48109195402298854,43232.47,0,Silver
19770.0,33792.494999999995,11,53.395348837209305,United Kingdom,71,0.5175270479134467,33792.494999999995,0,Bronze
19772.0,34826.305,9,55.897260273972606,United Kingdom,14,0.4643389830508475,34826.305,0,Bronze
19776.0,29878.274999999998,7,51.154545454545456,United Kingdom,36,0.4384362139917696,29878.274999999998,0,Bronze
19778.0,26747.269999999997,6,58.53333333333333,Ireland,14,0.2572394366197183,26747.269999999997,0,Bronze
19781.0,62992.28,17,56.6015037593985,United Kingdom,18,0.7456484149855909,62992.28,1,Gold
19782.0,23461.69,6,61.294117647058826,United Kingdom,28,0.324982206405694,23461.69,0,Bronze
19783.0,30811.605,8,58.21774193548387,United Kingdom,19,0.4710251450676983,30811.605,0,Bronze
19786.0,57190.515,15,57.9070796460177,United Kingdom,9,0.6324099722991691,57190.515,1,Gold
19787.0,39935.8675,14,50.99038461538461,United Kingdom,64,0.7720289855072464,39935.8675,0,Silver
19789.0,43854.895,10,49.48,United Kingdom,1,0.43361823361823365,43854.895,0,Silver
19792.0,45668.005,12,56.54597701149425,United Kingdom,27,0.5825837320574163,45668.005,0,Silver
19796.0,78408.34,14,58.33196721311475,United Kingdom,26,0.6447201210287443,78408.34,1,Gold
19797.0,58340.01499999999,9,55.08,United Kingdom,1,0.4376357827476039,58340.01499999999,1,Gold
19798.0,44032.43,10,62.11392405063291,United Kingdom,67,0.5754253308128545,44032.43,0,Silver
19800.0,20840.535,9,54.310344827586206,United Kingdom,90,0.6386013986013986,20840.535,0,Bronze
19801.0,53487.079999999994,12,59.92783505154639,United Kingdom,12,0.506629680998613,53487.079999999994,1,Gold
19802.0,45103.627499999995,12,51.90860215053763,United Kingdom,7,1.0174930362116992,45103.627499999995,0,Silver
19803.0,17386.985,3,48.30769230769231,USA,9,0.18636734693877552,17386.985,0,Bronze
19804.0,45054.065,11,59.697916666666664,United Kingdom,1,0.5979285714285714,45054.065,0,Silver
19805.0,63754.3675,13,55.53603603603604,United Kingdom,68,0.6628475711892798,63754.3675,1,Gold
19806.0,41824.22,10,48.917647058823526,United Kingdom,14,0.4878205128205128,41824.22,0,Silver
19807.0,44448.485,11,58.24431818181818,United Kingdom,76,0.5081031866464341,44448.485,0,Silver
19808.0,31641.767499999998,10,58.67213114754098,United Kingdom,63,0.5340350877192983,31641.767499999998,0,Bronze
19809.0,63248.63,15,57.49576271186441,United Kingdom,5,0.635933147632312,63248.63,1,Gold
19811.0,23253.53,9,51.45652173913044,United Kingdom,17,0.6021098901098901,23253.53,0,Bronze
19813.0,39371.45,11,59.535714285714285,Germany,64,0.4997611940298508,39371.45,0,Silver
19814.0,35772.43,9,55.582089552238806,United Kingdom,39,0.4101197604790419,35772.43,0,Silver
19815.0,24829.325,8,53.69298245614035,United Kingdom,14,0.3391643454038998,24829.325,0,Bronze
19816.0,51308.1775,15,56.87619047619047,United Kingdom,10,0.7213270142180095,51308.1775,0,Gold
19818.0,51647.8725,16,52.276923076923076,United Kingdom,16,0.7469938650306749,51647.8725,0,Gold
19820.0,39908.292499999996,13,56.33157894736842,United Kingdom,10,0.5473305670816044,39908.292499999996,0,Silver
19821.0,28558.2,10,54.0,Belgium,24,0.5284722222222222,28558.2,0,Bronze
19825.0,60712.517499999994,13,59.435344827586206,United Kingdom,3,0.5480886426592798,60712.517499999994,1,Gold
19827.0,39277.4,12,55.66483516483517,United Kingdom,16,0.5144788732394366,39277.4,0,Silver
19828.0,19304.915,6,51.5188679245283,Germany,53,0.27341317365269463,19304.915,0,Bronze
19829.0,37417.26,8,49.84507042253521,United Kingdom,59,0.41135135135135137,37417.26,0,Silver
19831.0,58515.28,13,55.59375,United Kingdom,34,0.7287661141804789,58515.28,1,Gold
19832.0,35348.405,10,59.71917808219178,United Kingdom,38,0.6137096774193548,35348.405,0,Silver
19833.0,47512.085,11,56.01546391752577,United Kingdom,21,0.47160563380281695,47512.085,0,Silver
19835.0,25654.6325,4,55.72857142857143,United Kingdom,259,0.7516049382716049,25654.6325,0,Bronze
19836.0,39146.854999999996,8,55.861111111111114,United Kingdom,167,0.44115942028985505,39146.854999999996,0,Silver
19837.0,40776.465,7,61.20754716981132,United Kingdom,42,0.371219512195122,40776.465,0,Silver
19838.0,42219.5475,11,52.1578947368421,United Kingdom,157,0.6833469387755102,42219.5475,0,Silver
19841.0,75577.4825,15,59.86507936507937,United Kingdom,41,0.7412337662337662,75577.4825,1,Gold
19844.0,16443.62,6,53.09090909090909,United Kingdom,36,0.2609142857142857,16443.62,0,Bronze
19847.0,42405.315,13,50.77173913043478,United Kingdom,6,0.6497865353037766,42405.315,0,Silver
19850.0,55104.96,14,55.72522522522522,United Kingdom,48,0.6294830132939438,55104.96,1,Gold
19851.0,56908.155,14,54.20434782608696,United Kingdom,19,0.592712100139082,56908.155,1,Gold
19852.0,36109.0675,9,61.442622950819676,United Kingdom,277,0.6297931034482759,36109.0675,0,Silver
19853.0,47782.53,12,55.810679611650485,United Kingdom,7,0.5559817351598173,47782.53,0,Silver
19854.0,32893.3325,6,65.35106382978724,Germany,21,0.38450526315789474,32893.3325,0,Bronze
19855.0,69020.705,17,58.71311475409836,United Kingdom,3,0.7329745042492919,69020.705,1,Gold
19856.0,46042.56,10,58.5625,United Kingdom,7,0.5575091575091575,46042.56,0,Silver
19857.0,61689.157499999994,15,61.91818181818182,United Kingdom,36,0.6907715582450832,61689.157499999994,1,Gold
19859.0,18933.68,8,51.660714285714285,United Kingdom,67,0.4287323943661972,18933.68,0,Bronze
19860.0,15502.965,7,57.857142857142854,Germany,29,0.5622163588390502,15502.965,0,Bronze
19863.0,45274.8275,9,58.34705882352941,United Kingdom,68,0.4195405819295559,45274.8275,0,Silver
19864.0,33781.97,8,53.266666666666666,France,2,0.5282429501084599,33781.97,0,Bronze
19865.0,44856.265,12,52.83510638297872,United Kingdom,31,0.8514685314685314,44856.265,0,Silver
19867.0,22297.6675,8,59.76470588235294,United Kingdom,11,0.3488825214899714,22297.6675,0,Bronze
19868.0,51368.14,15,58.11304347826087,United Kingdom,18,0.6412921348314606,51368.14,0,Gold
19869.0,35537.9475,9,59.291044776119406,United Kingdom,32,0.3902564102564103,35537.9475,0,Silver
19870.0,47069.579999999994,14,49.2,United Kingdom,22,0.614063400576369,47069.579999999994,0,Silver
19871.0,27635.422499999997,6,56.58163265306123,United Kingdom,122,0.5031404958677687,27635.422499999997,0,Bronze
19872.0,18558.295,4,54.763888888888886,Netherlands,75,0.22259597806215722,18558.295,0,Bronze
19873.0,46355.149999999994,10,58.611111111111114,United Kingdom,96,0.5168081494057726,46355.149999999994,0,Silver
19874.0,29972.04,9,50.41891891891892,France,19,0.3891477272727273,29972.04,0,Bronze
19875.0,51396.835,13,60.23737373737374,United Kingdom,32,0.5810866372980911,51396.835,0,Gold
19878.0,49363.255,11,57.58152173913044,USA,5,0.520746500777605,49363.255,0,Gold
19880.0,33842.425,9,53.93835616438356,United Kingdom,114,0.4581270903010034,33842.425,0,Bronze
19881.0,57269.157499999994,12,59.128865979381445,United Kingdom,67,0.6352695652173913,57269.157499999994,1,Gold
19884.0,27972.1875,6,58.95744680851064,United Kingdom,81,0.2964935064935065,27972.1875,0,Bronze
19886.0,26167.75,9,53.57142857142857,France,31,0.39418705035971224,26167.75,0,Bronze
19887.0,26446.765,8,53.42142857142857,United Kingdom,105,0.5547152619589977,26446.765,0,Bronze
19888.0,63522.275,16,57.02212389380531,United Kingdom,21,0.7586292834890966,63522.275,1,Gold
19889.0,49960.665,13,56.29203539823009,United Kingdom,36,0.5653142857142858,49960.665,0,Gold
19890.0,31992.1,8,63.589285714285715,United Kingdom,29,0.343954802259887,31992.1,0,Bronze
19892.0,39705.715,10,53.80722891566265,United Kingdom,17,0.5159322033898306,39705.715,0,Silver
19894.0,33239.085,7,56.7962962962963,United Kingdom,38,0.4153606237816765,33239.085,0,Bronze
19896.0,49789.4525,13,56.07142857142857,USA,27,0.5669340974212035,49789.4525,0,Gold
19898.0,17380.435,5,65.31428571428572,United Kingdom,70,0.23236641221374046,17380.435,0,Bronze
19899.0,28576.664999999997,7,60.763636363636365,United Kingdom,197,0.3938632162661738,28576.664999999997,0,Bronze
19901.0,52073.595,12,57.61363636363637,United Kingdom,15,0.5725391849529781,52073.595,0,Gold
19902.0,65437.072499999995,12,58.074561403508774,United Kingdom,6,0.506629680998613,65437.072499999995,1,Gold
19903.0,42970.965,11,56.747191011235955,United Kingdom,5,0.6617391304347826,42970.965,0,Silver
19904.0,38887.865,10,59.1625,United Kingdom,4,0.5056478405315615,38887.865,0,Silver
19909.0,47878.125,12,52.59782608695652,United Kingdom,41,0.7424390243902439,47878.125,0,Silver
19912.0,46520.5875,9,52.8974358974359,United Kingdom,248,0.5695634095634096,46520.5875,0,Silver
19913.0,10800.765,4,65.58620689655173,United Kingdom,51,0.3478857142857143,10800.765,0,Bronze
19914.0,40597.134999999995,10,57.14492753623188,United Kingdom,12,0.4251396648044693,40597.134999999995,0,Silver
19915.0,57852.415,16,61.45967741935484,France,16,0.6755062413314841,57852.415,1,Gold
19917.0,73883.52,18,57.05,United Kingdom,2,0.7652513966480448,73883.52,1,Gold
19918.0,55327.11,12,59.53157894736842,Portugal,28,0.5270995670995671,55327.11,1,Gold
19919.0,41399.895,11,55.18333333333333,Netherlands,34,0.482478386167147,41399.895,0,Silver
19921.0,36207.795,8,54.34920634920635,United Kingdom,12,0.3483834048640916,36207.795,0,Silver
19922.0,36000.57,11,47.765060240963855,United Kingdom,29,0.5058006042296073,36000.57,0,Silver
19923.0,47083.244999999995,10,59.159574468085104,United Kingdom,16,0.46121212121212124,47083.244999999995,0,Silver
19926.0,38293.31,10,55.117283950617285,United Kingdom,68,0.46402439024390246,38293.31,0,Silver
19927.0,53249.432499999995,11,62.89673913043478,United Kingdom,45,0.5915901060070672,53249.432499999995,1,Gold
19928.0,67914.70999999999,16,57.2008547008547,France,88,0.766992125984252,67914.70999999999,1,Gold
19930.0,43202.68,11,53.82386363636363,United Kingdom,7,0.476980056980057,43202.68,0,Silver
19932.0,32492.28,8,55.528169014084504,United Kingdom,57,0.3902564102564103,32492.28,0,Bronze
19933.0,18029.385,5,56.35897435897436,United Kingdom,3,0.25366666666666665,18029.385,0,Bronze
19934.0,25290.635,5,60.29545454545455,United Kingdom,87,0.3197478991596639,25290.635,0,Bronze
19935.0,34496.965,10,49.89655172413793,United Kingdom,32,0.5107382550335571,34496.965,0,Bronze
19937.0,65341.615,13,59.140625,United Kingdom,8,0.5629018492176388,65341.615,1,Gold
19943.0,20978.3425,8,66.26923076923077,United Kingdom,2,0.43719928186714546,20978.3425,0,Bronze
19945.0,78091.7975,13,57.625,United Kingdom,15,0.5669340974212035,78091.7975,1,Gold
19946.0,32950.22,7,59.26470588235294,United Kingdom,37,0.5463589743589744,32950.22,0,Bronze
19947.0,54295.28999999999,12,57.75,United Kingdom,126,0.6159865092748736,54295.28999999999,1,Gold
19948.0,41457.805,13,58.02105263157895,United Kingdom,43,0.5776934306569343,41457.805,0,Silver
19949.0,30755.922499999997,8,50.439655172413794,United Kingdom,11,0.37580246913580245,30755.922499999997,0,Bronze
19950.0,28156.47,9,52.277027027027025,United Kingdom,246,0.6356380510440836,28156.47,0,Bronze
19951.0,56151.377499999995,14,57.04205607476636,United Kingdom,5,0.5853846153846154,56151.377499999995,1,Gold
19953.0,47211.284999999996,12,58.42553191489362,United Kingdom,26,0.9740800000000001,47211.284999999996,0,Silver
19954.0,33835.295,9,52.76027397260274,United Kingdom,1,0.7464850136239782,33835.295,0,Bronze
19957.0,54172.305,14,56.230088495575224,United Kingdom,7,0.6002253521126761,54172.305,1,Gold
19958.0,29191.6475,9,61.166666666666664,Germany,80,0.43903846153846154,29191.6475,0,Bronze
19961.0,58750.09,14,57.54237288135593,United Kingdom,5,0.6456969696969697,58750.09,1,Gold
19962.0,49884.8325,10,57.3494623655914,United Kingdom,15,0.6174442190669372,49884.8325,0,Gold
19964.0,34052.8725,9,56.291666666666664,United Kingdom,18,0.41135135135135137,34052.8725,0,Bronze
19967.0,54497.1175,10,60.71875,USA,36,0.43988439306358385,54497.1175,1,Gold
19969.0,60330.4425,13,60.319047619047616,United Kingdom,11,0.7466415094339623,60330.4425,1,Gold
19970.0,48082.14,13,58.025252525252526,United Kingdom,24,0.6707118644067798,48082.14,0,Silver
19971.0,44769.445,9,54.1948051948052,United Kingdom,12,0.42606531881804044,44769.445,0,Silver
19975.0,66877.405,14,61.37735849056604,United Kingdom,22,0.6596904024767802,66877.405,1,Gold
19976.0,68788.61499999999,15,57.752100840336134,Spain,26,0.6569784172661871,68788.61499999999,1,Gold
19977.0,18848.649999999998,7,53.31521739130435,France,57,0.33984051036682617,18848.649999999998,0,Bronze
19980.0,16043.779999999999,5,54.86764705882353,United Kingdom,5,0.3805,16043.779999999999,0,Bronze
19981.0,54724.07,13,66.24096385542168,United Kingdom,67,0.762466281310212,54724.07,1,Gold
19982.0,18553.31,6,54.3,United Kingdom,22,0.3595275590551181,18553.31,0,Bronze
19984.0,52964.0475,13,58.292792792792795,United Kingdom,4,0.5503755215577191,52964.0475,1,Gold
19986.0,26595.24,9,57.78030303030303,United Kingdom,27,0.46121212121212124,26595.24,0,Bronze
19988.0,48314.4575,12,60.59659090909091,United Kingdom,62,0.5403550295857988,48314.4575,0,Silver
19989.0,16409.36,6,57.62264150943396,United Kingdom,66,0.38942430703624736,16409.36,0,Bronze
19990.0,35192.89,11,56.02325581395349,United Kingdom,9,0.48109195402298854,35192.89,0,Bronze
19991.0,36939.885,9,57.976190476190474,United Kingdom,57,0.48063157894736847,36939.885,0,Silver
19992.0,22908.11,7,63.86,United Kingdom,13,0.34423263327948306,22908.11,0,Bronze
19993.0,43921.5625,9,59.264367816091955,United Kingdom,2,0.5278612716763006,43921.5625,0,Silver
19994.0,30595.5025,8,52.58695652173913,Netherlands,32,0.5062785862785862,30595.5025,0,Bronze
19995.0,69459.545,16,66.38492063492063,United Kingdom,13,0.6773852573018081,69459.545,1,Gold
19996.0,31925.995,10,57.16216216216216,United Kingdom,16,0.6840449438202247,31925.995,0,Bronze
19997.0,34915.9575,8,57.607142857142854,United Kingdom,29,0.34640113798008537,34915.9575,0,Bronze
19998.0,48424.0625,9,53.81764705882353,United Kingdom,156,0.4892142857142857,48424.0625,0,Silver
